condition,case,left,right,metric,difference,ci_low,ci_high,n_model_seeds,n_streams,n_boot
fixed,clean,spike__current_periodic__block_refine2,spike__lag_periodic__block_refine2,mean_stream_bler,0.0,0.0,0.0,5,60,2000
fixed,clean,spike__current_periodic__block_refine2,spike__lag_periodic__block_refine2,mean_stream_goodput_per_transmitted_symbol,0.0,0.0,0.0,5,60,2000
fixed,clean,spike__current_periodic__block_refine2,spike__lag_periodic__block_refine2,mean_stream_first_word_failure,0.0,0.0,0.0,5,60,2000
fixed,clean,spike__current_guard8__block_refine2,spike__lag_guard8__block_refine2,mean_stream_bler,0.0,0.0,0.0,5,60,2000
fixed,clean,spike__current_guard8__block_refine2,spike__lag_guard8__block_refine2,mean_stream_goodput_per_transmitted_symbol,0.0,0.0,0.0,5,60,2000
fixed,clean,spike__current_guard8__block_refine2,spike__lag_guard8__block_refine2,mean_stream_first_word_failure,0.0,0.0,0.0,5,60,2000
fixed,clean,spike__refresh_guard8__block_refine2,spike__current_guard8__block_refine2,mean_stream_bler,0.0,0.0,0.0,5,60,2000
fixed,clean,spike__refresh_guard8__block_refine2,spike__current_guard8__block_refine2,mean_stream_goodput_per_transmitted_symbol,0.0,0.0,0.0,5,60,2000
fixed,clean,spike__refresh_guard8__block_refine2,spike__current_guard8__block_refine2,mean_stream_first_word_failure,0.0,0.0,0.0,5,60,2000
fixed,clean,spike__rescue_guard8__block_refine2,spike__refresh_guard8__block_refine2,mean_stream_bler,0.0,0.0,0.0,5,60,2000
fixed,clean,spike__rescue_guard8__block_refine2,spike__refresh_guard8__block_refine2,mean_stream_goodput_per_transmitted_symbol,0.0,0.0,0.0,5,60,2000
fixed,clean,spike__rescue_guard8__block_refine2,spike__refresh_guard8__block_refine2,mean_stream_first_word_failure,0.0,0.0,0.0,5,60,2000
fixed,clean,spike__rescue_periodic__block_refine2,spike__current_periodic__block_refine2,mean_stream_bler,0.0,0.0,0.0,5,60,2000
fixed,clean,spike__rescue_periodic__block_refine2,spike__current_periodic__block_refine2,mean_stream_goodput_per_transmitted_symbol,0.0,0.0,0.0,5,60,2000
fixed,clean,spike__rescue_periodic__block_refine2,spike__current_periodic__block_refine2,mean_stream_first_word_failure,0.0,0.0,0.0,5,60,2000
fixed,clean,spike__current_guard8__block_refine2,spike__current_periodic__block_refine2,mean_stream_bler,0.0,0.0,0.0,5,60,2000
fixed,clean,spike__current_guard8__block_refine2,spike__current_periodic__block_refine2,mean_stream_goodput_per_transmitted_symbol,0.0,0.0,0.0,5,60,2000
fixed,clean,spike__current_guard8__block_refine2,spike__current_periodic__block_refine2,mean_stream_first_word_failure,0.0,0.0,0.0,5,60,2000
fixed,clean,spike__refresh_guard8__block_refine2,spike__current_periodic__block_refine2,mean_stream_bler,0.0,0.0,0.0,5,60,2000
fixed,clean,spike__refresh_guard8__block_refine2,spike__current_periodic__block_refine2,mean_stream_goodput_per_transmitted_symbol,0.0,0.0,0.0,5,60,2000
fixed,clean,spike__refresh_guard8__block_refine2,spike__current_periodic__block_refine2,mean_stream_first_word_failure,0.0,0.0,0.0,5,60,2000
fixed,clean,spike__rescue_guard8__block_refine2,spike__current_periodic__block_refine2,mean_stream_bler,0.0,0.0,0.0,5,60,2000
fixed,clean,spike__rescue_guard8__block_refine2,spike__current_periodic__block_refine2,mean_stream_goodput_per_transmitted_symbol,0.0,0.0,0.0,5,60,2000
fixed,clean,spike__rescue_guard8__block_refine2,spike__current_periodic__block_refine2,mean_stream_first_word_failure,0.0,0.0,0.0,5,60,2000
fixed,clean,spike__current_periodic__block_refine2,rule__rule__block_refine2,mean_stream_bler,0.0,0.0,0.0,5,60,2000
fixed,clean,spike__current_periodic__block_refine2,rule__rule__block_refine2,mean_stream_goodput_per_transmitted_symbol,0.0,0.0,0.0,5,60,2000
fixed,clean,spike__current_periodic__block_refine2,rule__rule__block_refine2,mean_stream_first_word_failure,0.0,0.0,0.0,5,60,2000
fixed,clean,spike__rescue_guard8__block_refine2,rule__rule__block_refine2,mean_stream_bler,0.0,0.0,0.0,5,60,2000
fixed,clean,spike__rescue_guard8__block_refine2,rule__rule__block_refine2,mean_stream_goodput_per_transmitted_symbol,0.0,0.0,0.0,5,60,2000
fixed,clean,spike__rescue_guard8__block_refine2,rule__rule__block_refine2,mean_stream_first_word_failure,0.0,0.0,0.0,5,60,2000
fixed,clean,spike__rescue_periodic__block_refine2,rule__rule__block_refine2,mean_stream_bler,0.0,0.0,0.0,5,60,2000
fixed,clean,spike__rescue_periodic__block_refine2,rule__rule__block_refine2,mean_stream_goodput_per_transmitted_symbol,0.0,0.0,0.0,5,60,2000
fixed,clean,spike__rescue_periodic__block_refine2,rule__rule__block_refine2,mean_stream_first_word_failure,0.0,0.0,0.0,5,60,2000
fixed,clean,analog_delta__current_periodic__block_refine2,analog_delta__lag_periodic__block_refine2,mean_stream_bler,0.0,0.0,0.0,5,60,2000
fixed,clean,analog_delta__current_periodic__block_refine2,analog_delta__lag_periodic__block_refine2,mean_stream_goodput_per_transmitted_symbol,0.0,0.0,0.0,5,60,2000
fixed,clean,analog_delta__current_periodic__block_refine2,analog_delta__lag_periodic__block_refine2,mean_stream_first_word_failure,0.0,0.0,0.0,5,60,2000
fixed,clean,analog_delta__current_guard8__block_refine2,analog_delta__lag_guard8__block_refine2,mean_stream_bler,0.0,0.0,0.0,5,60,2000
fixed,clean,analog_delta__current_guard8__block_refine2,analog_delta__lag_guard8__block_refine2,mean_stream_goodput_per_transmitted_symbol,0.0,0.0,0.0,5,60,2000
fixed,clean,analog_delta__current_guard8__block_refine2,analog_delta__lag_guard8__block_refine2,mean_stream_first_word_failure,0.0,0.0,0.0,5,60,2000
fixed,clean,analog_delta__refresh_guard8__block_refine2,analog_delta__current_guard8__block_refine2,mean_stream_bler,0.0,0.0,0.0,5,60,2000
fixed,clean,analog_delta__refresh_guard8__block_refine2,analog_delta__current_guard8__block_refine2,mean_stream_goodput_per_transmitted_symbol,0.0,0.0,0.0,5,60,2000
fixed,clean,analog_delta__refresh_guard8__block_refine2,analog_delta__current_guard8__block_refine2,mean_stream_first_word_failure,0.0,0.0,0.0,5,60,2000
fixed,clean,analog_delta__rescue_guard8__block_refine2,analog_delta__refresh_guard8__block_refine2,mean_stream_bler,0.0,0.0,0.0,5,60,2000
fixed,clean,analog_delta__rescue_guard8__block_refine2,analog_delta__refresh_guard8__block_refine2,mean_stream_goodput_per_transmitted_symbol,0.0,0.0,0.0,5,60,2000
fixed,clean,analog_delta__rescue_guard8__block_refine2,analog_delta__refresh_guard8__block_refine2,mean_stream_first_word_failure,0.0,0.0,0.0,5,60,2000
fixed,clean,analog_delta__rescue_periodic__block_refine2,analog_delta__current_periodic__block_refine2,mean_stream_bler,0.0,0.0,0.0,5,60,2000
fixed,clean,analog_delta__rescue_periodic__block_refine2,analog_delta__current_periodic__block_refine2,mean_stream_goodput_per_transmitted_symbol,0.0,0.0,0.0,5,60,2000
fixed,clean,analog_delta__rescue_periodic__block_refine2,analog_delta__current_periodic__block_refine2,mean_stream_first_word_failure,0.0,0.0,0.0,5,60,2000
fixed,clean,analog_delta__current_guard8__block_refine2,analog_delta__current_periodic__block_refine2,mean_stream_bler,0.0,0.0,0.0,5,60,2000
fixed,clean,analog_delta__current_guard8__block_refine2,analog_delta__current_periodic__block_refine2,mean_stream_goodput_per_transmitted_symbol,0.0,0.0,0.0,5,60,2000
fixed,clean,analog_delta__current_guard8__block_refine2,analog_delta__current_periodic__block_refine2,mean_stream_first_word_failure,0.0,0.0,0.0,5,60,2000
fixed,clean,analog_delta__refresh_guard8__block_refine2,analog_delta__current_periodic__block_refine2,mean_stream_bler,0.0,0.0,0.0,5,60,2000
fixed,clean,analog_delta__refresh_guard8__block_refine2,analog_delta__current_periodic__block_refine2,mean_stream_goodput_per_transmitted_symbol,0.0,0.0,0.0,5,60,2000
fixed,clean,analog_delta__refresh_guard8__block_refine2,analog_delta__current_periodic__block_refine2,mean_stream_first_word_failure,0.0,0.0,0.0,5,60,2000
fixed,clean,analog_delta__rescue_guard8__block_refine2,analog_delta__current_periodic__block_refine2,mean_stream_bler,0.0,0.0,0.0,5,60,2000
fixed,clean,analog_delta__rescue_guard8__block_refine2,analog_delta__current_periodic__block_refine2,mean_stream_goodput_per_transmitted_symbol,0.0,0.0,0.0,5,60,2000
fixed,clean,analog_delta__rescue_guard8__block_refine2,analog_delta__current_periodic__block_refine2,mean_stream_first_word_failure,0.0,0.0,0.0,5,60,2000
fixed,clean,analog_delta__current_periodic__block_refine2,rule__rule__block_refine2,mean_stream_bler,0.0,0.0,0.0,5,60,2000
fixed,clean,analog_delta__current_periodic__block_refine2,rule__rule__block_refine2,mean_stream_goodput_per_transmitted_symbol,0.0,0.0,0.0,5,60,2000
fixed,clean,analog_delta__current_periodic__block_refine2,rule__rule__block_refine2,mean_stream_first_word_failure,0.0,0.0,0.0,5,60,2000
fixed,clean,analog_delta__rescue_guard8__block_refine2,rule__rule__block_refine2,mean_stream_bler,0.0,0.0,0.0,5,60,2000
fixed,clean,analog_delta__rescue_guard8__block_refine2,rule__rule__block_refine2,mean_stream_goodput_per_transmitted_symbol,0.0,0.0,0.0,5,60,2000
fixed,clean,analog_delta__rescue_guard8__block_refine2,rule__rule__block_refine2,mean_stream_first_word_failure,0.0,0.0,0.0,5,60,2000
fixed,clean,analog_delta__rescue_periodic__block_refine2,rule__rule__block_refine2,mean_stream_bler,0.0,0.0,0.0,5,60,2000
fixed,clean,analog_delta__rescue_periodic__block_refine2,rule__rule__block_refine2,mean_stream_goodput_per_transmitted_symbol,0.0,0.0,0.0,5,60,2000
fixed,clean,analog_delta__rescue_periodic__block_refine2,rule__rule__block_refine2,mean_stream_first_word_failure,0.0,0.0,0.0,5,60,2000
fixed,clean,spike__lag_periodic__block_refine2,analog_delta__lag_periodic__block_refine2,mean_stream_bler,0.0,0.0,0.0,5,60,2000
fixed,clean,spike__lag_periodic__block_refine2,analog_delta__lag_periodic__block_refine2,mean_stream_goodput_per_transmitted_symbol,0.0,0.0,0.0,5,60,2000
fixed,clean,spike__lag_periodic__block_refine2,analog_delta__lag_periodic__block_refine2,mean_stream_first_word_failure,0.0,0.0,0.0,5,60,2000
fixed,clean,spike__current_periodic__block_refine2,analog_delta__current_periodic__block_refine2,mean_stream_bler,0.0,0.0,0.0,5,60,2000
fixed,clean,spike__current_periodic__block_refine2,analog_delta__current_periodic__block_refine2,mean_stream_goodput_per_transmitted_symbol,0.0,0.0,0.0,5,60,2000
fixed,clean,spike__current_periodic__block_refine2,analog_delta__current_periodic__block_refine2,mean_stream_first_word_failure,0.0,0.0,0.0,5,60,2000
fixed,clean,spike__lag_guard8__block_refine2,analog_delta__lag_guard8__block_refine2,mean_stream_bler,0.0,0.0,0.0,5,60,2000
fixed,clean,spike__lag_guard8__block_refine2,analog_delta__lag_guard8__block_refine2,mean_stream_goodput_per_transmitted_symbol,0.0,0.0,0.0,5,60,2000
fixed,clean,spike__lag_guard8__block_refine2,analog_delta__lag_guard8__block_refine2,mean_stream_first_word_failure,0.0,0.0,0.0,5,60,2000
fixed,clean,spike__current_guard8__block_refine2,analog_delta__current_guard8__block_refine2,mean_stream_bler,0.0,0.0,0.0,5,60,2000
fixed,clean,spike__current_guard8__block_refine2,analog_delta__current_guard8__block_refine2,mean_stream_goodput_per_transmitted_symbol,0.0,0.0,0.0,5,60,2000
fixed,clean,spike__current_guard8__block_refine2,analog_delta__current_guard8__block_refine2,mean_stream_first_word_failure,0.0,0.0,0.0,5,60,2000
fixed,clean,spike__refresh_guard8__block_refine2,analog_delta__refresh_guard8__block_refine2,mean_stream_bler,0.0,0.0,0.0,5,60,2000
fixed,clean,spike__refresh_guard8__block_refine2,analog_delta__refresh_guard8__block_refine2,mean_stream_goodput_per_transmitted_symbol,0.0,0.0,0.0,5,60,2000
fixed,clean,spike__refresh_guard8__block_refine2,analog_delta__refresh_guard8__block_refine2,mean_stream_first_word_failure,0.0,0.0,0.0,5,60,2000
fixed,clean,spike__rescue_guard8__block_refine2,analog_delta__rescue_guard8__block_refine2,mean_stream_bler,0.0,0.0,0.0,5,60,2000
fixed,clean,spike__rescue_guard8__block_refine2,analog_delta__rescue_guard8__block_refine2,mean_stream_goodput_per_transmitted_symbol,0.0,0.0,0.0,5,60,2000
fixed,clean,spike__rescue_guard8__block_refine2,analog_delta__rescue_guard8__block_refine2,mean_stream_first_word_failure,0.0,0.0,0.0,5,60,2000
fixed,clean,spike__rescue_periodic__block_refine2,analog_delta__rescue_periodic__block_refine2,mean_stream_bler,0.0,0.0,0.0,5,60,2000
fixed,clean,spike__rescue_periodic__block_refine2,analog_delta__rescue_periodic__block_refine2,mean_stream_goodput_per_transmitted_symbol,0.0,0.0,0.0,5,60,2000
fixed,clean,spike__rescue_periodic__block_refine2,analog_delta__rescue_periodic__block_refine2,mean_stream_first_word_failure,0.0,0.0,0.0,5,60,2000
fixed,nominal,spike__current_periodic__block_refine2,spike__lag_periodic__block_refine2,mean_stream_bler,-0.05347222222222223,-0.07384837962962963,-0.03333333333333333,5,60,2000
fixed,nominal,spike__current_periodic__block_refine2,spike__lag_periodic__block_refine2,mean_stream_goodput_per_transmitted_symbol,0.029045045045045036,0.01787387387387387,0.040216216216216204,5,60,2000
fixed,nominal,spike__current_periodic__block_refine2,spike__lag_periodic__block_refine2,mean_stream_first_word_failure,-0.15,-0.2833333333333333,-0.05,5,60,2000
fixed,nominal,spike__current_guard8__block_refine2,spike__lag_guard8__block_refine2,mean_stream_bler,-0.03518518518518519,-0.051626157407407405,-0.020833333333333332,5,60,2000
fixed,nominal,spike__current_guard8__block_refine2,spike__lag_guard8__block_refine2,mean_stream_goodput_per_transmitted_symbol,0.018990990990990986,0.011171171171171168,0.02792792792792792,5,60,2000
fixed,nominal,spike__current_guard8__block_refine2,spike__lag_guard8__block_refine2,mean_stream_first_word_failure,-0.08333333333333333,-0.2,0.0,5,60,2000
fixed,nominal,spike__refresh_guard8__block_refine2,spike__current_guard8__block_refine2,mean_stream_bler,-0.06157407407407407,-0.0935185185185185,-0.032638888888888884,5,60,2000
fixed,nominal,spike__refresh_guard8__block_refine2,spike__current_guard8__block_refine2,mean_stream_goodput_per_transmitted_symbol,0.033513513513513504,0.017873873873873868,0.05027027027027026,5,60,2000
fixed,nominal,spike__refresh_guard8__block_refine2,spike__current_guard8__block_refine2,mean_stream_first_word_failure,-0.06666666666666667,-0.13333333333333333,0.0,5,60,2000
fixed,nominal,spike__rescue_guard8__block_refine2,spike__refresh_guard8__block_refine2,mean_stream_bler,0.020833333333333332,0.00625,0.041666666666666664,5,60,2000
fixed,nominal,spike__rescue_guard8__block_refine2,spike__refresh_guard8__block_refine2,mean_stream_goodput_per_transmitted_symbol,-0.011171171171171168,-0.022342342342342336,-0.00335135135135135,5,60,2000
fixed,nominal,spike__rescue_guard8__block_refine2,spike__refresh_guard8__block_refine2,mean_stream_first_word_failure,0.0,0.0,0.0,5,60,2000
fixed,nominal,spike__rescue_periodic__block_refine2,spike__current_periodic__block_refine2,mean_stream_bler,0.020833333333333332,0.00625,0.041666666666666664,5,60,2000
fixed,nominal,spike__rescue_periodic__block_refine2,spike__current_periodic__block_refine2,mean_stream_goodput_per_transmitted_symbol,-0.011171171171171168,-0.022342342342342336,-0.00335135135135135,5,60,2000
fixed,nominal,spike__rescue_periodic__block_refine2,spike__current_periodic__block_refine2,mean_stream_first_word_failure,0.0,0.0,0.0,5,60,2000
fixed,nominal,spike__current_guard8__block_refine2,spike__current_periodic__block_refine2,mean_stream_bler,0.06157407407407407,0.032638888888888884,0.0935185185185185,5,60,2000
fixed,nominal,spike__current_guard8__block_refine2,spike__current_periodic__block_refine2,mean_stream_goodput_per_transmitted_symbol,-0.033513513513513504,-0.05027027027027026,-0.017873873873873868,5,60,2000
fixed,nominal,spike__current_guard8__block_refine2,spike__current_periodic__block_refine2,mean_stream_first_word_failure,0.06666666666666667,0.0,0.13333333333333333,5,60,2000
fixed,nominal,spike__refresh_guard8__block_refine2,spike__current_periodic__block_refine2,mean_stream_bler,0.0,0.0,0.0,5,60,2000
fixed,nominal,spike__refresh_guard8__block_refine2,spike__current_periodic__block_refine2,mean_stream_goodput_per_transmitted_symbol,0.0,0.0,0.0,5,60,2000
fixed,nominal,spike__refresh_guard8__block_refine2,spike__current_periodic__block_refine2,mean_stream_first_word_failure,0.0,0.0,0.0,5,60,2000
fixed,nominal,spike__rescue_guard8__block_refine2,spike__current_periodic__block_refine2,mean_stream_bler,0.020833333333333332,0.00625,0.041666666666666664,5,60,2000
fixed,nominal,spike__rescue_guard8__block_refine2,spike__current_periodic__block_refine2,mean_stream_goodput_per_transmitted_symbol,-0.011171171171171168,-0.022342342342342336,-0.00335135135135135,5,60,2000
fixed,nominal,spike__rescue_guard8__block_refine2,spike__current_periodic__block_refine2,mean_stream_first_word_failure,0.0,0.0,0.0,5,60,2000
fixed,nominal,spike__current_periodic__block_refine2,rule__rule__block_refine2,mean_stream_bler,-0.033101851851851855,-0.05972222222222222,-0.009953703703703702,5,60,2000
fixed,nominal,spike__current_periodic__block_refine2,rule__rule__block_refine2,mean_stream_goodput_per_transmitted_symbol,0.017873873873873868,0.005585585585585584,0.03239639639639639,5,60,2000
fixed,nominal,spike__current_periodic__block_refine2,rule__rule__block_refine2,mean_stream_first_word_failure,0.0,0.0,0.0,5,60,2000
fixed,nominal,spike__rescue_guard8__block_refine2,rule__rule__block_refine2,mean_stream_bler,-0.012268518518518519,-0.027083333333333334,0.0041666666666666675,5,60,2000
fixed,nominal,spike__rescue_guard8__block_refine2,rule__rule__block_refine2,mean_stream_goodput_per_transmitted_symbol,0.006702702702702701,-0.0022342342342342334,0.01452252252252252,5,60,2000
fixed,nominal,spike__rescue_guard8__block_refine2,rule__rule__block_refine2,mean_stream_first_word_failure,0.0,0.0,0.0,5,60,2000
fixed,nominal,spike__rescue_periodic__block_refine2,rule__rule__block_refine2,mean_stream_bler,-0.012268518518518519,-0.027083333333333334,0.0041666666666666675,5,60,2000
fixed,nominal,spike__rescue_periodic__block_refine2,rule__rule__block_refine2,mean_stream_goodput_per_transmitted_symbol,0.006702702702702701,-0.0022342342342342334,0.01452252252252252,5,60,2000
fixed,nominal,spike__rescue_periodic__block_refine2,rule__rule__block_refine2,mean_stream_first_word_failure,0.0,0.0,0.0,5,60,2000
fixed,nominal,analog_delta__current_periodic__block_refine2,analog_delta__lag_periodic__block_refine2,mean_stream_bler,-0.05347222222222223,-0.07384837962962963,-0.03333333333333333,5,60,2000
fixed,nominal,analog_delta__current_periodic__block_refine2,analog_delta__lag_periodic__block_refine2,mean_stream_goodput_per_transmitted_symbol,0.029045045045045036,0.01787387387387387,0.040216216216216204,5,60,2000
fixed,nominal,analog_delta__current_periodic__block_refine2,analog_delta__lag_periodic__block_refine2,mean_stream_first_word_failure,-0.15,-0.2833333333333333,-0.05,5,60,2000
fixed,nominal,analog_delta__current_guard8__block_refine2,analog_delta__lag_guard8__block_refine2,mean_stream_bler,-0.05347222222222223,-0.07384837962962963,-0.03333333333333333,5,60,2000
fixed,nominal,analog_delta__current_guard8__block_refine2,analog_delta__lag_guard8__block_refine2,mean_stream_goodput_per_transmitted_symbol,0.029045045045045036,0.01787387387387387,0.040216216216216204,5,60,2000
fixed,nominal,analog_delta__current_guard8__block_refine2,analog_delta__lag_guard8__block_refine2,mean_stream_first_word_failure,-0.15,-0.2833333333333333,-0.05,5,60,2000
fixed,nominal,analog_delta__refresh_guard8__block_refine2,analog_delta__current_guard8__block_refine2,mean_stream_bler,0.0,0.0,0.0,5,60,2000
fixed,nominal,analog_delta__refresh_guard8__block_refine2,analog_delta__current_guard8__block_refine2,mean_stream_goodput_per_transmitted_symbol,0.0,0.0,0.0,5,60,2000
fixed,nominal,analog_delta__refresh_guard8__block_refine2,analog_delta__current_guard8__block_refine2,mean_stream_first_word_failure,0.0,0.0,0.0,5,60,2000
fixed,nominal,analog_delta__rescue_guard8__block_refine2,analog_delta__refresh_guard8__block_refine2,mean_stream_bler,0.020833333333333332,0.00625,0.041666666666666664,5,60,2000
fixed,nominal,analog_delta__rescue_guard8__block_refine2,analog_delta__refresh_guard8__block_refine2,mean_stream_goodput_per_transmitted_symbol,-0.011171171171171168,-0.022342342342342336,-0.00335135135135135,5,60,2000
fixed,nominal,analog_delta__rescue_guard8__block_refine2,analog_delta__refresh_guard8__block_refine2,mean_stream_first_word_failure,0.0,0.0,0.0,5,60,2000
fixed,nominal,analog_delta__rescue_periodic__block_refine2,analog_delta__current_periodic__block_refine2,mean_stream_bler,0.020833333333333332,0.00625,0.041666666666666664,5,60,2000
fixed,nominal,analog_delta__rescue_periodic__block_refine2,analog_delta__current_periodic__block_refine2,mean_stream_goodput_per_transmitted_symbol,-0.011171171171171168,-0.022342342342342336,-0.00335135135135135,5,60,2000
fixed,nominal,analog_delta__rescue_periodic__block_refine2,analog_delta__current_periodic__block_refine2,mean_stream_first_word_failure,0.0,0.0,0.0,5,60,2000
fixed,nominal,analog_delta__current_guard8__block_refine2,analog_delta__current_periodic__block_refine2,mean_stream_bler,0.0,0.0,0.0,5,60,2000
fixed,nominal,analog_delta__current_guard8__block_refine2,analog_delta__current_periodic__block_refine2,mean_stream_goodput_per_transmitted_symbol,0.0,0.0,0.0,5,60,2000
fixed,nominal,analog_delta__current_guard8__block_refine2,analog_delta__current_periodic__block_refine2,mean_stream_first_word_failure,0.0,0.0,0.0,5,60,2000
fixed,nominal,analog_delta__refresh_guard8__block_refine2,analog_delta__current_periodic__block_refine2,mean_stream_bler,0.0,0.0,0.0,5,60,2000
fixed,nominal,analog_delta__refresh_guard8__block_refine2,analog_delta__current_periodic__block_refine2,mean_stream_goodput_per_transmitted_symbol,0.0,0.0,0.0,5,60,2000
fixed,nominal,analog_delta__refresh_guard8__block_refine2,analog_delta__current_periodic__block_refine2,mean_stream_first_word_failure,0.0,0.0,0.0,5,60,2000
fixed,nominal,analog_delta__rescue_guard8__block_refine2,analog_delta__current_periodic__block_refine2,mean_stream_bler,0.020833333333333332,0.00625,0.041666666666666664,5,60,2000
fixed,nominal,analog_delta__rescue_guard8__block_refine2,analog_delta__current_periodic__block_refine2,mean_stream_goodput_per_transmitted_symbol,-0.011171171171171168,-0.022342342342342336,-0.00335135135135135,5,60,2000
fixed,nominal,analog_delta__rescue_guard8__block_refine2,analog_delta__current_periodic__block_refine2,mean_stream_first_word_failure,0.0,0.0,0.0,5,60,2000
fixed,nominal,analog_delta__current_periodic__block_refine2,rule__rule__block_refine2,mean_stream_bler,-0.033101851851851855,-0.05972222222222222,-0.009953703703703702,5,60,2000
fixed,nominal,analog_delta__current_periodic__block_refine2,rule__rule__block_refine2,mean_stream_goodput_per_transmitted_symbol,0.017873873873873868,0.005585585585585584,0.03239639639639639,5,60,2000
fixed,nominal,analog_delta__current_periodic__block_refine2,rule__rule__block_refine2,mean_stream_first_word_failure,0.0,0.0,0.0,5,60,2000
fixed,nominal,analog_delta__rescue_guard8__block_refine2,rule__rule__block_refine2,mean_stream_bler,-0.012268518518518519,-0.027083333333333334,0.0041666666666666675,5,60,2000
fixed,nominal,analog_delta__rescue_guard8__block_refine2,rule__rule__block_refine2,mean_stream_goodput_per_transmitted_symbol,0.006702702702702701,-0.0022342342342342334,0.01452252252252252,5,60,2000
fixed,nominal,analog_delta__rescue_guard8__block_refine2,rule__rule__block_refine2,mean_stream_first_word_failure,0.0,0.0,0.0,5,60,2000
fixed,nominal,analog_delta__rescue_periodic__block_refine2,rule__rule__block_refine2,mean_stream_bler,-0.012268518518518519,-0.027083333333333334,0.0041666666666666675,5,60,2000
fixed,nominal,analog_delta__rescue_periodic__block_refine2,rule__rule__block_refine2,mean_stream_goodput_per_transmitted_symbol,0.006702702702702701,-0.0022342342342342334,0.01452252252252252,5,60,2000
fixed,nominal,analog_delta__rescue_periodic__block_refine2,rule__rule__block_refine2,mean_stream_first_word_failure,0.0,0.0,0.0,5,60,2000
fixed,nominal,spike__lag_periodic__block_refine2,analog_delta__lag_periodic__block_refine2,mean_stream_bler,0.0,0.0,0.0,5,60,2000
fixed,nominal,spike__lag_periodic__block_refine2,analog_delta__lag_periodic__block_refine2,mean_stream_goodput_per_transmitted_symbol,0.0,0.0,0.0,5,60,2000
fixed,nominal,spike__lag_periodic__block_refine2,analog_delta__lag_periodic__block_refine2,mean_stream_first_word_failure,0.0,0.0,0.0,5,60,2000
fixed,nominal,spike__current_periodic__block_refine2,analog_delta__current_periodic__block_refine2,mean_stream_bler,0.0,0.0,0.0,5,60,2000
fixed,nominal,spike__current_periodic__block_refine2,analog_delta__current_periodic__block_refine2,mean_stream_goodput_per_transmitted_symbol,0.0,0.0,0.0,5,60,2000
fixed,nominal,spike__current_periodic__block_refine2,analog_delta__current_periodic__block_refine2,mean_stream_first_word_failure,0.0,0.0,0.0,5,60,2000
fixed,nominal,spike__lag_guard8__block_refine2,analog_delta__lag_guard8__block_refine2,mean_stream_bler,0.04328703703703704,0.016666666666666666,0.07616898148148143,5,60,2000
fixed,nominal,spike__lag_guard8__block_refine2,analog_delta__lag_guard8__block_refine2,mean_stream_goodput_per_transmitted_symbol,-0.02345945945945945,-0.04133333333333332,-0.008936936936936934,5,60,2000
fixed,nominal,spike__lag_guard8__block_refine2,analog_delta__lag_guard8__block_refine2,mean_stream_first_word_failure,0.0,0.0,0.0,5,60,2000
fixed,nominal,spike__current_guard8__block_refine2,analog_delta__current_guard8__block_refine2,mean_stream_bler,0.06157407407407407,0.032638888888888884,0.0935185185185185,5,60,2000
fixed,nominal,spike__current_guard8__block_refine2,analog_delta__current_guard8__block_refine2,mean_stream_goodput_per_transmitted_symbol,-0.033513513513513504,-0.05027027027027026,-0.017873873873873868,5,60,2000
fixed,nominal,spike__current_guard8__block_refine2,analog_delta__current_guard8__block_refine2,mean_stream_first_word_failure,0.06666666666666667,0.0,0.13333333333333333,5,60,2000
fixed,nominal,spike__refresh_guard8__block_refine2,analog_delta__refresh_guard8__block_refine2,mean_stream_bler,0.0,0.0,0.0,5,60,2000
fixed,nominal,spike__refresh_guard8__block_refine2,analog_delta__refresh_guard8__block_refine2,mean_stream_goodput_per_transmitted_symbol,0.0,0.0,0.0,5,60,2000
fixed,nominal,spike__refresh_guard8__block_refine2,analog_delta__refresh_guard8__block_refine2,mean_stream_first_word_failure,0.0,0.0,0.0,5,60,2000
fixed,nominal,spike__rescue_guard8__block_refine2,analog_delta__rescue_guard8__block_refine2,mean_stream_bler,0.0,0.0,0.0,5,60,2000
fixed,nominal,spike__rescue_guard8__block_refine2,analog_delta__rescue_guard8__block_refine2,mean_stream_goodput_per_transmitted_symbol,0.0,0.0,0.0,5,60,2000
fixed,nominal,spike__rescue_guard8__block_refine2,analog_delta__rescue_guard8__block_refine2,mean_stream_first_word_failure,0.0,0.0,0.0,5,60,2000
fixed,nominal,spike__rescue_periodic__block_refine2,analog_delta__rescue_periodic__block_refine2,mean_stream_bler,0.0,0.0,0.0,5,60,2000
fixed,nominal,spike__rescue_periodic__block_refine2,analog_delta__rescue_periodic__block_refine2,mean_stream_goodput_per_transmitted_symbol,0.0,0.0,0.0,5,60,2000
fixed,nominal,spike__rescue_periodic__block_refine2,analog_delta__rescue_periodic__block_refine2,mean_stream_first_word_failure,0.0,0.0,0.0,5,60,2000
fixed,short_dwell,spike__current_periodic__block_refine2,spike__lag_periodic__block_refine2,mean_stream_bler,-0.09444444444444443,-0.14170138888888892,-0.049999999999999996,5,60,2000
fixed,short_dwell,spike__current_periodic__block_refine2,spike__lag_periodic__block_refine2,mean_stream_goodput_per_transmitted_symbol,0.043508771929824566,0.02392982456140351,0.06308771929824562,5,60,2000
fixed,short_dwell,spike__current_periodic__block_refine2,spike__lag_periodic__block_refine2,mean_stream_first_word_failure,-0.3333333333333333,-0.4833333333333334,-0.18333333333333332,5,60,2000
fixed,short_dwell,spike__current_guard8__block_refine2,spike__lag_guard8__block_refine2,mean_stream_bler,-0.07777777777777777,-0.12916666666666665,-0.029131944444444627,5,60,2000
fixed,short_dwell,spike__current_guard8__block_refine2,spike__lag_guard8__block_refine2,mean_stream_goodput_per_transmitted_symbol,0.03698245614035089,0.013052631578947373,0.06091228070175439,5,60,2000
fixed,short_dwell,spike__current_guard8__block_refine2,spike__lag_guard8__block_refine2,mean_stream_first_word_failure,-0.21666666666666667,-0.3670833333333334,-0.06666666666666667,5,60,2000
fixed,short_dwell,spike__refresh_guard8__block_refine2,spike__current_guard8__block_refine2,mean_stream_bler,-0.11111111111111112,-0.21666666666666665,-0.03749999999999999,5,60,2000
fixed,short_dwell,spike__refresh_guard8__block_refine2,spike__current_guard8__block_refine2,mean_stream_goodput_per_transmitted_symbol,0.05003508771929824,0.01740350877192982,0.09789473684210524,5,60,2000
fixed,short_dwell,spike__refresh_guard8__block_refine2,spike__current_guard8__block_refine2,mean_stream_first_word_failure,-0.2,-0.3666666666666667,-0.06666666666666667,5,60,2000
fixed,short_dwell,spike__rescue_guard8__block_refine2,spike__refresh_guard8__block_refine2,mean_stream_bler,0.04027777777777777,0.015277777777777776,0.07222222222222222,5,60,2000
fixed,short_dwell,spike__rescue_guard8__block_refine2,spike__refresh_guard8__block_refine2,mean_stream_goodput_per_transmitted_symbol,-0.019578947368421053,-0.03263157894736843,-0.0065263157894736865,5,60,2000
fixed,short_dwell,spike__rescue_guard8__block_refine2,spike__refresh_guard8__block_refine2,mean_stream_first_word_failure,0.016666666666666666,0.0,0.06666666666666667,5,60,2000
fixed,short_dwell,spike__rescue_periodic__block_refine2,spike__current_periodic__block_refine2,mean_stream_bler,0.04027777777777777,0.015277777777777776,0.07222222222222222,5,60,2000
fixed,short_dwell,spike__rescue_periodic__block_refine2,spike__current_periodic__block_refine2,mean_stream_goodput_per_transmitted_symbol,-0.019578947368421053,-0.03263157894736843,-0.0065263157894736865,5,60,2000
fixed,short_dwell,spike__rescue_periodic__block_refine2,spike__current_periodic__block_refine2,mean_stream_first_word_failure,0.016666666666666666,0.0,0.06666666666666667,5,60,2000
fixed,short_dwell,spike__current_guard8__block_refine2,spike__current_periodic__block_refine2,mean_stream_bler,0.11111111111111112,0.03749999999999999,0.21666666666666665,5,60,2000
fixed,short_dwell,spike__current_guard8__block_refine2,spike__current_periodic__block_refine2,mean_stream_goodput_per_transmitted_symbol,-0.05003508771929824,-0.09789473684210524,-0.01740350877192982,5,60,2000
fixed,short_dwell,spike__current_guard8__block_refine2,spike__current_periodic__block_refine2,mean_stream_first_word_failure,0.2,0.06666666666666667,0.3666666666666667,5,60,2000
fixed,short_dwell,spike__refresh_guard8__block_refine2,spike__current_periodic__block_refine2,mean_stream_bler,0.0,0.0,0.0,5,60,2000
fixed,short_dwell,spike__refresh_guard8__block_refine2,spike__current_periodic__block_refine2,mean_stream_goodput_per_transmitted_symbol,0.0,0.0,0.0,5,60,2000
fixed,short_dwell,spike__refresh_guard8__block_refine2,spike__current_periodic__block_refine2,mean_stream_first_word_failure,0.0,0.0,0.0,5,60,2000
fixed,short_dwell,spike__rescue_guard8__block_refine2,spike__current_periodic__block_refine2,mean_stream_bler,0.04027777777777777,0.015277777777777776,0.07222222222222222,5,60,2000
fixed,short_dwell,spike__rescue_guard8__block_refine2,spike__current_periodic__block_refine2,mean_stream_goodput_per_transmitted_symbol,-0.019578947368421053,-0.03263157894736843,-0.0065263157894736865,5,60,2000
fixed,short_dwell,spike__rescue_guard8__block_refine2,spike__current_periodic__block_refine2,mean_stream_first_word_failure,0.016666666666666666,0.0,0.06666666666666667,5,60,2000
fixed,short_dwell,spike__current_periodic__block_refine2,rule__rule__block_refine2,mean_stream_bler,-0.04027777777777777,-0.07222222222222222,-0.015277777777777776,5,60,2000
fixed,short_dwell,spike__current_periodic__block_refine2,rule__rule__block_refine2,mean_stream_goodput_per_transmitted_symbol,0.019578947368421053,0.0065263157894736865,0.03263157894736843,5,60,2000
fixed,short_dwell,spike__current_periodic__block_refine2,rule__rule__block_refine2,mean_stream_first_word_failure,-0.016666666666666666,-0.06666666666666667,0.0,5,60,2000
fixed,short_dwell,spike__rescue_guard8__block_refine2,rule__rule__block_refine2,mean_stream_bler,0.0,0.0,0.0,5,60,2000
fixed,short_dwell,spike__rescue_guard8__block_refine2,rule__rule__block_refine2,mean_stream_goodput_per_transmitted_symbol,0.0,0.0,0.0,5,60,2000
fixed,short_dwell,spike__rescue_guard8__block_refine2,rule__rule__block_refine2,mean_stream_first_word_failure,0.0,0.0,0.0,5,60,2000
fixed,short_dwell,spike__rescue_periodic__block_refine2,rule__rule__block_refine2,mean_stream_bler,0.0,0.0,0.0,5,60,2000
fixed,short_dwell,spike__rescue_periodic__block_refine2,rule__rule__block_refine2,mean_stream_goodput_per_transmitted_symbol,0.0,0.0,0.0,5,60,2000
fixed,short_dwell,spike__rescue_periodic__block_refine2,rule__rule__block_refine2,mean_stream_first_word_failure,0.0,0.0,0.0,5,60,2000
fixed,short_dwell,analog_delta__current_periodic__block_refine2,analog_delta__lag_periodic__block_refine2,mean_stream_bler,-0.09444444444444443,-0.14170138888888892,-0.049999999999999996,5,60,2000
fixed,short_dwell,analog_delta__current_periodic__block_refine2,analog_delta__lag_periodic__block_refine2,mean_stream_goodput_per_transmitted_symbol,0.043508771929824566,0.02392982456140351,0.06308771929824562,5,60,2000
fixed,short_dwell,analog_delta__current_periodic__block_refine2,analog_delta__lag_periodic__block_refine2,mean_stream_first_word_failure,-0.3333333333333333,-0.4833333333333334,-0.18333333333333332,5,60,2000
fixed,short_dwell,analog_delta__current_guard8__block_refine2,analog_delta__lag_guard8__block_refine2,mean_stream_bler,-0.08749999999999998,-0.13055555555555556,-0.048611111111111105,5,60,2000
fixed,short_dwell,analog_delta__current_guard8__block_refine2,analog_delta__lag_guard8__block_refine2,mean_stream_goodput_per_transmitted_symbol,0.04133333333333333,0.02392982456140351,0.06091228070175439,5,60,2000
fixed,short_dwell,analog_delta__current_guard8__block_refine2,analog_delta__lag_guard8__block_refine2,mean_stream_first_word_failure,-0.3,-0.4666666666666667,-0.15,5,60,2000
fixed,short_dwell,analog_delta__refresh_guard8__block_refine2,analog_delta__current_guard8__block_refine2,mean_stream_bler,-0.027777777777777776,-0.07222222222222222,0.0,5,60,2000
fixed,short_dwell,analog_delta__refresh_guard8__block_refine2,analog_delta__current_guard8__block_refine2,mean_stream_goodput_per_transmitted_symbol,0.010877192982456136,0.0,0.02828070175438596,5,60,2000
fixed,short_dwell,analog_delta__refresh_guard8__block_refine2,analog_delta__current_guard8__block_refine2,mean_stream_first_word_failure,-0.05,-0.11666666666666667,0.0,5,60,2000
fixed,short_dwell,analog_delta__rescue_guard8__block_refine2,analog_delta__refresh_guard8__block_refine2,mean_stream_bler,0.04027777777777777,0.015277777777777776,0.07222222222222222,5,60,2000
fixed,short_dwell,analog_delta__rescue_guard8__block_refine2,analog_delta__refresh_guard8__block_refine2,mean_stream_goodput_per_transmitted_symbol,-0.019578947368421053,-0.03263157894736843,-0.0065263157894736865,5,60,2000
fixed,short_dwell,analog_delta__rescue_guard8__block_refine2,analog_delta__refresh_guard8__block_refine2,mean_stream_first_word_failure,0.016666666666666666,0.0,0.06666666666666667,5,60,2000
fixed,short_dwell,analog_delta__rescue_periodic__block_refine2,analog_delta__current_periodic__block_refine2,mean_stream_bler,0.04027777777777777,0.015277777777777776,0.07222222222222222,5,60,2000
fixed,short_dwell,analog_delta__rescue_periodic__block_refine2,analog_delta__current_periodic__block_refine2,mean_stream_goodput_per_transmitted_symbol,-0.019578947368421053,-0.03263157894736843,-0.0065263157894736865,5,60,2000
fixed,short_dwell,analog_delta__rescue_periodic__block_refine2,analog_delta__current_periodic__block_refine2,mean_stream_first_word_failure,0.016666666666666666,0.0,0.06666666666666667,5,60,2000
fixed,short_dwell,analog_delta__current_guard8__block_refine2,analog_delta__current_periodic__block_refine2,mean_stream_bler,0.027777777777777776,0.0,0.07222222222222222,5,60,2000
fixed,short_dwell,analog_delta__current_guard8__block_refine2,analog_delta__current_periodic__block_refine2,mean_stream_goodput_per_transmitted_symbol,-0.010877192982456136,-0.02828070175438596,0.0,5,60,2000
fixed,short_dwell,analog_delta__current_guard8__block_refine2,analog_delta__current_periodic__block_refine2,mean_stream_first_word_failure,0.05,0.0,0.11666666666666667,5,60,2000
fixed,short_dwell,analog_delta__refresh_guard8__block_refine2,analog_delta__current_periodic__block_refine2,mean_stream_bler,0.0,0.0,0.0,5,60,2000
fixed,short_dwell,analog_delta__refresh_guard8__block_refine2,analog_delta__current_periodic__block_refine2,mean_stream_goodput_per_transmitted_symbol,0.0,0.0,0.0,5,60,2000
fixed,short_dwell,analog_delta__refresh_guard8__block_refine2,analog_delta__current_periodic__block_refine2,mean_stream_first_word_failure,0.0,0.0,0.0,5,60,2000
fixed,short_dwell,analog_delta__rescue_guard8__block_refine2,analog_delta__current_periodic__block_refine2,mean_stream_bler,0.04027777777777777,0.015277777777777776,0.07222222222222222,5,60,2000
fixed,short_dwell,analog_delta__rescue_guard8__block_refine2,analog_delta__current_periodic__block_refine2,mean_stream_goodput_per_transmitted_symbol,-0.019578947368421053,-0.03263157894736843,-0.0065263157894736865,5,60,2000
fixed,short_dwell,analog_delta__rescue_guard8__block_refine2,analog_delta__current_periodic__block_refine2,mean_stream_first_word_failure,0.016666666666666666,0.0,0.06666666666666667,5,60,2000
fixed,short_dwell,analog_delta__current_periodic__block_refine2,rule__rule__block_refine2,mean_stream_bler,-0.04027777777777777,-0.07222222222222222,-0.015277777777777776,5,60,2000
fixed,short_dwell,analog_delta__current_periodic__block_refine2,rule__rule__block_refine2,mean_stream_goodput_per_transmitted_symbol,0.019578947368421053,0.0065263157894736865,0.03263157894736843,5,60,2000
fixed,short_dwell,analog_delta__current_periodic__block_refine2,rule__rule__block_refine2,mean_stream_first_word_failure,-0.016666666666666666,-0.06666666666666667,0.0,5,60,2000
fixed,short_dwell,analog_delta__rescue_guard8__block_refine2,rule__rule__block_refine2,mean_stream_bler,0.0,0.0,0.0,5,60,2000
fixed,short_dwell,analog_delta__rescue_guard8__block_refine2,rule__rule__block_refine2,mean_stream_goodput_per_transmitted_symbol,0.0,0.0,0.0,5,60,2000
fixed,short_dwell,analog_delta__rescue_guard8__block_refine2,rule__rule__block_refine2,mean_stream_first_word_failure,0.0,0.0,0.0,5,60,2000
fixed,short_dwell,analog_delta__rescue_periodic__block_refine2,rule__rule__block_refine2,mean_stream_bler,0.0,0.0,0.0,5,60,2000
fixed,short_dwell,analog_delta__rescue_periodic__block_refine2,rule__rule__block_refine2,mean_stream_goodput_per_transmitted_symbol,0.0,0.0,0.0,5,60,2000
fixed,short_dwell,analog_delta__rescue_periodic__block_refine2,rule__rule__block_refine2,mean_stream_first_word_failure,0.0,0.0,0.0,5,60,2000
fixed,short_dwell,spike__lag_periodic__block_refine2,analog_delta__lag_periodic__block_refine2,mean_stream_bler,0.0,0.0,0.0,5,60,2000
fixed,short_dwell,spike__lag_periodic__block_refine2,analog_delta__lag_periodic__block_refine2,mean_stream_goodput_per_transmitted_symbol,0.0,0.0,0.0,5,60,2000
fixed,short_dwell,spike__lag_periodic__block_refine2,analog_delta__lag_periodic__block_refine2,mean_stream_first_word_failure,0.0,0.0,0.0,5,60,2000
fixed,short_dwell,spike__current_periodic__block_refine2,analog_delta__current_periodic__block_refine2,mean_stream_bler,0.0,0.0,0.0,5,60,2000
fixed,short_dwell,spike__current_periodic__block_refine2,analog_delta__current_periodic__block_refine2,mean_stream_goodput_per_transmitted_symbol,0.0,0.0,0.0,5,60,2000
fixed,short_dwell,spike__current_periodic__block_refine2,analog_delta__current_periodic__block_refine2,mean_stream_first_word_failure,0.0,0.0,0.0,5,60,2000
fixed,short_dwell,spike__lag_guard8__block_refine2,analog_delta__lag_guard8__block_refine2,mean_stream_bler,0.0736111111111111,0.027777777777777776,0.14999999999999997,5,60,2000
fixed,short_dwell,spike__lag_guard8__block_refine2,analog_delta__lag_guard8__block_refine2,mean_stream_goodput_per_transmitted_symbol,-0.03480701754385964,-0.0696140350877193,-0.013052631578947368,5,60,2000
fixed,short_dwell,spike__lag_guard8__block_refine2,analog_delta__lag_guard8__block_refine2,mean_stream_first_word_failure,0.06666666666666667,0.0,0.2,5,60,2000
fixed,short_dwell,spike__current_guard8__block_refine2,analog_delta__current_guard8__block_refine2,mean_stream_bler,0.08333333333333333,0.02361111111111111,0.175,5,60,2000
fixed,short_dwell,spike__current_guard8__block_refine2,analog_delta__current_guard8__block_refine2,mean_stream_goodput_per_transmitted_symbol,-0.0391578947368421,-0.08049122807017543,-0.01087719298245614,5,60,2000
fixed,short_dwell,spike__current_guard8__block_refine2,analog_delta__current_guard8__block_refine2,mean_stream_first_word_failure,0.15,0.05,0.3,5,60,2000
fixed,short_dwell,spike__refresh_guard8__block_refine2,analog_delta__refresh_guard8__block_refine2,mean_stream_bler,0.0,0.0,0.0,5,60,2000
fixed,short_dwell,spike__refresh_guard8__block_refine2,analog_delta__refresh_guard8__block_refine2,mean_stream_goodput_per_transmitted_symbol,0.0,0.0,0.0,5,60,2000
fixed,short_dwell,spike__refresh_guard8__block_refine2,analog_delta__refresh_guard8__block_refine2,mean_stream_first_word_failure,0.0,0.0,0.0,5,60,2000
fixed,short_dwell,spike__rescue_guard8__block_refine2,analog_delta__rescue_guard8__block_refine2,mean_stream_bler,0.0,0.0,0.0,5,60,2000
fixed,short_dwell,spike__rescue_guard8__block_refine2,analog_delta__rescue_guard8__block_refine2,mean_stream_goodput_per_transmitted_symbol,0.0,0.0,0.0,5,60,2000
fixed,short_dwell,spike__rescue_guard8__block_refine2,analog_delta__rescue_guard8__block_refine2,mean_stream_first_word_failure,0.0,0.0,0.0,5,60,2000
fixed,short_dwell,spike__rescue_periodic__block_refine2,analog_delta__rescue_periodic__block_refine2,mean_stream_bler,0.0,0.0,0.0,5,60,2000
fixed,short_dwell,spike__rescue_periodic__block_refine2,analog_delta__rescue_periodic__block_refine2,mean_stream_goodput_per_transmitted_symbol,0.0,0.0,0.0,5,60,2000
fixed,short_dwell,spike__rescue_periodic__block_refine2,analog_delta__rescue_periodic__block_refine2,mean_stream_first_word_failure,0.0,0.0,0.0,5,60,2000
fixed,low_snr,spike__current_periodic__block_refine2,spike__lag_periodic__block_refine2,mean_stream_bler,-0.0375,-0.06041666666666666,-0.01875,5,60,2000
fixed,low_snr,spike__current_periodic__block_refine2,spike__lag_periodic__block_refine2,mean_stream_goodput_per_transmitted_symbol,0.020108108108108102,0.010054054054054051,0.03239639639639638,5,60,2000
fixed,low_snr,spike__current_periodic__block_refine2,spike__lag_periodic__block_refine2,mean_stream_first_word_failure,-0.16666666666666666,-0.31666666666666665,-0.05,5,60,2000
fixed,low_snr,spike__current_guard8__block_refine2,spike__lag_guard8__block_refine2,mean_stream_bler,-0.022916666666666665,-0.04166666666666667,-0.008333333333333333,5,60,2000
fixed,low_snr,spike__current_guard8__block_refine2,spike__lag_guard8__block_refine2,mean_stream_goodput_per_transmitted_symbol,0.012288288288288285,0.004468468468468467,0.022342342342342336,5,60,2000
fixed,low_snr,spike__current_guard8__block_refine2,spike__lag_guard8__block_refine2,mean_stream_first_word_failure,0.0,0.0,0.0,5,60,2000
fixed,low_snr,spike__refresh_guard8__block_refine2,spike__current_guard8__block_refine2,mean_stream_bler,-0.06875,-0.11250000000000002,-0.03125,5,60,2000
fixed,low_snr,spike__refresh_guard8__block_refine2,spike__current_guard8__block_refine2,mean_stream_goodput_per_transmitted_symbol,0.03686486486486486,0.016756756756756752,0.06032432432432431,5,60,2000
fixed,low_snr,spike__refresh_guard8__block_refine2,spike__current_guard8__block_refine2,mean_stream_first_word_failure,-0.23333333333333334,-0.4166666666666667,-0.08333333333333333,5,60,2000
fixed,low_snr,spike__rescue_guard8__block_refine2,spike__refresh_guard8__block_refine2,mean_stream_bler,0.025,0.010416666666666666,0.03958333333333334,5,60,2000
fixed,low_snr,spike__rescue_guard8__block_refine2,spike__refresh_guard8__block_refine2,mean_stream_goodput_per_transmitted_symbol,-0.013405405405405402,-0.02122522522522522,-0.005585585585585584,5,60,2000
fixed,low_snr,spike__rescue_guard8__block_refine2,spike__refresh_guard8__block_refine2,mean_stream_first_word_failure,0.0,0.0,0.0,5,60,2000
fixed,low_snr,spike__rescue_periodic__block_refine2,spike__current_periodic__block_refine2,mean_stream_bler,0.020833333333333332,0.00625,0.037500000000000006,5,60,2000
fixed,low_snr,spike__rescue_periodic__block_refine2,spike__current_periodic__block_refine2,mean_stream_goodput_per_transmitted_symbol,-0.011171171171171168,-0.020108108108108105,-0.0033513513513513506,5,60,2000
fixed,low_snr,spike__rescue_periodic__block_refine2,spike__current_periodic__block_refine2,mean_stream_first_word_failure,0.0,0.0,0.0,5,60,2000
fixed,low_snr,spike__current_guard8__block_refine2,spike__current_periodic__block_refine2,mean_stream_bler,0.06458333333333334,0.02494791666666667,0.11249999999999999,5,60,2000
fixed,low_snr,spike__current_guard8__block_refine2,spike__current_periodic__block_refine2,mean_stream_goodput_per_transmitted_symbol,-0.03463063063063062,-0.0603243243243243,-0.013377477477477624,5,60,2000
fixed,low_snr,spike__current_guard8__block_refine2,spike__current_periodic__block_refine2,mean_stream_first_word_failure,0.23333333333333334,0.08333333333333333,0.4166666666666667,5,60,2000
fixed,low_snr,spike__refresh_guard8__block_refine2,spike__current_periodic__block_refine2,mean_stream_bler,-0.004166666666666667,-0.0125,0.0,5,60,2000
fixed,low_snr,spike__refresh_guard8__block_refine2,spike__current_periodic__block_refine2,mean_stream_goodput_per_transmitted_symbol,0.0022342342342342334,0.0,0.006702702702702701,5,60,2000
fixed,low_snr,spike__refresh_guard8__block_refine2,spike__current_periodic__block_refine2,mean_stream_first_word_failure,0.0,0.0,0.0,5,60,2000
fixed,low_snr,spike__rescue_guard8__block_refine2,spike__current_periodic__block_refine2,mean_stream_bler,0.020833333333333332,0.00625,0.037500000000000006,5,60,2000
fixed,low_snr,spike__rescue_guard8__block_refine2,spike__current_periodic__block_refine2,mean_stream_goodput_per_transmitted_symbol,-0.011171171171171168,-0.020108108108108105,-0.0033513513513513506,5,60,2000
fixed,low_snr,spike__rescue_guard8__block_refine2,spike__current_periodic__block_refine2,mean_stream_first_word_failure,0.0,0.0,0.0,5,60,2000
fixed,low_snr,spike__current_periodic__block_refine2,rule__rule__block_refine2,mean_stream_bler,-0.0375,-0.06689814814814815,-0.014351851851851852,5,60,2000
fixed,low_snr,spike__current_periodic__block_refine2,rule__rule__block_refine2,mean_stream_goodput_per_transmitted_symbol,0.020108108108108102,0.007819819819819818,0.035747747747747735,5,60,2000
fixed,low_snr,spike__current_periodic__block_refine2,rule__rule__block_refine2,mean_stream_first_word_failure,0.0,0.0,0.0,5,60,2000
fixed,low_snr,spike__rescue_guard8__block_refine2,rule__rule__block_refine2,mean_stream_bler,-0.016666666666666666,-0.03495949074074074,0.0,5,60,2000
fixed,low_snr,spike__rescue_guard8__block_refine2,rule__rule__block_refine2,mean_stream_goodput_per_transmitted_symbol,0.008936936936936934,0.0,0.018990990990990983,5,60,2000
fixed,low_snr,spike__rescue_guard8__block_refine2,rule__rule__block_refine2,mean_stream_first_word_failure,0.0,0.0,0.0,5,60,2000
fixed,low_snr,spike__rescue_periodic__block_refine2,rule__rule__block_refine2,mean_stream_bler,-0.016666666666666666,-0.03495949074074074,0.0,5,60,2000
fixed,low_snr,spike__rescue_periodic__block_refine2,rule__rule__block_refine2,mean_stream_goodput_per_transmitted_symbol,0.008936936936936934,0.0,0.018990990990990983,5,60,2000
fixed,low_snr,spike__rescue_periodic__block_refine2,rule__rule__block_refine2,mean_stream_first_word_failure,0.0,0.0,0.0,5,60,2000
fixed,low_snr,analog_delta__current_periodic__block_refine2,analog_delta__lag_periodic__block_refine2,mean_stream_bler,-0.05787037037037037,-0.07870370370370369,-0.035416666666666666,5,60,2000
fixed,low_snr,analog_delta__current_periodic__block_refine2,analog_delta__lag_periodic__block_refine2,mean_stream_goodput_per_transmitted_symbol,0.03127927927927927,0.018990990990990986,0.04245045045045044,5,60,2000
fixed,low_snr,analog_delta__current_periodic__block_refine2,analog_delta__lag_periodic__block_refine2,mean_stream_first_word_failure,-0.23333333333333334,-0.3666666666666667,-0.1,5,60,2000
fixed,low_snr,analog_delta__current_guard8__block_refine2,analog_delta__lag_guard8__block_refine2,mean_stream_bler,-0.059953703703703703,-0.07918402777777779,-0.03958333333333333,5,60,2000
fixed,low_snr,analog_delta__current_guard8__block_refine2,analog_delta__lag_guard8__block_refine2,mean_stream_goodput_per_transmitted_symbol,0.03239639639639639,0.02122522522522522,0.042478378378378215,5,60,2000
fixed,low_snr,analog_delta__current_guard8__block_refine2,analog_delta__lag_guard8__block_refine2,mean_stream_first_word_failure,-0.23333333333333334,-0.3500000000000001,-0.11666666666666667,5,60,2000
fixed,low_snr,analog_delta__refresh_guard8__block_refine2,analog_delta__current_guard8__block_refine2,mean_stream_bler,0.0020833333333333333,0.0,0.010416666666666666,5,60,2000
fixed,low_snr,analog_delta__refresh_guard8__block_refine2,analog_delta__current_guard8__block_refine2,mean_stream_goodput_per_transmitted_symbol,-0.0011171171171171167,-0.005585585585585584,0.0,5,60,2000
fixed,low_snr,analog_delta__refresh_guard8__block_refine2,analog_delta__current_guard8__block_refine2,mean_stream_first_word_failure,0.0,0.0,0.0,5,60,2000
fixed,low_snr,analog_delta__rescue_guard8__block_refine2,analog_delta__refresh_guard8__block_refine2,mean_stream_bler,0.025,0.010416666666666666,0.03958333333333334,5,60,2000
fixed,low_snr,analog_delta__rescue_guard8__block_refine2,analog_delta__refresh_guard8__block_refine2,mean_stream_goodput_per_transmitted_symbol,-0.013405405405405402,-0.02122522522522522,-0.005585585585585584,5,60,2000
fixed,low_snr,analog_delta__rescue_guard8__block_refine2,analog_delta__refresh_guard8__block_refine2,mean_stream_first_word_failure,0.0,0.0,0.0,5,60,2000
fixed,low_snr,analog_delta__rescue_periodic__block_refine2,analog_delta__current_periodic__block_refine2,mean_stream_bler,0.022916666666666665,0.008333333333333333,0.03958333333333333,5,60,2000
fixed,low_snr,analog_delta__rescue_periodic__block_refine2,analog_delta__current_periodic__block_refine2,mean_stream_goodput_per_transmitted_symbol,-0.012288288288288285,-0.02122522522522522,-0.004468468468468467,5,60,2000
fixed,low_snr,analog_delta__rescue_periodic__block_refine2,analog_delta__current_periodic__block_refine2,mean_stream_first_word_failure,0.0,0.0,0.0,5,60,2000
fixed,low_snr,analog_delta__current_guard8__block_refine2,analog_delta__current_periodic__block_refine2,mean_stream_bler,-0.004166666666666667,-0.0125,0.0,5,60,2000
fixed,low_snr,analog_delta__current_guard8__block_refine2,analog_delta__current_periodic__block_refine2,mean_stream_goodput_per_transmitted_symbol,0.0022342342342342334,0.0,0.006702702702702701,5,60,2000
fixed,low_snr,analog_delta__current_guard8__block_refine2,analog_delta__current_periodic__block_refine2,mean_stream_first_word_failure,0.0,0.0,0.0,5,60,2000
fixed,low_snr,analog_delta__refresh_guard8__block_refine2,analog_delta__current_periodic__block_refine2,mean_stream_bler,-0.0020833333333333333,-0.008333333333333333,0.0,5,60,2000
fixed,low_snr,analog_delta__refresh_guard8__block_refine2,analog_delta__current_periodic__block_refine2,mean_stream_goodput_per_transmitted_symbol,0.0011171171171171167,0.0,0.004468468468468467,5,60,2000
fixed,low_snr,analog_delta__refresh_guard8__block_refine2,analog_delta__current_periodic__block_refine2,mean_stream_first_word_failure,0.0,0.0,0.0,5,60,2000
fixed,low_snr,analog_delta__rescue_guard8__block_refine2,analog_delta__current_periodic__block_refine2,mean_stream_bler,0.022916666666666665,0.008333333333333333,0.03958333333333333,5,60,2000
fixed,low_snr,analog_delta__rescue_guard8__block_refine2,analog_delta__current_periodic__block_refine2,mean_stream_goodput_per_transmitted_symbol,-0.012288288288288285,-0.02122522522522522,-0.004468468468468467,5,60,2000
fixed,low_snr,analog_delta__rescue_guard8__block_refine2,analog_delta__current_periodic__block_refine2,mean_stream_first_word_failure,0.0,0.0,0.0,5,60,2000
fixed,low_snr,analog_delta__current_periodic__block_refine2,rule__rule__block_refine2,mean_stream_bler,-0.03958333333333333,-0.06736111111111111,-0.016203703703703703,5,60,2000
fixed,low_snr,analog_delta__current_periodic__block_refine2,rule__rule__block_refine2,mean_stream_goodput_per_transmitted_symbol,0.02122522522522522,0.008936936936936934,0.035775675675675515,5,60,2000
fixed,low_snr,analog_delta__current_periodic__block_refine2,rule__rule__block_refine2,mean_stream_first_word_failure,0.0,0.0,0.0,5,60,2000
fixed,low_snr,analog_delta__rescue_guard8__block_refine2,rule__rule__block_refine2,mean_stream_bler,-0.016666666666666666,-0.03495949074074074,0.0,5,60,2000
fixed,low_snr,analog_delta__rescue_guard8__block_refine2,rule__rule__block_refine2,mean_stream_goodput_per_transmitted_symbol,0.008936936936936934,0.0,0.018990990990990983,5,60,2000
fixed,low_snr,analog_delta__rescue_guard8__block_refine2,rule__rule__block_refine2,mean_stream_first_word_failure,0.0,0.0,0.0,5,60,2000
fixed,low_snr,analog_delta__rescue_periodic__block_refine2,rule__rule__block_refine2,mean_stream_bler,-0.016666666666666666,-0.03495949074074074,0.0,5,60,2000
fixed,low_snr,analog_delta__rescue_periodic__block_refine2,rule__rule__block_refine2,mean_stream_goodput_per_transmitted_symbol,0.008936936936936934,0.0,0.018990990990990983,5,60,2000
fixed,low_snr,analog_delta__rescue_periodic__block_refine2,rule__rule__block_refine2,mean_stream_first_word_failure,0.0,0.0,0.0,5,60,2000
fixed,low_snr,spike__lag_periodic__block_refine2,analog_delta__lag_periodic__block_refine2,mean_stream_bler,-0.01828703703703704,-0.037037037037037035,-0.0020833333333333333,5,60,2000
fixed,low_snr,spike__lag_periodic__block_refine2,analog_delta__lag_periodic__block_refine2,mean_stream_goodput_per_transmitted_symbol,0.010054054054054051,0.0011171171171171167,0.020108108108108105,5,60,2000
fixed,low_snr,spike__lag_periodic__block_refine2,analog_delta__lag_periodic__block_refine2,mean_stream_first_word_failure,-0.06666666666666667,-0.16666666666666666,0.0,5,60,2000
fixed,low_snr,spike__current_periodic__block_refine2,analog_delta__current_periodic__block_refine2,mean_stream_bler,0.0020833333333333333,-0.008333333333333333,0.0125,5,60,2000
fixed,low_snr,spike__current_periodic__block_refine2,analog_delta__current_periodic__block_refine2,mean_stream_goodput_per_transmitted_symbol,-0.0011171171171171167,-0.0067027027027027,0.004468468468468467,5,60,2000
fixed,low_snr,spike__current_periodic__block_refine2,analog_delta__current_periodic__block_refine2,mean_stream_first_word_failure,0.0,0.0,0.0,5,60,2000
fixed,low_snr,spike__lag_guard8__block_refine2,analog_delta__lag_guard8__block_refine2,mean_stream_bler,0.033796296296296297,-0.00949074074074074,0.08773148148148147,5,60,2000
fixed,low_snr,spike__lag_guard8__block_refine2,analog_delta__lag_guard8__block_refine2,mean_stream_goodput_per_transmitted_symbol,-0.017873873873873868,-0.0469189189189189,0.005585585585585584,5,60,2000
fixed,low_snr,spike__lag_guard8__block_refine2,analog_delta__lag_guard8__block_refine2,mean_stream_first_word_failure,0.0,-0.13333333333333333,0.13333333333333333,5,60,2000
fixed,low_snr,spike__current_guard8__block_refine2,analog_delta__current_guard8__block_refine2,mean_stream_bler,0.07083333333333333,0.0375,0.11458333333333333,5,60,2000
fixed,low_snr,spike__current_guard8__block_refine2,analog_delta__current_guard8__block_refine2,mean_stream_goodput_per_transmitted_symbol,-0.03798198198198198,-0.061441441441441424,-0.020108108108108102,5,60,2000
fixed,low_snr,spike__current_guard8__block_refine2,analog_delta__current_guard8__block_refine2,mean_stream_first_word_failure,0.23333333333333334,0.08333333333333333,0.4166666666666667,5,60,2000
fixed,low_snr,spike__refresh_guard8__block_refine2,analog_delta__refresh_guard8__block_refine2,mean_stream_bler,0.0,0.0,0.0,5,60,2000
fixed,low_snr,spike__refresh_guard8__block_refine2,analog_delta__refresh_guard8__block_refine2,mean_stream_goodput_per_transmitted_symbol,0.0,0.0,0.0,5,60,2000
fixed,low_snr,spike__refresh_guard8__block_refine2,analog_delta__refresh_guard8__block_refine2,mean_stream_first_word_failure,0.0,0.0,0.0,5,60,2000
fixed,low_snr,spike__rescue_guard8__block_refine2,analog_delta__rescue_guard8__block_refine2,mean_stream_bler,0.0,0.0,0.0,5,60,2000
fixed,low_snr,spike__rescue_guard8__block_refine2,analog_delta__rescue_guard8__block_refine2,mean_stream_goodput_per_transmitted_symbol,0.0,0.0,0.0,5,60,2000
fixed,low_snr,spike__rescue_guard8__block_refine2,analog_delta__rescue_guard8__block_refine2,mean_stream_first_word_failure,0.0,0.0,0.0,5,60,2000
fixed,low_snr,spike__rescue_periodic__block_refine2,analog_delta__rescue_periodic__block_refine2,mean_stream_bler,0.0,0.0,0.0,5,60,2000
fixed,low_snr,spike__rescue_periodic__block_refine2,analog_delta__rescue_periodic__block_refine2,mean_stream_goodput_per_transmitted_symbol,0.0,0.0,0.0,5,60,2000
fixed,low_snr,spike__rescue_periodic__block_refine2,analog_delta__rescue_periodic__block_refine2,mean_stream_first_word_failure,0.0,0.0,0.0,5,60,2000
fixed,strong_pulse,spike__current_periodic__block_refine2,spike__lag_periodic__block_refine2,mean_stream_bler,-0.06435185185185185,-0.09166666666666667,-0.0375,5,60,2000
fixed,strong_pulse,spike__current_periodic__block_refine2,spike__lag_periodic__block_refine2,mean_stream_goodput_per_transmitted_symbol,0.03463063063063062,0.020108108108108102,0.04915315315315314,5,60,2000
fixed,strong_pulse,spike__current_periodic__block_refine2,spike__lag_periodic__block_refine2,mean_stream_first_word_failure,-0.1,-0.23333333333333334,0.0,5,60,2000
fixed,strong_pulse,spike__current_guard8__block_refine2,spike__lag_guard8__block_refine2,mean_stream_bler,-0.04375,-0.07083912037037036,-0.012268518518518519,5,60,2000
fixed,strong_pulse,spike__current_guard8__block_refine2,spike__lag_guard8__block_refine2,mean_stream_goodput_per_transmitted_symbol,0.02345945945945945,0.006702702702702701,0.03798198198198197,5,60,2000
fixed,strong_pulse,spike__current_guard8__block_refine2,spike__lag_guard8__block_refine2,mean_stream_first_word_failure,-0.05,-0.15,0.0,5,60,2000
fixed,strong_pulse,spike__refresh_guard8__block_refine2,spike__current_guard8__block_refine2,mean_stream_bler,-0.059953703703703703,-0.09608796296296297,-0.027083333333333334,5,60,2000
fixed,strong_pulse,spike__refresh_guard8__block_refine2,spike__current_guard8__block_refine2,mean_stream_goodput_per_transmitted_symbol,0.03239639639639639,0.014522522522522518,0.05250450450450449,5,60,2000
fixed,strong_pulse,spike__refresh_guard8__block_refine2,spike__current_guard8__block_refine2,mean_stream_first_word_failure,-0.05,-0.11666666666666667,0.0,5,60,2000
fixed,strong_pulse,spike__rescue_guard8__block_refine2,spike__refresh_guard8__block_refine2,mean_stream_bler,0.07291666666666667,0.04583333333333334,0.1,5,60,2000
fixed,strong_pulse,spike__rescue_guard8__block_refine2,spike__refresh_guard8__block_refine2,mean_stream_goodput_per_transmitted_symbol,-0.03909909909909908,-0.05362162162162161,-0.02457657657657657,5,60,2000
fixed,strong_pulse,spike__rescue_guard8__block_refine2,spike__refresh_guard8__block_refine2,mean_stream_first_word_failure,0.0,0.0,0.0,5,60,2000
fixed,strong_pulse,spike__rescue_periodic__block_refine2,spike__current_periodic__block_refine2,mean_stream_bler,0.07291666666666667,0.04583333333333334,0.1,5,60,2000
fixed,strong_pulse,spike__rescue_periodic__block_refine2,spike__current_periodic__block_refine2,mean_stream_goodput_per_transmitted_symbol,-0.03909909909909908,-0.05362162162162161,-0.02457657657657657,5,60,2000
fixed,strong_pulse,spike__rescue_periodic__block_refine2,spike__current_periodic__block_refine2,mean_stream_first_word_failure,0.0,0.0,0.0,5,60,2000
fixed,strong_pulse,spike__current_guard8__block_refine2,spike__current_periodic__block_refine2,mean_stream_bler,0.059953703703703703,0.027083333333333334,0.09608796296296285,5,60,2000
fixed,strong_pulse,spike__current_guard8__block_refine2,spike__current_periodic__block_refine2,mean_stream_goodput_per_transmitted_symbol,-0.03239639639639639,-0.05250450450450449,-0.014522522522522518,5,60,2000
fixed,strong_pulse,spike__current_guard8__block_refine2,spike__current_periodic__block_refine2,mean_stream_first_word_failure,0.05,0.0,0.11666666666666667,5,60,2000
fixed,strong_pulse,spike__refresh_guard8__block_refine2,spike__current_periodic__block_refine2,mean_stream_bler,0.0,0.0,0.0,5,60,2000
fixed,strong_pulse,spike__refresh_guard8__block_refine2,spike__current_periodic__block_refine2,mean_stream_goodput_per_transmitted_symbol,0.0,0.0,0.0,5,60,2000
fixed,strong_pulse,spike__refresh_guard8__block_refine2,spike__current_periodic__block_refine2,mean_stream_first_word_failure,0.0,0.0,0.0,5,60,2000
fixed,strong_pulse,spike__rescue_guard8__block_refine2,spike__current_periodic__block_refine2,mean_stream_bler,0.07291666666666667,0.04583333333333334,0.1,5,60,2000
fixed,strong_pulse,spike__rescue_guard8__block_refine2,spike__current_periodic__block_refine2,mean_stream_goodput_per_transmitted_symbol,-0.03909909909909908,-0.05362162162162161,-0.02457657657657657,5,60,2000
fixed,strong_pulse,spike__rescue_guard8__block_refine2,spike__current_periodic__block_refine2,mean_stream_first_word_failure,0.0,0.0,0.0,5,60,2000
fixed,strong_pulse,spike__current_periodic__block_refine2,rule__rule__block_refine2,mean_stream_bler,-0.07893518518518518,-0.11875,-0.037500000000000006,5,60,2000
fixed,strong_pulse,spike__current_periodic__block_refine2,rule__rule__block_refine2,mean_stream_goodput_per_transmitted_symbol,0.04245045045045045,0.020108108108108105,0.06367567567567566,5,60,2000
fixed,strong_pulse,spike__current_periodic__block_refine2,rule__rule__block_refine2,mean_stream_first_word_failure,0.0,0.0,0.0,5,60,2000
fixed,strong_pulse,spike__rescue_guard8__block_refine2,rule__rule__block_refine2,mean_stream_bler,-0.0060185185185185185,-0.03195023148148148,0.018750000000000003,5,60,2000
fixed,strong_pulse,spike__rescue_guard8__block_refine2,rule__rule__block_refine2,mean_stream_goodput_per_transmitted_symbol,0.0033513513513513506,-0.010054054054054053,0.017873873873873868,5,60,2000
fixed,strong_pulse,spike__rescue_guard8__block_refine2,rule__rule__block_refine2,mean_stream_first_word_failure,0.0,0.0,0.0,5,60,2000
fixed,strong_pulse,spike__rescue_periodic__block_refine2,rule__rule__block_refine2,mean_stream_bler,-0.0060185185185185185,-0.03195023148148148,0.018750000000000003,5,60,2000
fixed,strong_pulse,spike__rescue_periodic__block_refine2,rule__rule__block_refine2,mean_stream_goodput_per_transmitted_symbol,0.0033513513513513506,-0.010054054054054053,0.017873873873873868,5,60,2000
fixed,strong_pulse,spike__rescue_periodic__block_refine2,rule__rule__block_refine2,mean_stream_first_word_failure,0.0,0.0,0.0,5,60,2000
fixed,strong_pulse,analog_delta__current_periodic__block_refine2,analog_delta__lag_periodic__block_refine2,mean_stream_bler,-0.06435185185185185,-0.09166666666666667,-0.0375,5,60,2000
fixed,strong_pulse,analog_delta__current_periodic__block_refine2,analog_delta__lag_periodic__block_refine2,mean_stream_goodput_per_transmitted_symbol,0.03463063063063062,0.020108108108108102,0.04915315315315314,5,60,2000
fixed,strong_pulse,analog_delta__current_periodic__block_refine2,analog_delta__lag_periodic__block_refine2,mean_stream_first_word_failure,-0.1,-0.23333333333333334,0.0,5,60,2000
fixed,strong_pulse,analog_delta__current_guard8__block_refine2,analog_delta__lag_guard8__block_refine2,mean_stream_bler,-0.056018518518518516,-0.08287037037037037,-0.03125,5,60,2000
fixed,strong_pulse,analog_delta__current_guard8__block_refine2,analog_delta__lag_guard8__block_refine2,mean_stream_goodput_per_transmitted_symbol,0.030162162162162155,0.016756756756756752,0.04468468468468467,5,60,2000
fixed,strong_pulse,analog_delta__current_guard8__block_refine2,analog_delta__lag_guard8__block_refine2,mean_stream_first_word_failure,-0.1,-0.23333333333333334,0.0,5,60,2000
fixed,strong_pulse,analog_delta__refresh_guard8__block_refine2,analog_delta__current_guard8__block_refine2,mean_stream_bler,-0.010416666666666666,-0.03125,0.0,5,60,2000
fixed,strong_pulse,analog_delta__refresh_guard8__block_refine2,analog_delta__current_guard8__block_refine2,mean_stream_goodput_per_transmitted_symbol,0.005585585585585584,0.0,0.016756756756756752,5,60,2000
fixed,strong_pulse,analog_delta__refresh_guard8__block_refine2,analog_delta__current_guard8__block_refine2,mean_stream_first_word_failure,0.0,0.0,0.0,5,60,2000
fixed,strong_pulse,analog_delta__rescue_guard8__block_refine2,analog_delta__refresh_guard8__block_refine2,mean_stream_bler,0.07291666666666667,0.04583333333333334,0.1,5,60,2000
fixed,strong_pulse,analog_delta__rescue_guard8__block_refine2,analog_delta__refresh_guard8__block_refine2,mean_stream_goodput_per_transmitted_symbol,-0.03909909909909908,-0.05362162162162161,-0.02457657657657657,5,60,2000
fixed,strong_pulse,analog_delta__rescue_guard8__block_refine2,analog_delta__refresh_guard8__block_refine2,mean_stream_first_word_failure,0.0,0.0,0.0,5,60,2000
fixed,strong_pulse,analog_delta__rescue_periodic__block_refine2,analog_delta__current_periodic__block_refine2,mean_stream_bler,0.07291666666666667,0.04583333333333334,0.1,5,60,2000
fixed,strong_pulse,analog_delta__rescue_periodic__block_refine2,analog_delta__current_periodic__block_refine2,mean_stream_goodput_per_transmitted_symbol,-0.03909909909909908,-0.05362162162162161,-0.02457657657657657,5,60,2000
fixed,strong_pulse,analog_delta__rescue_periodic__block_refine2,analog_delta__current_periodic__block_refine2,mean_stream_first_word_failure,0.0,0.0,0.0,5,60,2000
fixed,strong_pulse,analog_delta__current_guard8__block_refine2,analog_delta__current_periodic__block_refine2,mean_stream_bler,0.010416666666666666,0.0,0.03125,5,60,2000
fixed,strong_pulse,analog_delta__current_guard8__block_refine2,analog_delta__current_periodic__block_refine2,mean_stream_goodput_per_transmitted_symbol,-0.005585585585585584,-0.016756756756756752,0.0,5,60,2000
fixed,strong_pulse,analog_delta__current_guard8__block_refine2,analog_delta__current_periodic__block_refine2,mean_stream_first_word_failure,0.0,0.0,0.0,5,60,2000
fixed,strong_pulse,analog_delta__refresh_guard8__block_refine2,analog_delta__current_periodic__block_refine2,mean_stream_bler,0.0,0.0,0.0,5,60,2000
fixed,strong_pulse,analog_delta__refresh_guard8__block_refine2,analog_delta__current_periodic__block_refine2,mean_stream_goodput_per_transmitted_symbol,0.0,0.0,0.0,5,60,2000
fixed,strong_pulse,analog_delta__refresh_guard8__block_refine2,analog_delta__current_periodic__block_refine2,mean_stream_first_word_failure,0.0,0.0,0.0,5,60,2000
fixed,strong_pulse,analog_delta__rescue_guard8__block_refine2,analog_delta__current_periodic__block_refine2,mean_stream_bler,0.07291666666666667,0.04583333333333334,0.1,5,60,2000
fixed,strong_pulse,analog_delta__rescue_guard8__block_refine2,analog_delta__current_periodic__block_refine2,mean_stream_goodput_per_transmitted_symbol,-0.03909909909909908,-0.05362162162162161,-0.02457657657657657,5,60,2000
fixed,strong_pulse,analog_delta__rescue_guard8__block_refine2,analog_delta__current_periodic__block_refine2,mean_stream_first_word_failure,0.0,0.0,0.0,5,60,2000
fixed,strong_pulse,analog_delta__current_periodic__block_refine2,rule__rule__block_refine2,mean_stream_bler,-0.07893518518518518,-0.11875,-0.037500000000000006,5,60,2000
fixed,strong_pulse,analog_delta__current_periodic__block_refine2,rule__rule__block_refine2,mean_stream_goodput_per_transmitted_symbol,0.04245045045045045,0.020108108108108105,0.06367567567567566,5,60,2000
fixed,strong_pulse,analog_delta__current_periodic__block_refine2,rule__rule__block_refine2,mean_stream_first_word_failure,0.0,0.0,0.0,5,60,2000
fixed,strong_pulse,analog_delta__rescue_guard8__block_refine2,rule__rule__block_refine2,mean_stream_bler,-0.0060185185185185185,-0.03195023148148148,0.018750000000000003,5,60,2000
fixed,strong_pulse,analog_delta__rescue_guard8__block_refine2,rule__rule__block_refine2,mean_stream_goodput_per_transmitted_symbol,0.0033513513513513506,-0.010054054054054053,0.017873873873873868,5,60,2000
fixed,strong_pulse,analog_delta__rescue_guard8__block_refine2,rule__rule__block_refine2,mean_stream_first_word_failure,0.0,0.0,0.0,5,60,2000
fixed,strong_pulse,analog_delta__rescue_periodic__block_refine2,rule__rule__block_refine2,mean_stream_bler,-0.0060185185185185185,-0.03195023148148148,0.018750000000000003,5,60,2000
fixed,strong_pulse,analog_delta__rescue_periodic__block_refine2,rule__rule__block_refine2,mean_stream_goodput_per_transmitted_symbol,0.0033513513513513506,-0.010054054054054053,0.017873873873873868,5,60,2000
fixed,strong_pulse,analog_delta__rescue_periodic__block_refine2,rule__rule__block_refine2,mean_stream_first_word_failure,0.0,0.0,0.0,5,60,2000
fixed,strong_pulse,spike__lag_periodic__block_refine2,analog_delta__lag_periodic__block_refine2,mean_stream_bler,0.0,0.0,0.0,5,60,2000
fixed,strong_pulse,spike__lag_periodic__block_refine2,analog_delta__lag_periodic__block_refine2,mean_stream_goodput_per_transmitted_symbol,0.0,0.0,0.0,5,60,2000
fixed,strong_pulse,spike__lag_periodic__block_refine2,analog_delta__lag_periodic__block_refine2,mean_stream_first_word_failure,0.0,0.0,0.0,5,60,2000
fixed,strong_pulse,spike__current_periodic__block_refine2,analog_delta__current_periodic__block_refine2,mean_stream_bler,0.0,0.0,0.0,5,60,2000
fixed,strong_pulse,spike__current_periodic__block_refine2,analog_delta__current_periodic__block_refine2,mean_stream_goodput_per_transmitted_symbol,0.0,0.0,0.0,5,60,2000
fixed,strong_pulse,spike__current_periodic__block_refine2,analog_delta__current_periodic__block_refine2,mean_stream_first_word_failure,0.0,0.0,0.0,5,60,2000
fixed,strong_pulse,spike__lag_guard8__block_refine2,analog_delta__lag_guard8__block_refine2,mean_stream_bler,0.03726851851851852,0.014583333333333334,0.06458333333333334,5,60,2000
fixed,strong_pulse,spike__lag_guard8__block_refine2,analog_delta__lag_guard8__block_refine2,mean_stream_goodput_per_transmitted_symbol,-0.020108108108108102,-0.03463063063063063,-0.007819819819819818,5,60,2000
fixed,strong_pulse,spike__lag_guard8__block_refine2,analog_delta__lag_guard8__block_refine2,mean_stream_first_word_failure,0.0,0.0,0.0,5,60,2000
fixed,strong_pulse,spike__current_guard8__block_refine2,analog_delta__current_guard8__block_refine2,mean_stream_bler,0.04953703703703704,0.016203703703703706,0.08912037037037036,5,60,2000
fixed,strong_pulse,spike__current_guard8__block_refine2,analog_delta__current_guard8__block_refine2,mean_stream_goodput_per_transmitted_symbol,-0.026810810810810805,-0.048036036036036026,-0.008936936936936934,5,60,2000
fixed,strong_pulse,spike__current_guard8__block_refine2,analog_delta__current_guard8__block_refine2,mean_stream_first_word_failure,0.05,0.0,0.11666666666666667,5,60,2000
fixed,strong_pulse,spike__refresh_guard8__block_refine2,analog_delta__refresh_guard8__block_refine2,mean_stream_bler,0.0,0.0,0.0,5,60,2000
fixed,strong_pulse,spike__refresh_guard8__block_refine2,analog_delta__refresh_guard8__block_refine2,mean_stream_goodput_per_transmitted_symbol,0.0,0.0,0.0,5,60,2000
fixed,strong_pulse,spike__refresh_guard8__block_refine2,analog_delta__refresh_guard8__block_refine2,mean_stream_first_word_failure,0.0,0.0,0.0,5,60,2000
fixed,strong_pulse,spike__rescue_guard8__block_refine2,analog_delta__rescue_guard8__block_refine2,mean_stream_bler,0.0,0.0,0.0,5,60,2000
fixed,strong_pulse,spike__rescue_guard8__block_refine2,analog_delta__rescue_guard8__block_refine2,mean_stream_goodput_per_transmitted_symbol,0.0,0.0,0.0,5,60,2000
fixed,strong_pulse,spike__rescue_guard8__block_refine2,analog_delta__rescue_guard8__block_refine2,mean_stream_first_word_failure,0.0,0.0,0.0,5,60,2000
fixed,strong_pulse,spike__rescue_periodic__block_refine2,analog_delta__rescue_periodic__block_refine2,mean_stream_bler,0.0,0.0,0.0,5,60,2000
fixed,strong_pulse,spike__rescue_periodic__block_refine2,analog_delta__rescue_periodic__block_refine2,mean_stream_goodput_per_transmitted_symbol,0.0,0.0,0.0,5,60,2000
fixed,strong_pulse,spike__rescue_periodic__block_refine2,analog_delta__rescue_periodic__block_refine2,mean_stream_first_word_failure,0.0,0.0,0.0,5,60,2000
fixed,high_duty,spike__current_periodic__block_refine2,spike__lag_periodic__block_refine2,mean_stream_bler,-0.043055555555555555,-0.06342592592592593,-0.022685185185185183,5,60,2000
fixed,high_duty,spike__current_periodic__block_refine2,spike__lag_periodic__block_refine2,mean_stream_goodput_per_transmitted_symbol,0.02345945945945945,0.012288288288288285,0.03463063063063062,5,60,2000
fixed,high_duty,spike__current_periodic__block_refine2,spike__lag_periodic__block_refine2,mean_stream_first_word_failure,-0.13333333333333333,-0.25,-0.03333333333333333,5,60,2000
fixed,high_duty,spike__current_guard8__block_refine2,spike__lag_guard8__block_refine2,mean_stream_bler,-0.03287037037037037,-0.05324074074074074,-0.016435185185185185,5,60,2000
fixed,high_duty,spike__current_guard8__block_refine2,spike__lag_guard8__block_refine2,mean_stream_goodput_per_transmitted_symbol,0.017873873873873868,0.008936936936936934,0.029045045045045036,5,60,2000
fixed,high_duty,spike__current_guard8__block_refine2,spike__lag_guard8__block_refine2,mean_stream_first_word_failure,-0.016666666666666666,-0.06666666666666667,0.0,5,60,2000
fixed,high_duty,spike__refresh_guard8__block_refine2,spike__current_guard8__block_refine2,mean_stream_bler,-0.051388888888888894,-0.07571180555555555,-0.028240740740740743,5,60,2000
fixed,high_duty,spike__refresh_guard8__block_refine2,spike__current_guard8__block_refine2,mean_stream_goodput_per_transmitted_symbol,0.02792792792792792,0.015639639639639637,0.04133333333333332,5,60,2000
fixed,high_duty,spike__refresh_guard8__block_refine2,spike__current_guard8__block_refine2,mean_stream_first_word_failure,-0.11666666666666667,-0.25,-0.016666666666666666,5,60,2000
fixed,high_duty,spike__rescue_guard8__block_refine2,spike__refresh_guard8__block_refine2,mean_stream_bler,0.00625,0.0,0.016666666666666666,5,60,2000
fixed,high_duty,spike__rescue_guard8__block_refine2,spike__refresh_guard8__block_refine2,mean_stream_goodput_per_transmitted_symbol,-0.0033513513513513506,-0.008936936936936934,0.0,5,60,2000
fixed,high_duty,spike__rescue_guard8__block_refine2,spike__refresh_guard8__block_refine2,mean_stream_first_word_failure,0.0,0.0,0.0,5,60,2000
fixed,high_duty,spike__rescue_periodic__block_refine2,spike__current_periodic__block_refine2,mean_stream_bler,0.00625,0.0,0.016666666666666666,5,60,2000
fixed,high_duty,spike__rescue_periodic__block_refine2,spike__current_periodic__block_refine2,mean_stream_goodput_per_transmitted_symbol,-0.0033513513513513506,-0.008936936936936934,0.0,5,60,2000
fixed,high_duty,spike__rescue_periodic__block_refine2,spike__current_periodic__block_refine2,mean_stream_first_word_failure,0.0,0.0,0.0,5,60,2000
fixed,high_duty,spike__current_guard8__block_refine2,spike__current_periodic__block_refine2,mean_stream_bler,0.051388888888888894,0.028240740740740743,0.07571180555555546,5,60,2000
fixed,high_duty,spike__current_guard8__block_refine2,spike__current_periodic__block_refine2,mean_stream_goodput_per_transmitted_symbol,-0.02792792792792792,-0.04133333333333332,-0.015639639639639637,5,60,2000
fixed,high_duty,spike__current_guard8__block_refine2,spike__current_periodic__block_refine2,mean_stream_first_word_failure,0.11666666666666667,0.016666666666666666,0.25,5,60,2000
fixed,high_duty,spike__refresh_guard8__block_refine2,spike__current_periodic__block_refine2,mean_stream_bler,0.0,0.0,0.0,5,60,2000
fixed,high_duty,spike__refresh_guard8__block_refine2,spike__current_periodic__block_refine2,mean_stream_goodput_per_transmitted_symbol,0.0,0.0,0.0,5,60,2000
fixed,high_duty,spike__refresh_guard8__block_refine2,spike__current_periodic__block_refine2,mean_stream_first_word_failure,0.0,0.0,0.0,5,60,2000
fixed,high_duty,spike__rescue_guard8__block_refine2,spike__current_periodic__block_refine2,mean_stream_bler,0.00625,0.0,0.016666666666666666,5,60,2000
fixed,high_duty,spike__rescue_guard8__block_refine2,spike__current_periodic__block_refine2,mean_stream_goodput_per_transmitted_symbol,-0.0033513513513513506,-0.008936936936936934,0.0,5,60,2000
fixed,high_duty,spike__rescue_guard8__block_refine2,spike__current_periodic__block_refine2,mean_stream_first_word_failure,0.0,0.0,0.0,5,60,2000
fixed,high_duty,spike__current_periodic__block_refine2,rule__rule__block_refine2,mean_stream_bler,-0.01412037037037037,-0.025,-0.004166666666666667,5,60,2000
fixed,high_duty,spike__current_periodic__block_refine2,rule__rule__block_refine2,mean_stream_goodput_per_transmitted_symbol,0.007819819819819818,0.0022342342342342334,0.014522522522522518,5,60,2000
fixed,high_duty,spike__current_periodic__block_refine2,rule__rule__block_refine2,mean_stream_first_word_failure,0.0,0.0,0.0,5,60,2000
fixed,high_duty,spike__rescue_guard8__block_refine2,rule__rule__block_refine2,mean_stream_bler,-0.00787037037037037,-0.01898148148148148,0.0,5,60,2000
fixed,high_duty,spike__rescue_guard8__block_refine2,rule__rule__block_refine2,mean_stream_goodput_per_transmitted_symbol,0.004468468468468467,0.0,0.011171171171171168,5,60,2000
fixed,high_duty,spike__rescue_guard8__block_refine2,rule__rule__block_refine2,mean_stream_first_word_failure,0.0,0.0,0.0,5,60,2000
fixed,high_duty,spike__rescue_periodic__block_refine2,rule__rule__block_refine2,mean_stream_bler,-0.00787037037037037,-0.01898148148148148,0.0,5,60,2000
fixed,high_duty,spike__rescue_periodic__block_refine2,rule__rule__block_refine2,mean_stream_goodput_per_transmitted_symbol,0.004468468468468467,0.0,0.011171171171171168,5,60,2000
fixed,high_duty,spike__rescue_periodic__block_refine2,rule__rule__block_refine2,mean_stream_first_word_failure,0.0,0.0,0.0,5,60,2000
fixed,high_duty,analog_delta__current_periodic__block_refine2,analog_delta__lag_periodic__block_refine2,mean_stream_bler,-0.043055555555555555,-0.06342592592592593,-0.022685185185185183,5,60,2000
fixed,high_duty,analog_delta__current_periodic__block_refine2,analog_delta__lag_periodic__block_refine2,mean_stream_goodput_per_transmitted_symbol,0.02345945945945945,0.012288288288288285,0.03463063063063062,5,60,2000
fixed,high_duty,analog_delta__current_periodic__block_refine2,analog_delta__lag_periodic__block_refine2,mean_stream_first_word_failure,-0.13333333333333333,-0.25,-0.03333333333333333,5,60,2000
fixed,high_duty,analog_delta__current_guard8__block_refine2,analog_delta__lag_guard8__block_refine2,mean_stream_bler,-0.04097222222222222,-0.05949652777777778,-0.02222222222222222,5,60,2000
fixed,high_duty,analog_delta__current_guard8__block_refine2,analog_delta__lag_guard8__block_refine2,mean_stream_goodput_per_transmitted_symbol,0.022342342342342336,0.012288288288288285,0.03239639639639639,5,60,2000
fixed,high_duty,analog_delta__current_guard8__block_refine2,analog_delta__lag_guard8__block_refine2,mean_stream_first_word_failure,-0.13333333333333333,-0.25,-0.03333333333333333,5,60,2000
fixed,high_duty,analog_delta__refresh_guard8__block_refine2,analog_delta__current_guard8__block_refine2,mean_stream_bler,-0.0020833333333333333,-0.008333333333333333,0.0,5,60,2000
fixed,high_duty,analog_delta__refresh_guard8__block_refine2,analog_delta__current_guard8__block_refine2,mean_stream_goodput_per_transmitted_symbol,0.0011171171171171167,0.0,0.004468468468468467,5,60,2000
fixed,high_duty,analog_delta__refresh_guard8__block_refine2,analog_delta__current_guard8__block_refine2,mean_stream_first_word_failure,0.0,0.0,0.0,5,60,2000
fixed,high_duty,analog_delta__rescue_guard8__block_refine2,analog_delta__refresh_guard8__block_refine2,mean_stream_bler,0.00625,0.0,0.016666666666666666,5,60,2000
fixed,high_duty,analog_delta__rescue_guard8__block_refine2,analog_delta__refresh_guard8__block_refine2,mean_stream_goodput_per_transmitted_symbol,-0.0033513513513513506,-0.008936936936936934,0.0,5,60,2000
fixed,high_duty,analog_delta__rescue_guard8__block_refine2,analog_delta__refresh_guard8__block_refine2,mean_stream_first_word_failure,0.0,0.0,0.0,5,60,2000
fixed,high_duty,analog_delta__rescue_periodic__block_refine2,analog_delta__current_periodic__block_refine2,mean_stream_bler,0.00625,0.0,0.016666666666666666,5,60,2000
fixed,high_duty,analog_delta__rescue_periodic__block_refine2,analog_delta__current_periodic__block_refine2,mean_stream_goodput_per_transmitted_symbol,-0.0033513513513513506,-0.008936936936936934,0.0,5,60,2000
fixed,high_duty,analog_delta__rescue_periodic__block_refine2,analog_delta__current_periodic__block_refine2,mean_stream_first_word_failure,0.0,0.0,0.0,5,60,2000
fixed,high_duty,analog_delta__current_guard8__block_refine2,analog_delta__current_periodic__block_refine2,mean_stream_bler,0.0020833333333333333,0.0,0.008333333333333333,5,60,2000
fixed,high_duty,analog_delta__current_guard8__block_refine2,analog_delta__current_periodic__block_refine2,mean_stream_goodput_per_transmitted_symbol,-0.0011171171171171167,-0.004468468468468467,0.0,5,60,2000
fixed,high_duty,analog_delta__current_guard8__block_refine2,analog_delta__current_periodic__block_refine2,mean_stream_first_word_failure,0.0,0.0,0.0,5,60,2000
fixed,high_duty,analog_delta__refresh_guard8__block_refine2,analog_delta__current_periodic__block_refine2,mean_stream_bler,0.0,0.0,0.0,5,60,2000
fixed,high_duty,analog_delta__refresh_guard8__block_refine2,analog_delta__current_periodic__block_refine2,mean_stream_goodput_per_transmitted_symbol,0.0,0.0,0.0,5,60,2000
fixed,high_duty,analog_delta__refresh_guard8__block_refine2,analog_delta__current_periodic__block_refine2,mean_stream_first_word_failure,0.0,0.0,0.0,5,60,2000
fixed,high_duty,analog_delta__rescue_guard8__block_refine2,analog_delta__current_periodic__block_refine2,mean_stream_bler,0.00625,0.0,0.016666666666666666,5,60,2000
fixed,high_duty,analog_delta__rescue_guard8__block_refine2,analog_delta__current_periodic__block_refine2,mean_stream_goodput_per_transmitted_symbol,-0.0033513513513513506,-0.008936936936936934,0.0,5,60,2000
fixed,high_duty,analog_delta__rescue_guard8__block_refine2,analog_delta__current_periodic__block_refine2,mean_stream_first_word_failure,0.0,0.0,0.0,5,60,2000
fixed,high_duty,analog_delta__current_periodic__block_refine2,rule__rule__block_refine2,mean_stream_bler,-0.01412037037037037,-0.025,-0.004166666666666667,5,60,2000
fixed,high_duty,analog_delta__current_periodic__block_refine2,rule__rule__block_refine2,mean_stream_goodput_per_transmitted_symbol,0.007819819819819818,0.0022342342342342334,0.014522522522522518,5,60,2000
fixed,high_duty,analog_delta__current_periodic__block_refine2,rule__rule__block_refine2,mean_stream_first_word_failure,0.0,0.0,0.0,5,60,2000
fixed,high_duty,analog_delta__rescue_guard8__block_refine2,rule__rule__block_refine2,mean_stream_bler,-0.00787037037037037,-0.01898148148148148,0.0,5,60,2000
fixed,high_duty,analog_delta__rescue_guard8__block_refine2,rule__rule__block_refine2,mean_stream_goodput_per_transmitted_symbol,0.004468468468468467,0.0,0.011171171171171168,5,60,2000
fixed,high_duty,analog_delta__rescue_guard8__block_refine2,rule__rule__block_refine2,mean_stream_first_word_failure,0.0,0.0,0.0,5,60,2000
fixed,high_duty,analog_delta__rescue_periodic__block_refine2,rule__rule__block_refine2,mean_stream_bler,-0.00787037037037037,-0.01898148148148148,0.0,5,60,2000
fixed,high_duty,analog_delta__rescue_periodic__block_refine2,rule__rule__block_refine2,mean_stream_goodput_per_transmitted_symbol,0.004468468468468467,0.0,0.011171171171171168,5,60,2000
fixed,high_duty,analog_delta__rescue_periodic__block_refine2,rule__rule__block_refine2,mean_stream_first_word_failure,0.0,0.0,0.0,5,60,2000
fixed,high_duty,spike__lag_periodic__block_refine2,analog_delta__lag_periodic__block_refine2,mean_stream_bler,0.0,0.0,0.0,5,60,2000
fixed,high_duty,spike__lag_periodic__block_refine2,analog_delta__lag_periodic__block_refine2,mean_stream_goodput_per_transmitted_symbol,0.0,0.0,0.0,5,60,2000
fixed,high_duty,spike__lag_periodic__block_refine2,analog_delta__lag_periodic__block_refine2,mean_stream_first_word_failure,0.0,0.0,0.0,5,60,2000
fixed,high_duty,spike__current_periodic__block_refine2,analog_delta__current_periodic__block_refine2,mean_stream_bler,0.0,0.0,0.0,5,60,2000
fixed,high_duty,spike__current_periodic__block_refine2,analog_delta__current_periodic__block_refine2,mean_stream_goodput_per_transmitted_symbol,0.0,0.0,0.0,5,60,2000
fixed,high_duty,spike__current_periodic__block_refine2,analog_delta__current_periodic__block_refine2,mean_stream_first_word_failure,0.0,0.0,0.0,5,60,2000
fixed,high_duty,spike__lag_guard8__block_refine2,analog_delta__lag_guard8__block_refine2,mean_stream_bler,0.04120370370370371,0.020833333333333336,0.06458333333333333,5,60,2000
fixed,high_duty,spike__lag_guard8__block_refine2,analog_delta__lag_guard8__block_refine2,mean_stream_goodput_per_transmitted_symbol,-0.022342342342342336,-0.03463063063063063,-0.01117117117117117,5,60,2000
fixed,high_duty,spike__lag_guard8__block_refine2,analog_delta__lag_guard8__block_refine2,mean_stream_first_word_failure,0.0,0.0,0.0,5,60,2000
fixed,high_duty,spike__current_guard8__block_refine2,analog_delta__current_guard8__block_refine2,mean_stream_bler,0.04930555555555556,0.026846064814814812,0.07407986111111108,5,60,2000
fixed,high_duty,spike__current_guard8__block_refine2,analog_delta__current_guard8__block_refine2,mean_stream_goodput_per_transmitted_symbol,-0.026810810810810805,-0.040216216216216204,-0.014522522522522518,5,60,2000
fixed,high_duty,spike__current_guard8__block_refine2,analog_delta__current_guard8__block_refine2,mean_stream_first_word_failure,0.11666666666666667,0.016666666666666666,0.25,5,60,2000
fixed,high_duty,spike__refresh_guard8__block_refine2,analog_delta__refresh_guard8__block_refine2,mean_stream_bler,0.0,0.0,0.0,5,60,2000
fixed,high_duty,spike__refresh_guard8__block_refine2,analog_delta__refresh_guard8__block_refine2,mean_stream_goodput_per_transmitted_symbol,0.0,0.0,0.0,5,60,2000
fixed,high_duty,spike__refresh_guard8__block_refine2,analog_delta__refresh_guard8__block_refine2,mean_stream_first_word_failure,0.0,0.0,0.0,5,60,2000
fixed,high_duty,spike__rescue_guard8__block_refine2,analog_delta__rescue_guard8__block_refine2,mean_stream_bler,0.0,0.0,0.0,5,60,2000
fixed,high_duty,spike__rescue_guard8__block_refine2,analog_delta__rescue_guard8__block_refine2,mean_stream_goodput_per_transmitted_symbol,0.0,0.0,0.0,5,60,2000
fixed,high_duty,spike__rescue_guard8__block_refine2,analog_delta__rescue_guard8__block_refine2,mean_stream_first_word_failure,0.0,0.0,0.0,5,60,2000
fixed,high_duty,spike__rescue_periodic__block_refine2,analog_delta__rescue_periodic__block_refine2,mean_stream_bler,0.0,0.0,0.0,5,60,2000
fixed,high_duty,spike__rescue_periodic__block_refine2,analog_delta__rescue_periodic__block_refine2,mean_stream_goodput_per_transmitted_symbol,0.0,0.0,0.0,5,60,2000
fixed,high_duty,spike__rescue_periodic__block_refine2,analog_delta__rescue_periodic__block_refine2,mean_stream_first_word_failure,0.0,0.0,0.0,5,60,2000
random,clean,spike__current_periodic__block_refine2,spike__lag_periodic__block_refine2,mean_stream_bler,0.0,0.0,0.0,5,60,2000
random,clean,spike__current_periodic__block_refine2,spike__lag_periodic__block_refine2,mean_stream_goodput_per_transmitted_symbol,0.0,0.0,0.0,5,60,2000
random,clean,spike__current_periodic__block_refine2,spike__lag_periodic__block_refine2,mean_stream_first_word_failure,0.0,0.0,0.0,5,60,2000
random,clean,spike__current_guard8__block_refine2,spike__lag_guard8__block_refine2,mean_stream_bler,0.0,0.0,0.0,5,60,2000
random,clean,spike__current_guard8__block_refine2,spike__lag_guard8__block_refine2,mean_stream_goodput_per_transmitted_symbol,0.0,0.0,0.0,5,60,2000
random,clean,spike__current_guard8__block_refine2,spike__lag_guard8__block_refine2,mean_stream_first_word_failure,0.0,0.0,0.0,5,60,2000
random,clean,spike__refresh_guard8__block_refine2,spike__current_guard8__block_refine2,mean_stream_bler,0.0,0.0,0.0,5,60,2000
random,clean,spike__refresh_guard8__block_refine2,spike__current_guard8__block_refine2,mean_stream_goodput_per_transmitted_symbol,0.0,0.0,0.0,5,60,2000
random,clean,spike__refresh_guard8__block_refine2,spike__current_guard8__block_refine2,mean_stream_first_word_failure,0.0,0.0,0.0,5,60,2000
random,clean,spike__rescue_guard8__block_refine2,spike__refresh_guard8__block_refine2,mean_stream_bler,0.0,0.0,0.0,5,60,2000
random,clean,spike__rescue_guard8__block_refine2,spike__refresh_guard8__block_refine2,mean_stream_goodput_per_transmitted_symbol,0.0,0.0,0.0,5,60,2000
random,clean,spike__rescue_guard8__block_refine2,spike__refresh_guard8__block_refine2,mean_stream_first_word_failure,0.0,0.0,0.0,5,60,2000
random,clean,spike__rescue_periodic__block_refine2,spike__current_periodic__block_refine2,mean_stream_bler,0.0,0.0,0.0,5,60,2000
random,clean,spike__rescue_periodic__block_refine2,spike__current_periodic__block_refine2,mean_stream_goodput_per_transmitted_symbol,0.0,0.0,0.0,5,60,2000
random,clean,spike__rescue_periodic__block_refine2,spike__current_periodic__block_refine2,mean_stream_first_word_failure,0.0,0.0,0.0,5,60,2000
random,clean,spike__current_guard8__block_refine2,spike__current_periodic__block_refine2,mean_stream_bler,0.0,0.0,0.0,5,60,2000
random,clean,spike__current_guard8__block_refine2,spike__current_periodic__block_refine2,mean_stream_goodput_per_transmitted_symbol,0.0,0.0,0.0,5,60,2000
random,clean,spike__current_guard8__block_refine2,spike__current_periodic__block_refine2,mean_stream_first_word_failure,0.0,0.0,0.0,5,60,2000
random,clean,spike__refresh_guard8__block_refine2,spike__current_periodic__block_refine2,mean_stream_bler,0.0,0.0,0.0,5,60,2000
random,clean,spike__refresh_guard8__block_refine2,spike__current_periodic__block_refine2,mean_stream_goodput_per_transmitted_symbol,0.0,0.0,0.0,5,60,2000
random,clean,spike__refresh_guard8__block_refine2,spike__current_periodic__block_refine2,mean_stream_first_word_failure,0.0,0.0,0.0,5,60,2000
random,clean,spike__rescue_guard8__block_refine2,spike__current_periodic__block_refine2,mean_stream_bler,0.0,0.0,0.0,5,60,2000
random,clean,spike__rescue_guard8__block_refine2,spike__current_periodic__block_refine2,mean_stream_goodput_per_transmitted_symbol,0.0,0.0,0.0,5,60,2000
random,clean,spike__rescue_guard8__block_refine2,spike__current_periodic__block_refine2,mean_stream_first_word_failure,0.0,0.0,0.0,5,60,2000
random,clean,spike__current_periodic__block_refine2,rule__rule__block_refine2,mean_stream_bler,0.0,0.0,0.0,5,60,2000
random,clean,spike__current_periodic__block_refine2,rule__rule__block_refine2,mean_stream_goodput_per_transmitted_symbol,0.0,0.0,0.0,5,60,2000
random,clean,spike__current_periodic__block_refine2,rule__rule__block_refine2,mean_stream_first_word_failure,0.0,0.0,0.0,5,60,2000
random,clean,spike__rescue_guard8__block_refine2,rule__rule__block_refine2,mean_stream_bler,0.0,0.0,0.0,5,60,2000
random,clean,spike__rescue_guard8__block_refine2,rule__rule__block_refine2,mean_stream_goodput_per_transmitted_symbol,0.0,0.0,0.0,5,60,2000
random,clean,spike__rescue_guard8__block_refine2,rule__rule__block_refine2,mean_stream_first_word_failure,0.0,0.0,0.0,5,60,2000
random,clean,spike__rescue_periodic__block_refine2,rule__rule__block_refine2,mean_stream_bler,0.0,0.0,0.0,5,60,2000
random,clean,spike__rescue_periodic__block_refine2,rule__rule__block_refine2,mean_stream_goodput_per_transmitted_symbol,0.0,0.0,0.0,5,60,2000
random,clean,spike__rescue_periodic__block_refine2,rule__rule__block_refine2,mean_stream_first_word_failure,0.0,0.0,0.0,5,60,2000
random,clean,analog_delta__current_periodic__block_refine2,analog_delta__lag_periodic__block_refine2,mean_stream_bler,0.0,0.0,0.0,5,60,2000
random,clean,analog_delta__current_periodic__block_refine2,analog_delta__lag_periodic__block_refine2,mean_stream_goodput_per_transmitted_symbol,0.0,0.0,0.0,5,60,2000
random,clean,analog_delta__current_periodic__block_refine2,analog_delta__lag_periodic__block_refine2,mean_stream_first_word_failure,0.0,0.0,0.0,5,60,2000
random,clean,analog_delta__current_guard8__block_refine2,analog_delta__lag_guard8__block_refine2,mean_stream_bler,0.0,0.0,0.0,5,60,2000
random,clean,analog_delta__current_guard8__block_refine2,analog_delta__lag_guard8__block_refine2,mean_stream_goodput_per_transmitted_symbol,0.0,0.0,0.0,5,60,2000
random,clean,analog_delta__current_guard8__block_refine2,analog_delta__lag_guard8__block_refine2,mean_stream_first_word_failure,0.0,0.0,0.0,5,60,2000
random,clean,analog_delta__refresh_guard8__block_refine2,analog_delta__current_guard8__block_refine2,mean_stream_bler,0.0,0.0,0.0,5,60,2000
random,clean,analog_delta__refresh_guard8__block_refine2,analog_delta__current_guard8__block_refine2,mean_stream_goodput_per_transmitted_symbol,0.0,0.0,0.0,5,60,2000
random,clean,analog_delta__refresh_guard8__block_refine2,analog_delta__current_guard8__block_refine2,mean_stream_first_word_failure,0.0,0.0,0.0,5,60,2000
random,clean,analog_delta__rescue_guard8__block_refine2,analog_delta__refresh_guard8__block_refine2,mean_stream_bler,0.0,0.0,0.0,5,60,2000
random,clean,analog_delta__rescue_guard8__block_refine2,analog_delta__refresh_guard8__block_refine2,mean_stream_goodput_per_transmitted_symbol,0.0,0.0,0.0,5,60,2000
random,clean,analog_delta__rescue_guard8__block_refine2,analog_delta__refresh_guard8__block_refine2,mean_stream_first_word_failure,0.0,0.0,0.0,5,60,2000
random,clean,analog_delta__rescue_periodic__block_refine2,analog_delta__current_periodic__block_refine2,mean_stream_bler,0.0,0.0,0.0,5,60,2000
random,clean,analog_delta__rescue_periodic__block_refine2,analog_delta__current_periodic__block_refine2,mean_stream_goodput_per_transmitted_symbol,0.0,0.0,0.0,5,60,2000
random,clean,analog_delta__rescue_periodic__block_refine2,analog_delta__current_periodic__block_refine2,mean_stream_first_word_failure,0.0,0.0,0.0,5,60,2000
random,clean,analog_delta__current_guard8__block_refine2,analog_delta__current_periodic__block_refine2,mean_stream_bler,0.0,0.0,0.0,5,60,2000
random,clean,analog_delta__current_guard8__block_refine2,analog_delta__current_periodic__block_refine2,mean_stream_goodput_per_transmitted_symbol,0.0,0.0,0.0,5,60,2000
random,clean,analog_delta__current_guard8__block_refine2,analog_delta__current_periodic__block_refine2,mean_stream_first_word_failure,0.0,0.0,0.0,5,60,2000
random,clean,analog_delta__refresh_guard8__block_refine2,analog_delta__current_periodic__block_refine2,mean_stream_bler,0.0,0.0,0.0,5,60,2000
random,clean,analog_delta__refresh_guard8__block_refine2,analog_delta__current_periodic__block_refine2,mean_stream_goodput_per_transmitted_symbol,0.0,0.0,0.0,5,60,2000
random,clean,analog_delta__refresh_guard8__block_refine2,analog_delta__current_periodic__block_refine2,mean_stream_first_word_failure,0.0,0.0,0.0,5,60,2000
random,clean,analog_delta__rescue_guard8__block_refine2,analog_delta__current_periodic__block_refine2,mean_stream_bler,0.0,0.0,0.0,5,60,2000
random,clean,analog_delta__rescue_guard8__block_refine2,analog_delta__current_periodic__block_refine2,mean_stream_goodput_per_transmitted_symbol,0.0,0.0,0.0,5,60,2000
random,clean,analog_delta__rescue_guard8__block_refine2,analog_delta__current_periodic__block_refine2,mean_stream_first_word_failure,0.0,0.0,0.0,5,60,2000
random,clean,analog_delta__current_periodic__block_refine2,rule__rule__block_refine2,mean_stream_bler,0.0,0.0,0.0,5,60,2000
random,clean,analog_delta__current_periodic__block_refine2,rule__rule__block_refine2,mean_stream_goodput_per_transmitted_symbol,0.0,0.0,0.0,5,60,2000
random,clean,analog_delta__current_periodic__block_refine2,rule__rule__block_refine2,mean_stream_first_word_failure,0.0,0.0,0.0,5,60,2000
random,clean,analog_delta__rescue_guard8__block_refine2,rule__rule__block_refine2,mean_stream_bler,0.0,0.0,0.0,5,60,2000
random,clean,analog_delta__rescue_guard8__block_refine2,rule__rule__block_refine2,mean_stream_goodput_per_transmitted_symbol,0.0,0.0,0.0,5,60,2000
random,clean,analog_delta__rescue_guard8__block_refine2,rule__rule__block_refine2,mean_stream_first_word_failure,0.0,0.0,0.0,5,60,2000
random,clean,analog_delta__rescue_periodic__block_refine2,rule__rule__block_refine2,mean_stream_bler,0.0,0.0,0.0,5,60,2000
random,clean,analog_delta__rescue_periodic__block_refine2,rule__rule__block_refine2,mean_stream_goodput_per_transmitted_symbol,0.0,0.0,0.0,5,60,2000
random,clean,analog_delta__rescue_periodic__block_refine2,rule__rule__block_refine2,mean_stream_first_word_failure,0.0,0.0,0.0,5,60,2000
random,clean,spike__lag_periodic__block_refine2,analog_delta__lag_periodic__block_refine2,mean_stream_bler,0.0,0.0,0.0,5,60,2000
random,clean,spike__lag_periodic__block_refine2,analog_delta__lag_periodic__block_refine2,mean_stream_goodput_per_transmitted_symbol,0.0,0.0,0.0,5,60,2000
random,clean,spike__lag_periodic__block_refine2,analog_delta__lag_periodic__block_refine2,mean_stream_first_word_failure,0.0,0.0,0.0,5,60,2000
random,clean,spike__current_periodic__block_refine2,analog_delta__current_periodic__block_refine2,mean_stream_bler,0.0,0.0,0.0,5,60,2000
random,clean,spike__current_periodic__block_refine2,analog_delta__current_periodic__block_refine2,mean_stream_goodput_per_transmitted_symbol,0.0,0.0,0.0,5,60,2000
random,clean,spike__current_periodic__block_refine2,analog_delta__current_periodic__block_refine2,mean_stream_first_word_failure,0.0,0.0,0.0,5,60,2000
random,clean,spike__lag_guard8__block_refine2,analog_delta__lag_guard8__block_refine2,mean_stream_bler,0.0,0.0,0.0,5,60,2000
random,clean,spike__lag_guard8__block_refine2,analog_delta__lag_guard8__block_refine2,mean_stream_goodput_per_transmitted_symbol,0.0,0.0,0.0,5,60,2000
random,clean,spike__lag_guard8__block_refine2,analog_delta__lag_guard8__block_refine2,mean_stream_first_word_failure,0.0,0.0,0.0,5,60,2000
random,clean,spike__current_guard8__block_refine2,analog_delta__current_guard8__block_refine2,mean_stream_bler,0.0,0.0,0.0,5,60,2000
random,clean,spike__current_guard8__block_refine2,analog_delta__current_guard8__block_refine2,mean_stream_goodput_per_transmitted_symbol,0.0,0.0,0.0,5,60,2000
random,clean,spike__current_guard8__block_refine2,analog_delta__current_guard8__block_refine2,mean_stream_first_word_failure,0.0,0.0,0.0,5,60,2000
random,clean,spike__refresh_guard8__block_refine2,analog_delta__refresh_guard8__block_refine2,mean_stream_bler,0.0,0.0,0.0,5,60,2000
random,clean,spike__refresh_guard8__block_refine2,analog_delta__refresh_guard8__block_refine2,mean_stream_goodput_per_transmitted_symbol,0.0,0.0,0.0,5,60,2000
random,clean,spike__refresh_guard8__block_refine2,analog_delta__refresh_guard8__block_refine2,mean_stream_first_word_failure,0.0,0.0,0.0,5,60,2000
random,clean,spike__rescue_guard8__block_refine2,analog_delta__rescue_guard8__block_refine2,mean_stream_bler,0.0,0.0,0.0,5,60,2000
random,clean,spike__rescue_guard8__block_refine2,analog_delta__rescue_guard8__block_refine2,mean_stream_goodput_per_transmitted_symbol,0.0,0.0,0.0,5,60,2000
random,clean,spike__rescue_guard8__block_refine2,analog_delta__rescue_guard8__block_refine2,mean_stream_first_word_failure,0.0,0.0,0.0,5,60,2000
random,clean,spike__rescue_periodic__block_refine2,analog_delta__rescue_periodic__block_refine2,mean_stream_bler,0.0,0.0,0.0,5,60,2000
random,clean,spike__rescue_periodic__block_refine2,analog_delta__rescue_periodic__block_refine2,mean_stream_goodput_per_transmitted_symbol,0.0,0.0,0.0,5,60,2000
random,clean,spike__rescue_periodic__block_refine2,analog_delta__rescue_periodic__block_refine2,mean_stream_first_word_failure,0.0,0.0,0.0,5,60,2000
random,nominal,spike__current_periodic__block_refine2,spike__lag_periodic__block_refine2,mean_stream_bler,-0.028637566137566135,-0.049108796296296296,-0.011607142857142858,5,60,2000
random,nominal,spike__current_periodic__block_refine2,spike__lag_periodic__block_refine2,mean_stream_goodput_per_transmitted_symbol,0.014957947876939045,0.00594976714032442,0.02565059698625242,5,60,2000
random,nominal,spike__current_periodic__block_refine2,spike__lag_periodic__block_refine2,mean_stream_first_word_failure,-0.13333333333333333,-0.25,-0.05,5,60,2000
random,nominal,spike__current_guard8__block_refine2,spike__lag_guard8__block_refine2,mean_stream_bler,-0.008101851851851853,-0.02351190476190476,0.006117724867724867,5,60,2000
random,nominal,spike__current_guard8__block_refine2,spike__lag_guard8__block_refine2,mean_stream_goodput_per_transmitted_symbol,0.004261651534822267,-0.0031004259290844595,0.012324310108822303,5,60,2000
random,nominal,spike__current_guard8__block_refine2,spike__lag_guard8__block_refine2,mean_stream_first_word_failure,-0.016666666666666666,-0.06666666666666667,0.0,5,60,2000
random,nominal,spike__refresh_guard8__block_refine2,spike__current_guard8__block_refine2,mean_stream_bler,-0.03660714285714285,-0.06220982142857143,-0.01517857142857143,5,60,2000
random,nominal,spike__refresh_guard8__block_refine2,spike__current_guard8__block_refine2,mean_stream_goodput_per_transmitted_symbol,0.01903225537219345,0.008042232277526398,0.03218741321114385,5,60,2000
random,nominal,spike__refresh_guard8__block_refine2,spike__current_guard8__block_refine2,mean_stream_first_word_failure,-0.11666666666666667,-0.21666666666666667,-0.03333333333333333,5,60,2000
random,nominal,spike__rescue_guard8__block_refine2,spike__refresh_guard8__block_refine2,mean_stream_bler,-0.0023809523809523807,-0.014285714285714285,0.009523809523809523,5,60,2000
random,nominal,spike__rescue_guard8__block_refine2,spike__refresh_guard8__block_refine2,mean_stream_goodput_per_transmitted_symbol,0.001396043771043771,-0.00469100529100529,0.007710858585858583,5,60,2000
random,nominal,spike__rescue_guard8__block_refine2,spike__refresh_guard8__block_refine2,mean_stream_first_word_failure,0.0,0.0,0.0,5,60,2000
random,nominal,spike__rescue_periodic__block_refine2,spike__current_periodic__block_refine2,mean_stream_bler,0.0,-0.013988095238095237,0.01369047619047619,5,60,2000
random,nominal,spike__rescue_periodic__block_refine2,spike__current_periodic__block_refine2,mean_stream_goodput_per_transmitted_symbol,0.00018035749653396715,-0.0070239651416122,0.007593434343434345,5,60,2000
random,nominal,spike__rescue_periodic__block_refine2,spike__current_periodic__block_refine2,mean_stream_first_word_failure,0.0,0.0,0.0,5,60,2000
random,nominal,spike__current_guard8__block_refine2,spike__current_periodic__block_refine2,mean_stream_bler,0.036904761904761905,0.013683035714285714,0.06518601190476185,5,60,2000
random,nominal,spike__current_guard8__block_refine2,spike__current_periodic__block_refine2,mean_stream_goodput_per_transmitted_symbol,-0.01903225537219345,-0.033350932524074936,-0.007037308706658559,5,60,2000
random,nominal,spike__current_guard8__block_refine2,spike__current_periodic__block_refine2,mean_stream_first_word_failure,0.11666666666666667,0.03333333333333333,0.21666666666666667,5,60,2000
random,nominal,spike__refresh_guard8__block_refine2,spike__current_periodic__block_refine2,mean_stream_bler,0.0002976190476190475,-0.008333333333333333,0.009523809523809523,5,60,2000
random,nominal,spike__refresh_guard8__block_refine2,spike__current_periodic__block_refine2,mean_stream_goodput_per_transmitted_symbol,-9.251858538542971e-19,-0.0048627450980392155,0.004862745098039212,5,60,2000
random,nominal,spike__refresh_guard8__block_refine2,spike__current_periodic__block_refine2,mean_stream_first_word_failure,0.0,0.0,0.0,5,60,2000
random,nominal,spike__rescue_guard8__block_refine2,spike__current_periodic__block_refine2,mean_stream_bler,-0.0020833333333333333,-0.01578125,0.011912202380952341,5,60,2000
random,nominal,spike__rescue_guard8__block_refine2,spike__current_periodic__block_refine2,mean_stream_goodput_per_transmitted_symbol,0.00139604377104377,-0.00597422969187675,0.00874244480873157,5,60,2000
random,nominal,spike__rescue_guard8__block_refine2,spike__current_periodic__block_refine2,mean_stream_first_word_failure,0.0,0.0,0.0,5,60,2000
random,nominal,spike__current_periodic__block_refine2,rule__rule__block_refine2,mean_stream_bler,-0.0005952380952380959,-0.033936011904761906,0.03154761904761905,5,60,2000
random,nominal,spike__current_periodic__block_refine2,rule__rule__block_refine2,mean_stream_goodput_per_transmitted_symbol,-0.00030921842539489384,-0.0168967896890749,0.016530452831267452,5,60,2000
random,nominal,spike__current_periodic__block_refine2,rule__rule__block_refine2,mean_stream_first_word_failure,0.0,0.0,0.0,5,60,2000
random,nominal,spike__rescue_guard8__block_refine2,rule__rule__block_refine2,mean_stream_bler,-0.002678571428571429,-0.027388392857142865,0.021436011904761864,5,60,2000
random,nominal,spike__rescue_guard8__block_refine2,rule__rule__block_refine2,mean_stream_goodput_per_transmitted_symbol,0.0010868253456488763,-0.011688755895597997,0.013761613158083715,5,60,2000
random,nominal,spike__rescue_guard8__block_refine2,rule__rule__block_refine2,mean_stream_first_word_failure,0.0,0.0,0.0,5,60,2000
random,nominal,spike__rescue_periodic__block_refine2,rule__rule__block_refine2,mean_stream_bler,-0.0005952380952380959,-0.025602678571428575,0.023214285714285715,5,60,2000
random,nominal,spike__rescue_periodic__block_refine2,rule__rule__block_refine2,mean_stream_goodput_per_transmitted_symbol,-0.0001288609288609267,-0.012509190326589701,0.012712581604841662,5,60,2000
random,nominal,spike__rescue_periodic__block_refine2,rule__rule__block_refine2,mean_stream_first_word_failure,0.0,0.0,0.0,5,60,2000
random,nominal,analog_delta__current_periodic__block_refine2,analog_delta__lag_periodic__block_refine2,mean_stream_bler,-0.035482804232804234,-0.061818783068783065,-0.01369047619047619,5,60,2000
random,nominal,analog_delta__current_periodic__block_refine2,analog_delta__lag_periodic__block_refine2,mean_stream_goodput_per_transmitted_symbol,0.01857027280691103,0.006982403217697339,0.03271905868794941,5,60,2000
random,nominal,analog_delta__current_periodic__block_refine2,analog_delta__lag_periodic__block_refine2,mean_stream_first_word_failure,-0.13333333333333333,-0.25,-0.05,5,60,2000
random,nominal,analog_delta__current_guard8__block_refine2,analog_delta__lag_guard8__block_refine2,mean_stream_bler,-0.01673280423280423,-0.03935350529100529,0.0032738095238095226,5,60,2000
random,nominal,analog_delta__current_guard8__block_refine2,analog_delta__lag_guard8__block_refine2,mean_stream_goodput_per_transmitted_symbol,0.008838642781163357,-0.0016618454002407753,0.020787145059497997,5,60,2000
random,nominal,analog_delta__current_guard8__block_refine2,analog_delta__lag_guard8__block_refine2,mean_stream_first_word_failure,-0.05,-0.15,0.0,5,60,2000
random,nominal,analog_delta__refresh_guard8__block_refine2,analog_delta__current_guard8__block_refine2,mean_stream_bler,-0.02321428571428571,-0.04523809523809524,-0.0071354166666667065,5,60,2000
random,nominal,analog_delta__refresh_guard8__block_refine2,analog_delta__current_guard8__block_refine2,mean_stream_goodput_per_transmitted_symbol,0.011935572488513667,0.0035795206971677576,0.02310511756217639,5,60,2000
random,nominal,analog_delta__refresh_guard8__block_refine2,analog_delta__current_guard8__block_refine2,mean_stream_first_word_failure,-0.08333333333333333,-0.15000000000000002,-0.016666666666666666,5,60,2000
random,nominal,analog_delta__rescue_guard8__block_refine2,analog_delta__refresh_guard8__block_refine2,mean_stream_bler,0.0047619047619047615,-0.009523809523809523,0.020535714285714286,5,60,2000
random,nominal,analog_delta__rescue_guard8__block_refine2,analog_delta__refresh_guard8__block_refine2,mean_stream_goodput_per_transmitted_symbol,-0.0022878540305010897,-0.01066528322440087,0.005200550303454706,5,60,2000
random,nominal,analog_delta__rescue_guard8__block_refine2,analog_delta__refresh_guard8__block_refine2,mean_stream_first_word_failure,0.0,0.0,0.0,5,60,2000
random,nominal,analog_delta__rescue_periodic__block_refine2,analog_delta__current_periodic__block_refine2,mean_stream_bler,0.006845238095238095,-0.007142857142857142,0.02142857142857143,5,60,2000
random,nominal,analog_delta__rescue_periodic__block_refine2,analog_delta__current_periodic__block_refine2,mean_stream_goodput_per_transmitted_symbol,-0.0034688064114534707,-0.010874458450046686,0.0038749999999999982,5,60,2000
random,nominal,analog_delta__rescue_periodic__block_refine2,analog_delta__current_periodic__block_refine2,mean_stream_first_word_failure,0.0,0.0,0.0,5,60,2000
random,nominal,analog_delta__current_guard8__block_refine2,analog_delta__current_periodic__block_refine2,mean_stream_bler,0.025297619047619048,0.007142857142857142,0.049107142857142856,5,60,2000
random,nominal,analog_delta__current_guard8__block_refine2,analog_delta__current_periodic__block_refine2,mean_stream_goodput_per_transmitted_symbol,-0.013116524869466047,-0.02530612606347901,-0.0036470588235294143,5,60,2000
random,nominal,analog_delta__current_guard8__block_refine2,analog_delta__current_periodic__block_refine2,mean_stream_first_word_failure,0.08333333333333333,0.016666666666666666,0.15000000000000002,5,60,2000
random,nominal,analog_delta__refresh_guard8__block_refine2,analog_delta__current_periodic__block_refine2,mean_stream_bler,0.0020833333333333333,0.0,0.008333333333333333,5,60,2000
random,nominal,analog_delta__refresh_guard8__block_refine2,analog_delta__current_periodic__block_refine2,mean_stream_goodput_per_transmitted_symbol,-0.0011809523809523806,-0.0047238095238095225,0.0,5,60,2000
random,nominal,analog_delta__refresh_guard8__block_refine2,analog_delta__current_periodic__block_refine2,mean_stream_first_word_failure,0.0,0.0,0.0,5,60,2000
random,nominal,analog_delta__rescue_guard8__block_refine2,analog_delta__current_periodic__block_refine2,mean_stream_bler,0.006845238095238095,-0.007142857142857142,0.02142857142857143,5,60,2000
random,nominal,analog_delta__rescue_guard8__block_refine2,analog_delta__current_periodic__block_refine2,mean_stream_goodput_per_transmitted_symbol,-0.0034688064114534707,-0.010874458450046686,0.0038749999999999982,5,60,2000
random,nominal,analog_delta__rescue_guard8__block_refine2,analog_delta__current_periodic__block_refine2,mean_stream_first_word_failure,0.0,0.0,0.0,5,60,2000
random,nominal,analog_delta__current_periodic__block_refine2,rule__rule__block_refine2,mean_stream_bler,-0.009523809523809523,-0.04226934523809524,0.019642857142857142,5,60,2000
random,nominal,analog_delta__current_periodic__block_refine2,rule__rule__block_refine2,mean_stream_goodput_per_transmitted_symbol,0.00445706259970966,-0.010641998612842261,0.02115633839500712,5,60,2000
random,nominal,analog_delta__current_periodic__block_refine2,rule__rule__block_refine2,mean_stream_first_word_failure,0.0,0.0,0.0,5,60,2000
random,nominal,analog_delta__rescue_guard8__block_refine2,rule__rule__block_refine2,mean_stream_bler,-0.002678571428571429,-0.026190476190476195,0.017857142857142856,5,60,2000
random,nominal,analog_delta__rescue_guard8__block_refine2,rule__rule__block_refine2,mean_stream_goodput_per_transmitted_symbol,0.0009882561882561902,-0.009653751133627287,0.013009527204821314,5,60,2000
random,nominal,analog_delta__rescue_guard8__block_refine2,rule__rule__block_refine2,mean_stream_first_word_failure,0.0,0.0,0.0,5,60,2000
random,nominal,analog_delta__rescue_periodic__block_refine2,rule__rule__block_refine2,mean_stream_bler,-0.002678571428571429,-0.026190476190476195,0.017857142857142856,5,60,2000
random,nominal,analog_delta__rescue_periodic__block_refine2,rule__rule__block_refine2,mean_stream_goodput_per_transmitted_symbol,0.0009882561882561902,-0.009653751133627287,0.013009527204821314,5,60,2000
random,nominal,analog_delta__rescue_periodic__block_refine2,rule__rule__block_refine2,mean_stream_first_word_failure,0.0,0.0,0.0,5,60,2000
random,nominal,spike__lag_periodic__block_refine2,analog_delta__lag_periodic__block_refine2,mean_stream_bler,0.0020833333333333333,-0.009523809523809523,0.015483630952380912,5,60,2000
random,nominal,spike__lag_periodic__block_refine2,analog_delta__lag_periodic__block_refine2,mean_stream_goodput_per_transmitted_symbol,-0.0011539560951325661,-0.008265347432994492,0.0048627450980392155,5,60,2000
random,nominal,spike__lag_periodic__block_refine2,analog_delta__lag_periodic__block_refine2,mean_stream_first_word_failure,0.0,0.0,0.0,5,60,2000
random,nominal,spike__current_periodic__block_refine2,analog_delta__current_periodic__block_refine2,mean_stream_bler,0.008928571428571428,0.0,0.021436011904761864,5,60,2000
random,nominal,spike__current_periodic__block_refine2,analog_delta__current_periodic__block_refine2,mean_stream_goodput_per_transmitted_symbol,-0.0047662810251045545,-0.011629335691688631,0.0,5,60,2000
random,nominal,spike__current_periodic__block_refine2,analog_delta__current_periodic__block_refine2,mean_stream_first_word_failure,0.0,0.0,0.0,5,60,2000
random,nominal,spike__lag_guard8__block_refine2,analog_delta__lag_guard8__block_refine2,mean_stream_bler,0.011904761904761906,-0.0020833333333333333,0.029166666666666667,5,60,2000
random,nominal,spike__lag_guard8__block_refine2,analog_delta__lag_guard8__block_refine2,mean_stream_goodput_per_transmitted_symbol,-0.0061050202814908715,-0.015023835967953618,0.0012463835263835166,5,60,2000
random,nominal,spike__lag_guard8__block_refine2,analog_delta__lag_guard8__block_refine2,mean_stream_first_word_failure,0.0,0.0,0.0,5,60,2000
random,nominal,spike__current_guard8__block_refine2,analog_delta__current_guard8__block_refine2,mean_stream_bler,0.020535714285714282,0.0047619047619047615,0.04287202380952373,5,60,2000
random,nominal,spike__current_guard8__block_refine2,analog_delta__current_guard8__block_refine2,mean_stream_goodput_per_transmitted_symbol,-0.01068201152783196,-0.022006345185602155,-0.0024313725490196078,5,60,2000
random,nominal,spike__current_guard8__block_refine2,analog_delta__current_guard8__block_refine2,mean_stream_first_word_failure,0.03333333333333333,0.0,0.1,5,60,2000
random,nominal,spike__refresh_guard8__block_refine2,analog_delta__refresh_guard8__block_refine2,mean_stream_bler,0.007142857142857143,-0.0056547619047619055,0.02113095238095238,5,60,2000
random,nominal,spike__refresh_guard8__block_refine2,analog_delta__refresh_guard8__block_refine2,mean_stream_goodput_per_transmitted_symbol,-0.0035853286441521748,-0.010978068075715136,0.003542857142857142,5,60,2000
random,nominal,spike__refresh_guard8__block_refine2,analog_delta__refresh_guard8__block_refine2,mean_stream_first_word_failure,0.0,0.0,0.0,5,60,2000
random,nominal,spike__rescue_guard8__block_refine2,analog_delta__rescue_guard8__block_refine2,mean_stream_bler,0.0,-0.008333333333333333,0.008333333333333333,5,60,2000
random,nominal,spike__rescue_guard8__block_refine2,analog_delta__rescue_guard8__block_refine2,mean_stream_goodput_per_transmitted_symbol,9.856915739268612e-05,-0.004468468468468467,0.004862745098039212,5,60,2000
random,nominal,spike__rescue_guard8__block_refine2,analog_delta__rescue_guard8__block_refine2,mean_stream_first_word_failure,0.0,0.0,0.0,5,60,2000
random,nominal,spike__rescue_periodic__block_refine2,analog_delta__rescue_periodic__block_refine2,mean_stream_bler,0.0020833333333333333,0.0,0.008333333333333333,5,60,2000
random,nominal,spike__rescue_periodic__block_refine2,analog_delta__rescue_periodic__block_refine2,mean_stream_goodput_per_transmitted_symbol,-0.0011171171171171167,-0.004468468468468467,0.0,5,60,2000
random,nominal,spike__rescue_periodic__block_refine2,analog_delta__rescue_periodic__block_refine2,mean_stream_first_word_failure,0.0,0.0,0.0,5,60,2000
random,short_dwell,spike__current_periodic__block_refine2,spike__lag_periodic__block_refine2,mean_stream_bler,-0.06388888888888887,-0.11388888888888887,-0.024999999999999998,5,60,2000
random,short_dwell,spike__current_periodic__block_refine2,spike__lag_periodic__block_refine2,mean_stream_goodput_per_transmitted_symbol,0.028569033695349483,0.011118908382066276,0.04944344611528822,5,60,2000
random,short_dwell,spike__current_periodic__block_refine2,spike__lag_periodic__block_refine2,mean_stream_first_word_failure,-0.18333333333333332,-0.31666666666666665,-0.06666666666666667,5,60,2000
random,short_dwell,spike__current_guard8__block_refine2,spike__lag_guard8__block_refine2,mean_stream_bler,-0.01944444444444444,-0.05138888888888888,0.01111111111111111,5,60,2000
random,short_dwell,spike__current_guard8__block_refine2,spike__lag_guard8__block_refine2,mean_stream_goodput_per_transmitted_symbol,0.00845790620341704,-0.00423890608875129,0.02153744639376218,5,60,2000
random,short_dwell,spike__current_guard8__block_refine2,spike__lag_guard8__block_refine2,mean_stream_first_word_failure,-0.016666666666666666,-0.06666666666666667,0.0,5,60,2000
random,short_dwell,spike__refresh_guard8__block_refine2,spike__current_guard8__block_refine2,mean_stream_bler,-0.11527777777777777,-0.1972222222222222,-0.04579861111111129,5,60,2000
random,short_dwell,spike__refresh_guard8__block_refine2,spike__current_guard8__block_refine2,mean_stream_goodput_per_transmitted_symbol,0.051758477894081605,0.020545438268874804,0.08823027216734647,5,60,2000
random,short_dwell,spike__refresh_guard8__block_refine2,spike__current_guard8__block_refine2,mean_stream_first_word_failure,-0.16666666666666666,-0.30000000000000004,-0.05,5,60,2000
random,short_dwell,spike__rescue_guard8__block_refine2,spike__refresh_guard8__block_refine2,mean_stream_bler,0.03333333333333333,-0.020833333333333332,0.1111111111111111,5,60,2000
random,short_dwell,spike__rescue_guard8__block_refine2,spike__refresh_guard8__block_refine2,mean_stream_goodput_per_transmitted_symbol,-0.013064717348927874,-0.04503218323586745,0.010792894736842104,5,60,2000
random,short_dwell,spike__rescue_guard8__block_refine2,spike__refresh_guard8__block_refine2,mean_stream_first_word_failure,0.016666666666666666,-0.08333333333333334,0.13333333333333333,5,60,2000
random,short_dwell,spike__rescue_periodic__block_refine2,spike__current_periodic__block_refine2,mean_stream_bler,0.02638888888888889,-0.022256944444444444,0.09305555555555553,5,60,2000
random,short_dwell,spike__rescue_periodic__block_refine2,spike__current_periodic__block_refine2,mean_stream_goodput_per_transmitted_symbol,-0.010754202499713336,-0.03736706799678935,0.011065108932461862,5,60,2000
random,short_dwell,spike__rescue_periodic__block_refine2,spike__current_periodic__block_refine2,mean_stream_first_word_failure,0.016666666666666666,-0.08333333333333334,0.13333333333333333,5,60,2000
random,short_dwell,spike__current_guard8__block_refine2,spike__current_periodic__block_refine2,mean_stream_bler,0.10416666666666666,0.04024305555555555,0.1847222222222222,5,60,2000
random,short_dwell,spike__current_guard8__block_refine2,spike__current_periodic__block_refine2,mean_stream_goodput_per_transmitted_symbol,-0.04715166674857078,-0.08257060002948546,-0.018547391354202504,5,60,2000
random,short_dwell,spike__current_guard8__block_refine2,spike__current_periodic__block_refine2,mean_stream_first_word_failure,0.16666666666666666,0.05,0.30000000000000004,5,60,2000
random,short_dwell,spike__refresh_guard8__block_refine2,spike__current_periodic__block_refine2,mean_stream_bler,-0.01111111111111111,-0.03333333333333333,0.0,5,60,2000
random,short_dwell,spike__refresh_guard8__block_refine2,spike__current_periodic__block_refine2,mean_stream_goodput_per_transmitted_symbol,0.004606811145510837,0.0,0.014338699690402442,5,60,2000
random,short_dwell,spike__refresh_guard8__block_refine2,spike__current_periodic__block_refine2,mean_stream_first_word_failure,0.0,0.0,0.0,5,60,2000
random,short_dwell,spike__rescue_guard8__block_refine2,spike__current_periodic__block_refine2,mean_stream_bler,0.02222222222222222,-0.027777777777777776,0.08892361111111093,5,60,2000
random,short_dwell,spike__rescue_guard8__block_refine2,spike__current_periodic__block_refine2,mean_stream_goodput_per_transmitted_symbol,-0.00845790620341704,-0.0364512865497076,0.013765620915032672,5,60,2000
random,short_dwell,spike__rescue_guard8__block_refine2,spike__current_periodic__block_refine2,mean_stream_first_word_failure,0.016666666666666666,-0.08333333333333334,0.13333333333333333,5,60,2000
random,short_dwell,spike__current_periodic__block_refine2,rule__rule__block_refine2,mean_stream_bler,-0.03611111111111111,-0.10416666666666666,0.015277777777777776,5,60,2000
random,short_dwell,spike__current_periodic__block_refine2,rule__rule__block_refine2,mean_stream_goodput_per_transmitted_symbol,0.015117165462676298,-0.007523747276688452,0.04307251117991055,5,60,2000
random,short_dwell,spike__current_periodic__block_refine2,rule__rule__block_refine2,mean_stream_first_word_failure,-0.016666666666666666,-0.13333333333333333,0.08333333333333334,5,60,2000
random,short_dwell,spike__rescue_guard8__block_refine2,rule__rule__block_refine2,mean_stream_bler,-0.013888888888888888,-0.04027777777777777,0.0,5,60,2000
random,short_dwell,spike__rescue_guard8__block_refine2,rule__rule__block_refine2,mean_stream_goodput_per_transmitted_symbol,0.006659259259259259,0.0,0.01928888888888889,5,60,2000
random,short_dwell,spike__rescue_guard8__block_refine2,rule__rule__block_refine2,mean_stream_first_word_failure,0.0,0.0,0.0,5,60,2000
random,short_dwell,spike__rescue_periodic__block_refine2,rule__rule__block_refine2,mean_stream_bler,-0.00972222222222222,-0.03611111111111111,0.0,5,60,2000
random,short_dwell,spike__rescue_periodic__block_refine2,rule__rule__block_refine2,mean_stream_goodput_per_transmitted_symbol,0.004362962962962963,0.0,0.015620555555555523,5,60,2000
random,short_dwell,spike__rescue_periodic__block_refine2,rule__rule__block_refine2,mean_stream_first_word_failure,0.0,0.0,0.0,5,60,2000
random,short_dwell,analog_delta__current_periodic__block_refine2,analog_delta__lag_periodic__block_refine2,mean_stream_bler,-0.06805555555555555,-0.10833333333333334,-0.03194444444444444,5,60,2000
random,short_dwell,analog_delta__current_periodic__block_refine2,analog_delta__lag_periodic__block_refine2,mean_stream_goodput_per_transmitted_symbol,0.031000406244369092,0.01538259537733222,0.0485256359853883,5,60,2000
random,short_dwell,analog_delta__current_periodic__block_refine2,analog_delta__lag_periodic__block_refine2,mean_stream_first_word_failure,-0.2,-0.33333333333333337,-0.06666666666666667,5,60,2000
random,short_dwell,analog_delta__current_guard8__block_refine2,analog_delta__lag_guard8__block_refine2,mean_stream_bler,-0.03472222222222222,-0.07222222222222222,-0.005555555555555555,5,60,2000
random,short_dwell,analog_delta__current_guard8__block_refine2,analog_delta__lag_guard8__block_refine2,mean_stream_goodput_per_transmitted_symbol,0.01536101364522417,0.0022962962962962963,0.030494512670565292,5,60,2000
random,short_dwell,analog_delta__current_guard8__block_refine2,analog_delta__lag_guard8__block_refine2,mean_stream_first_word_failure,-0.06666666666666667,-0.15041666666666667,0.0,5,60,2000
random,short_dwell,analog_delta__refresh_guard8__block_refine2,analog_delta__current_guard8__block_refine2,mean_stream_bler,-0.058333333333333334,-0.12638888888888888,-0.008333333333333333,5,60,2000
random,short_dwell,analog_delta__refresh_guard8__block_refine2,analog_delta__current_guard8__block_refine2,mean_stream_goodput_per_transmitted_symbol,0.027135092633544647,0.004471150916506953,0.05928344390387734,5,60,2000
random,short_dwell,analog_delta__refresh_guard8__block_refine2,analog_delta__current_guard8__block_refine2,mean_stream_first_word_failure,-0.13333333333333333,-0.26666666666666666,-0.03333333333333333,5,60,2000
random,short_dwell,analog_delta__rescue_guard8__block_refine2,analog_delta__refresh_guard8__block_refine2,mean_stream_bler,0.03611111111111111,0.0,0.09722222222222221,5,60,2000
random,short_dwell,analog_delta__rescue_guard8__block_refine2,analog_delta__refresh_guard8__block_refine2,mean_stream_goodput_per_transmitted_symbol,-0.015252241715399609,-0.03896512670565302,0.0,5,60,2000
random,short_dwell,analog_delta__rescue_guard8__block_refine2,analog_delta__refresh_guard8__block_refine2,mean_stream_first_word_failure,0.03333333333333333,-0.05,0.13333333333333336,5,60,2000
random,short_dwell,analog_delta__rescue_periodic__block_refine2,analog_delta__current_periodic__block_refine2,mean_stream_bler,0.04027777777777777,0.004166666666666667,0.09999999999999999,5,60,2000
random,short_dwell,analog_delta__rescue_periodic__block_refine2,analog_delta__current_periodic__block_refine2,mean_stream_goodput_per_transmitted_symbol,-0.017548538011695907,-0.040924834307992194,-0.0022962962962962963,5,60,2000
random,short_dwell,analog_delta__rescue_periodic__block_refine2,analog_delta__current_periodic__block_refine2,mean_stream_first_word_failure,0.03333333333333333,-0.05,0.13333333333333336,5,60,2000
random,short_dwell,analog_delta__current_guard8__block_refine2,analog_delta__current_periodic__block_refine2,mean_stream_bler,0.058333333333333334,0.008333333333333333,0.12638888888888888,5,60,2000
random,short_dwell,analog_delta__current_guard8__block_refine2,analog_delta__current_periodic__block_refine2,mean_stream_goodput_per_transmitted_symbol,-0.027135092633544647,-0.05928344390387734,-0.0044711509165069555,5,60,2000
random,short_dwell,analog_delta__current_guard8__block_refine2,analog_delta__current_periodic__block_refine2,mean_stream_first_word_failure,0.13333333333333333,0.03333333333333333,0.26666666666666666,5,60,2000
random,short_dwell,analog_delta__refresh_guard8__block_refine2,analog_delta__current_periodic__block_refine2,mean_stream_bler,0.0,0.0,0.0,5,60,2000
random,short_dwell,analog_delta__refresh_guard8__block_refine2,analog_delta__current_periodic__block_refine2,mean_stream_goodput_per_transmitted_symbol,0.0,0.0,0.0,5,60,2000
random,short_dwell,analog_delta__refresh_guard8__block_refine2,analog_delta__current_periodic__block_refine2,mean_stream_first_word_failure,0.0,0.0,0.0,5,60,2000
random,short_dwell,analog_delta__rescue_guard8__block_refine2,analog_delta__current_periodic__block_refine2,mean_stream_bler,0.03611111111111111,0.0,0.09722222222222221,5,60,2000
random,short_dwell,analog_delta__rescue_guard8__block_refine2,analog_delta__current_periodic__block_refine2,mean_stream_goodput_per_transmitted_symbol,-0.015252241715399609,-0.03896512670565302,0.0,5,60,2000
random,short_dwell,analog_delta__rescue_guard8__block_refine2,analog_delta__current_periodic__block_refine2,mean_stream_first_word_failure,0.03333333333333333,-0.05,0.13333333333333336,5,60,2000
random,short_dwell,analog_delta__current_periodic__block_refine2,rule__rule__block_refine2,mean_stream_bler,-0.049999999999999996,-0.11249999999999999,-0.004166666666666667,5,60,2000
random,short_dwell,analog_delta__current_periodic__block_refine2,rule__rule__block_refine2,mean_stream_goodput_per_transmitted_symbol,0.021911500974658868,0.0022962962962962963,0.0471133528265107,5,60,2000
random,short_dwell,analog_delta__current_periodic__block_refine2,rule__rule__block_refine2,mean_stream_first_word_failure,-0.03333333333333333,-0.13333333333333336,0.05,5,60,2000
random,short_dwell,analog_delta__rescue_guard8__block_refine2,rule__rule__block_refine2,mean_stream_bler,-0.013888888888888888,-0.04027777777777777,0.0,5,60,2000
random,short_dwell,analog_delta__rescue_guard8__block_refine2,rule__rule__block_refine2,mean_stream_goodput_per_transmitted_symbol,0.006659259259259259,0.0,0.01928888888888889,5,60,2000
random,short_dwell,analog_delta__rescue_guard8__block_refine2,rule__rule__block_refine2,mean_stream_first_word_failure,0.0,0.0,0.0,5,60,2000
random,short_dwell,analog_delta__rescue_periodic__block_refine2,rule__rule__block_refine2,mean_stream_bler,-0.00972222222222222,-0.03611111111111111,0.0,5,60,2000
random,short_dwell,analog_delta__rescue_periodic__block_refine2,rule__rule__block_refine2,mean_stream_goodput_per_transmitted_symbol,0.004362962962962963,0.0,0.015620555555555523,5,60,2000
random,short_dwell,analog_delta__rescue_periodic__block_refine2,rule__rule__block_refine2,mean_stream_first_word_failure,0.0,0.0,0.0,5,60,2000
random,short_dwell,spike__lag_periodic__block_refine2,analog_delta__lag_periodic__block_refine2,mean_stream_bler,0.00972222222222222,0.0,0.03055555555555555,5,60,2000
random,short_dwell,spike__lag_periodic__block_refine2,analog_delta__lag_periodic__block_refine2,mean_stream_goodput_per_transmitted_symbol,-0.004362962962962963,-0.013318518518518518,0.0,5,60,2000
random,short_dwell,spike__lag_periodic__block_refine2,analog_delta__lag_periodic__block_refine2,mean_stream_first_word_failure,0.0,0.0,0.0,5,60,2000
random,short_dwell,spike__current_periodic__block_refine2,analog_delta__current_periodic__block_refine2,mean_stream_bler,0.013888888888888888,0.0,0.03888888888888889,5,60,2000
random,short_dwell,spike__current_periodic__block_refine2,analog_delta__current_periodic__block_refine2,mean_stream_goodput_per_transmitted_symbol,-0.00679433551198257,-0.01965359477124183,0.0,5,60,2000
random,short_dwell,spike__current_periodic__block_refine2,analog_delta__current_periodic__block_refine2,mean_stream_first_word_failure,0.016666666666666666,0.0,0.06666666666666667,5,60,2000
random,short_dwell,spike__lag_guard8__block_refine2,analog_delta__lag_guard8__block_refine2,mean_stream_bler,0.04444444444444444,0.015277777777777777,0.07638888888888888,5,60,2000
random,short_dwell,spike__lag_guard8__block_refine2,analog_delta__lag_guard8__block_refine2,mean_stream_goodput_per_transmitted_symbol,-0.019907802185201565,-0.03427659696627189,-0.006888888888888889,5,60,2000
random,short_dwell,spike__lag_guard8__block_refine2,analog_delta__lag_guard8__block_refine2,mean_stream_first_word_failure,0.0,0.0,0.0,5,60,2000
random,short_dwell,spike__current_guard8__block_refine2,analog_delta__current_guard8__block_refine2,mean_stream_bler,0.05972222222222222,0.029166666666666664,0.09305555555555554,5,60,2000
random,short_dwell,spike__current_guard8__block_refine2,analog_delta__current_guard8__block_refine2,mean_stream_goodput_per_transmitted_symbol,-0.0268109096270087,-0.041299592199452874,-0.013233666764951598,5,60,2000
random,short_dwell,spike__current_guard8__block_refine2,analog_delta__current_guard8__block_refine2,mean_stream_first_word_failure,0.05,0.0,0.13333333333333336,5,60,2000
random,short_dwell,spike__refresh_guard8__block_refine2,analog_delta__refresh_guard8__block_refine2,mean_stream_bler,0.002777777777777778,-0.02222222222222222,0.029166666666666667,5,60,2000
random,short_dwell,spike__refresh_guard8__block_refine2,analog_delta__refresh_guard8__block_refine2,mean_stream_goodput_per_transmitted_symbol,-0.002187524366471735,-0.015170360623781676,0.008701754385964912,5,60,2000
random,short_dwell,spike__refresh_guard8__block_refine2,analog_delta__refresh_guard8__block_refine2,mean_stream_first_word_failure,0.016666666666666666,0.0,0.06666666666666667,5,60,2000
random,short_dwell,spike__rescue_guard8__block_refine2,analog_delta__rescue_guard8__block_refine2,mean_stream_bler,0.0,0.0,0.0,5,60,2000
random,short_dwell,spike__rescue_guard8__block_refine2,analog_delta__rescue_guard8__block_refine2,mean_stream_goodput_per_transmitted_symbol,0.0,0.0,0.0,5,60,2000
random,short_dwell,spike__rescue_guard8__block_refine2,analog_delta__rescue_guard8__block_refine2,mean_stream_first_word_failure,0.0,0.0,0.0,5,60,2000
random,short_dwell,spike__rescue_periodic__block_refine2,analog_delta__rescue_periodic__block_refine2,mean_stream_bler,0.0,0.0,0.0,5,60,2000
random,short_dwell,spike__rescue_periodic__block_refine2,analog_delta__rescue_periodic__block_refine2,mean_stream_goodput_per_transmitted_symbol,0.0,0.0,0.0,5,60,2000
random,short_dwell,spike__rescue_periodic__block_refine2,analog_delta__rescue_periodic__block_refine2,mean_stream_first_word_failure,0.0,0.0,0.0,5,60,2000
random,low_snr,spike__current_periodic__block_refine2,spike__lag_periodic__block_refine2,mean_stream_bler,-0.02959656084656085,-0.050003306878306876,-0.011142526455026464,5,60,2000
random,low_snr,spike__current_periodic__block_refine2,spike__lag_periodic__block_refine2,mean_stream_goodput_per_transmitted_symbol,0.015623931242507093,0.006187274841183503,0.02623341634093182,5,60,2000
random,low_snr,spike__current_periodic__block_refine2,spike__lag_periodic__block_refine2,mean_stream_first_word_failure,-0.06666666666666667,-0.16666666666666666,0.0,5,60,2000
random,low_snr,spike__current_guard8__block_refine2,spike__lag_guard8__block_refine2,mean_stream_bler,-0.016501322751322753,-0.03201306216931216,-0.0001967592592592698,5,60,2000
random,low_snr,spike__current_guard8__block_refine2,spike__lag_guard8__block_refine2,mean_stream_goodput_per_transmitted_symbol,0.008711312991189154,0.00018852781839624215,0.016980844257709585,5,60,2000
random,low_snr,spike__current_guard8__block_refine2,spike__lag_guard8__block_refine2,mean_stream_first_word_failure,-0.016666666666666666,-0.06666666666666667,0.0,5,60,2000
random,low_snr,spike__refresh_guard8__block_refine2,spike__current_guard8__block_refine2,mean_stream_bler,-0.026785714285714284,-0.059531249999999994,0.0017857142857142859,5,60,2000
random,low_snr,spike__refresh_guard8__block_refine2,spike__current_guard8__block_refine2,mean_stream_goodput_per_transmitted_symbol,0.014163857020203766,-0.0006193849195551996,0.030865786713278977,5,60,2000
random,low_snr,spike__refresh_guard8__block_refine2,spike__current_guard8__block_refine2,mean_stream_first_word_failure,-0.06666666666666667,-0.16666666666666666,0.0,5,60,2000
random,low_snr,spike__rescue_guard8__block_refine2,spike__refresh_guard8__block_refine2,mean_stream_bler,-0.002314814814814815,-0.021138392857142863,0.017229662698412692,5,60,2000
random,low_snr,spike__rescue_guard8__block_refine2,spike__refresh_guard8__block_refine2,mean_stream_goodput_per_transmitted_symbol,0.0011433163950191848,-0.009160207179417703,0.011132760143193579,5,60,2000
random,low_snr,spike__rescue_guard8__block_refine2,spike__refresh_guard8__block_refine2,mean_stream_first_word_failure,0.0,0.0,0.0,5,60,2000
random,low_snr,spike__rescue_periodic__block_refine2,spike__current_periodic__block_refine2,mean_stream_bler,-0.002314814814814815,-0.02589285714285714,0.02513227513227513,5,60,2000
random,low_snr,spike__rescue_periodic__block_refine2,spike__current_periodic__block_refine2,mean_stream_goodput_per_transmitted_symbol,0.0012090813196076393,-0.012978331030482732,0.013688176480668734,5,60,2000
random,low_snr,spike__rescue_periodic__block_refine2,spike__current_periodic__block_refine2,mean_stream_first_word_failure,-0.016666666666666666,-0.06666666666666667,0.0,5,60,2000
random,low_snr,spike__current_guard8__block_refine2,spike__current_periodic__block_refine2,mean_stream_bler,0.029166666666666664,-0.00029761904761904835,0.06101190476190476,5,60,2000
random,low_snr,spike__current_guard8__block_refine2,spike__current_periodic__block_refine2,mean_stream_goodput_per_transmitted_symbol,-0.015313778370125116,-0.03175976963534238,0.00011227499859078647,5,60,2000
random,low_snr,spike__current_guard8__block_refine2,spike__current_periodic__block_refine2,mean_stream_first_word_failure,0.05,-0.05,0.15000000000000002,5,60,2000
random,low_snr,spike__refresh_guard8__block_refine2,spike__current_periodic__block_refine2,mean_stream_bler,0.0023809523809523807,-0.007745535714285714,0.01310267857142853,5,60,2000
random,low_snr,spike__refresh_guard8__block_refine2,spike__current_periodic__block_refine2,mean_stream_goodput_per_transmitted_symbol,-0.0011499213499213494,-0.00683196911196911,0.004527804232804229,5,60,2000
random,low_snr,spike__refresh_guard8__block_refine2,spike__current_periodic__block_refine2,mean_stream_first_word_failure,-0.016666666666666666,-0.06666666666666667,0.0,5,60,2000
random,low_snr,spike__rescue_guard8__block_refine2,spike__current_periodic__block_refine2,mean_stream_bler,6.61375661375659e-05,-0.025,0.026688988095238085,5,60,2000
random,low_snr,spike__rescue_guard8__block_refine2,spike__current_periodic__block_refine2,mean_stream_goodput_per_transmitted_symbol,-6.604954902164617e-06,-0.013986553879943964,0.01306497969220879,5,60,2000
random,low_snr,spike__rescue_guard8__block_refine2,spike__current_periodic__block_refine2,mean_stream_first_word_failure,-0.016666666666666666,-0.06666666666666667,0.0,5,60,2000
random,low_snr,spike__current_periodic__block_refine2,rule__rule__block_refine2,mean_stream_bler,0.0001653439153439157,-0.03237929894179894,0.02916666666666666,5,60,2000
random,low_snr,spike__current_periodic__block_refine2,rule__rule__block_refine2,mean_stream_goodput_per_transmitted_symbol,-2.56987185779813e-05,-0.014993078840911667,0.016728660809620512,5,60,2000
random,low_snr,spike__current_periodic__block_refine2,rule__rule__block_refine2,mean_stream_first_word_failure,0.016666666666666666,0.0,0.06666666666666667,5,60,2000
random,low_snr,spike__rescue_guard8__block_refine2,rule__rule__block_refine2,mean_stream_bler,0.00023148148148148157,-0.014947089947089945,0.01815889550264548,5,60,2000
random,low_snr,spike__rescue_guard8__block_refine2,rule__rule__block_refine2,mean_stream_goodput_per_transmitted_symbol,-3.230367348014592e-05,-0.009453112212322744,0.007888604231166147,5,60,2000
random,low_snr,spike__rescue_guard8__block_refine2,rule__rule__block_refine2,mean_stream_first_word_failure,0.0,0.0,0.0,5,60,2000
random,low_snr,spike__rescue_periodic__block_refine2,rule__rule__block_refine2,mean_stream_bler,-0.0021494708994708994,-0.022628141534391535,0.01786458333333329,5,60,2000
random,low_snr,spike__rescue_periodic__block_refine2,rule__rule__block_refine2,mean_stream_goodput_per_transmitted_symbol,0.0011833826010296579,-0.00934774832801149,0.011773026664435327,5,60,2000
random,low_snr,spike__rescue_periodic__block_refine2,rule__rule__block_refine2,mean_stream_first_word_failure,0.0,0.0,0.0,5,60,2000
random,low_snr,analog_delta__current_periodic__block_refine2,analog_delta__lag_periodic__block_refine2,mean_stream_bler,-0.024900793650793653,-0.04672784391534392,-0.0035689484126984264,5,60,2000
random,low_snr,analog_delta__current_periodic__block_refine2,analog_delta__lag_periodic__block_refine2,mean_stream_goodput_per_transmitted_symbol,0.013467343947220104,0.0023494018049281186,0.024809564822026117,5,60,2000
random,low_snr,analog_delta__current_periodic__block_refine2,analog_delta__lag_periodic__block_refine2,mean_stream_first_word_failure,-0.08333333333333333,-0.16666666666666669,-0.016666666666666666,5,60,2000
random,low_snr,analog_delta__current_guard8__block_refine2,analog_delta__lag_guard8__block_refine2,mean_stream_bler,-0.023115079365079363,-0.044842923280423275,-0.003267195767195803,5,60,2000
random,low_snr,analog_delta__current_guard8__block_refine2,analog_delta__lag_guard8__block_refine2,mean_stream_goodput_per_transmitted_symbol,0.012541415442344236,0.0020218819536157047,0.023911459423943925,5,60,2000
random,low_snr,analog_delta__current_guard8__block_refine2,analog_delta__lag_guard8__block_refine2,mean_stream_first_word_failure,-0.06666666666666667,-0.15000000000000002,0.0,5,60,2000
random,low_snr,analog_delta__refresh_guard8__block_refine2,analog_delta__current_guard8__block_refine2,mean_stream_bler,0.004464285714285714,-0.009226190476190476,0.017261904761904763,5,60,2000
random,low_snr,analog_delta__refresh_guard8__block_refine2,analog_delta__current_guard8__block_refine2,mean_stream_goodput_per_transmitted_symbol,-0.002310846731899366,-0.008957688338493296,0.004764910886118312,5,60,2000
random,low_snr,analog_delta__refresh_guard8__block_refine2,analog_delta__current_guard8__block_refine2,mean_stream_first_word_failure,-0.016666666666666666,-0.06708333333333331,0.0,5,60,2000
random,low_snr,analog_delta__rescue_guard8__block_refine2,analog_delta__refresh_guard8__block_refine2,mean_stream_bler,-0.002314814814814815,-0.01875,0.0164021164021164,5,60,2000
random,low_snr,analog_delta__rescue_guard8__block_refine2,analog_delta__refresh_guard8__block_refine2,mean_stream_goodput_per_transmitted_symbol,0.0010569269674532847,-0.009013570735366398,0.009381955992923477,5,60,2000
random,low_snr,analog_delta__rescue_guard8__block_refine2,analog_delta__refresh_guard8__block_refine2,mean_stream_first_word_failure,0.0,0.0,0.0,5,60,2000
random,low_snr,analog_delta__rescue_periodic__block_refine2,analog_delta__current_periodic__block_refine2,mean_stream_bler,0.0018518518518518517,-0.019642857142857142,0.02500330687830686,5,60,2000
random,low_snr,analog_delta__rescue_periodic__block_refine2,analog_delta__current_periodic__block_refine2,mean_stream_goodput_per_transmitted_symbol,-0.0012132522921996579,-0.013726168959760286,0.010098878965891353,5,60,2000
random,low_snr,analog_delta__rescue_periodic__block_refine2,analog_delta__current_periodic__block_refine2,mean_stream_first_word_failure,0.0,0.0,0.0,5,60,2000
random,low_snr,analog_delta__current_guard8__block_refine2,analog_delta__current_periodic__block_refine2,mean_stream_bler,0.0017857142857142859,-0.015476190476190477,0.021130952380952382,5,60,2000
random,low_snr,analog_delta__current_guard8__block_refine2,analog_delta__current_periodic__block_refine2,mean_stream_goodput_per_transmitted_symbol,-0.001047051825999191,-0.011283406006966373,0.007998804363850804,5,60,2000
random,low_snr,analog_delta__current_guard8__block_refine2,analog_delta__current_periodic__block_refine2,mean_stream_first_word_failure,0.016666666666666666,0.0,0.06708333333333105,5,60,2000
random,low_snr,analog_delta__refresh_guard8__block_refine2,analog_delta__current_periodic__block_refine2,mean_stream_bler,0.00625,0.0,0.01875,5,60,2000
random,low_snr,analog_delta__refresh_guard8__block_refine2,analog_delta__current_periodic__block_refine2,mean_stream_goodput_per_transmitted_symbol,-0.003357898557898557,-0.009939477939477937,0.0,5,60,2000
random,low_snr,analog_delta__refresh_guard8__block_refine2,analog_delta__current_periodic__block_refine2,mean_stream_first_word_failure,0.0,0.0,0.0,5,60,2000
random,low_snr,analog_delta__rescue_guard8__block_refine2,analog_delta__current_periodic__block_refine2,mean_stream_bler,0.003935185185185185,-0.014751984126984127,0.02500330687830686,5,60,2000
random,low_snr,analog_delta__rescue_guard8__block_refine2,analog_delta__current_periodic__block_refine2,mean_stream_goodput_per_transmitted_symbol,-0.0023009715904452723,-0.013807872662578548,0.00754388117730223,5,60,2000
random,low_snr,analog_delta__rescue_guard8__block_refine2,analog_delta__current_periodic__block_refine2,mean_stream_first_word_failure,0.0,0.0,0.0,5,60,2000
random,low_snr,analog_delta__current_periodic__block_refine2,rule__rule__block_refine2,mean_stream_bler,-0.008167989417989418,-0.03556051587301587,0.016408730158730123,5,60,2000
random,low_snr,analog_delta__current_periodic__block_refine2,rule__rule__block_refine2,mean_stream_goodput_per_transmitted_symbol,0.0046653065724273106,-0.008313006981428037,0.01914989174456666,5,60,2000
random,low_snr,analog_delta__current_periodic__block_refine2,rule__rule__block_refine2,mean_stream_first_word_failure,0.0,0.0,0.0,5,60,2000
random,low_snr,analog_delta__rescue_guard8__block_refine2,rule__rule__block_refine2,mean_stream_bler,-0.004232804232804232,-0.027680224867724867,0.017493386243386245,5,60,2000
random,low_snr,analog_delta__rescue_guard8__block_refine2,rule__rule__block_refine2,mean_stream_goodput_per_transmitted_symbol,0.0023643349819820387,-0.009068525611551928,0.01454905683325961,5,60,2000
random,low_snr,analog_delta__rescue_guard8__block_refine2,rule__rule__block_refine2,mean_stream_first_word_failure,0.0,0.0,0.0,5,60,2000
random,low_snr,analog_delta__rescue_periodic__block_refine2,rule__rule__block_refine2,mean_stream_bler,-0.006316137566137566,-0.028869047619047617,0.01587797619047616,5,60,2000
random,low_snr,analog_delta__rescue_periodic__block_refine2,rule__rule__block_refine2,mean_stream_goodput_per_transmitted_symbol,0.0034520542802276527,-0.008190958802932491,0.015249584726256541,5,60,2000
random,low_snr,analog_delta__rescue_periodic__block_refine2,rule__rule__block_refine2,mean_stream_first_word_failure,0.0,0.0,0.0,5,60,2000
random,low_snr,spike__lag_periodic__block_refine2,analog_delta__lag_periodic__block_refine2,mean_stream_bler,0.013029100529100529,-0.0024470899470899463,0.03125,5,60,2000
random,low_snr,spike__lag_periodic__block_refine2,analog_delta__lag_periodic__block_refine2,mean_stream_goodput_per_transmitted_symbol,-0.006847592586292278,-0.01658017838714433,0.0012741854636591468,5,60,2000
random,low_snr,spike__lag_periodic__block_refine2,analog_delta__lag_periodic__block_refine2,mean_stream_first_word_failure,0.0,0.0,0.0,5,60,2000
random,low_snr,spike__current_periodic__block_refine2,analog_delta__current_periodic__block_refine2,mean_stream_bler,0.008333333333333333,-0.009226190476190475,0.026495535714285676,5,60,2000
random,low_snr,spike__current_periodic__block_refine2,analog_delta__current_periodic__block_refine2,mean_stream_goodput_per_transmitted_symbol,-0.004691005291005292,-0.014639493177387917,0.004384501531606792,5,60,2000
random,low_snr,spike__current_periodic__block_refine2,analog_delta__current_periodic__block_refine2,mean_stream_first_word_failure,0.016666666666666666,0.0,0.06666666666666667,5,60,2000
random,low_snr,spike__lag_guard8__block_refine2,analog_delta__lag_guard8__block_refine2,mean_stream_bler,0.029100529100529102,0.010051256613756615,0.049107142857142856,5,60,2000
random,low_snr,spike__lag_guard8__block_refine2,analog_delta__lag_guard8__block_refine2,mean_stream_goodput_per_transmitted_symbol,-0.015127629383976134,-0.025565865725215575,-0.004994141966680673,5,60,2000
random,low_snr,spike__lag_guard8__block_refine2,analog_delta__lag_guard8__block_refine2,mean_stream_first_word_failure,0.0,0.0,0.0,5,60,2000
random,low_snr,spike__current_guard8__block_refine2,analog_delta__current_guard8__block_refine2,mean_stream_bler,0.03571428571428571,0.007433035714285713,0.0666741071428571,5,60,2000
random,low_snr,spike__current_guard8__block_refine2,analog_delta__current_guard8__block_refine2,mean_stream_goodput_per_transmitted_symbol,-0.018957731835131216,-0.03506508644069015,-0.004135343905607081,5,60,2000
random,low_snr,spike__current_guard8__block_refine2,analog_delta__current_guard8__block_refine2,mean_stream_first_word_failure,0.05,0.0,0.13333333333333336,5,60,2000
random,low_snr,spike__refresh_guard8__block_refine2,analog_delta__refresh_guard8__block_refine2,mean_stream_bler,0.004464285714285714,-0.008043154761904762,0.01697172619047615,5,60,2000
random,low_snr,spike__refresh_guard8__block_refine2,analog_delta__refresh_guard8__block_refine2,mean_stream_goodput_per_transmitted_symbol,-0.0024830280830280844,-0.009196507293875718,0.0041367598483387944,5,60,2000
random,low_snr,spike__refresh_guard8__block_refine2,analog_delta__refresh_guard8__block_refine2,mean_stream_first_word_failure,0.0,0.0,0.0,5,60,2000
random,low_snr,spike__rescue_guard8__block_refine2,analog_delta__rescue_guard8__block_refine2,mean_stream_bler,0.004464285714285714,0.0,0.01607142857142857,5,60,2000
random,low_snr,spike__rescue_guard8__block_refine2,analog_delta__rescue_guard8__block_refine2,mean_stream_goodput_per_transmitted_symbol,-0.0023966386554621845,-0.008440336134453781,0.0,5,60,2000
random,low_snr,spike__rescue_guard8__block_refine2,analog_delta__rescue_guard8__block_refine2,mean_stream_first_word_failure,0.0,0.0,0.0,5,60,2000
random,low_snr,spike__rescue_periodic__block_refine2,analog_delta__rescue_periodic__block_refine2,mean_stream_bler,0.004166666666666667,0.0,0.0125,5,60,2000
random,low_snr,spike__rescue_periodic__block_refine2,analog_delta__rescue_periodic__block_refine2,mean_stream_goodput_per_transmitted_symbol,-0.002268671679197995,-0.006806015037593985,0.0,5,60,2000
random,low_snr,spike__rescue_periodic__block_refine2,analog_delta__rescue_periodic__block_refine2,mean_stream_first_word_failure,0.0,0.0,0.0,5,60,2000
random,strong_pulse,spike__current_periodic__block_refine2,spike__lag_periodic__block_refine2,mean_stream_bler,-0.014417989417989418,-0.028606150793650795,-0.0020833333333333333,5,60,2000
random,strong_pulse,spike__current_periodic__block_refine2,spike__lag_periodic__block_refine2,mean_stream_goodput_per_transmitted_symbol,0.007845926404749936,0.0011481481481481481,0.015754327431827427,5,60,2000
random,strong_pulse,spike__current_periodic__block_refine2,spike__lag_periodic__block_refine2,mean_stream_first_word_failure,-0.016666666666666666,-0.06666666666666667,0.0,5,60,2000
random,strong_pulse,spike__current_guard8__block_refine2,spike__lag_guard8__block_refine2,mean_stream_bler,-0.010780423280423279,-0.022917493386243385,-0.0018518518518518517,5,60,2000
random,strong_pulse,spike__current_guard8__block_refine2,spike__lag_guard8__block_refine2,mean_stream_goodput_per_transmitted_symbol,0.005692335161685008,0.0010598290598290603,0.01195482726423902,5,60,2000
random,strong_pulse,spike__current_guard8__block_refine2,spike__lag_guard8__block_refine2,mean_stream_first_word_failure,0.0,0.0,0.0,5,60,2000
random,strong_pulse,spike__refresh_guard8__block_refine2,spike__current_guard8__block_refine2,mean_stream_bler,-0.024603174603174606,-0.05228422619047619,0.0,5,60,2000
random,strong_pulse,spike__refresh_guard8__block_refine2,spike__current_guard8__block_refine2,mean_stream_goodput_per_transmitted_symbol,0.013253933053933053,0.0,0.027593574485927412,5,60,2000
random,strong_pulse,spike__refresh_guard8__block_refine2,spike__current_guard8__block_refine2,mean_stream_first_word_failure,-0.03333333333333333,-0.1,0.0,5,60,2000
random,strong_pulse,spike__rescue_guard8__block_refine2,spike__refresh_guard8__block_refine2,mean_stream_bler,0.010482804232804233,-0.012104001322751322,0.03392939814814814,5,60,2000
random,strong_pulse,spike__rescue_guard8__block_refine2,spike__refresh_guard8__block_refine2,mean_stream_goodput_per_transmitted_symbol,-0.0054492877492877505,-0.01716601182630595,0.006318865698277465,5,60,2000
random,strong_pulse,spike__rescue_guard8__block_refine2,spike__refresh_guard8__block_refine2,mean_stream_first_word_failure,0.0,0.0,0.0,5,60,2000
random,strong_pulse,spike__rescue_periodic__block_refine2,spike__current_periodic__block_refine2,mean_stream_bler,0.012863756613756612,-0.00833664021164021,0.034756944444444444,5,60,2000
random,strong_pulse,spike__rescue_periodic__block_refine2,spike__current_periodic__block_refine2,mean_stream_goodput_per_transmitted_symbol,-0.006664974023797555,-0.018053881936234882,0.00471897032779385,5,60,2000
random,strong_pulse,spike__rescue_periodic__block_refine2,spike__current_periodic__block_refine2,mean_stream_first_word_failure,0.0,0.0,0.0,5,60,2000
random,strong_pulse,spike__current_guard8__block_refine2,spike__current_periodic__block_refine2,mean_stream_bler,0.024603174603174606,0.0,0.05228422619047618,5,60,2000
random,strong_pulse,spike__current_guard8__block_refine2,spike__current_periodic__block_refine2,mean_stream_goodput_per_transmitted_symbol,-0.013253933053933053,-0.027593574485927426,0.0,5,60,2000
random,strong_pulse,spike__current_guard8__block_refine2,spike__current_periodic__block_refine2,mean_stream_first_word_failure,0.03333333333333333,0.0,0.1,5,60,2000
random,strong_pulse,spike__refresh_guard8__block_refine2,spike__current_periodic__block_refine2,mean_stream_bler,0.0,0.0,0.0,5,60,2000
random,strong_pulse,spike__refresh_guard8__block_refine2,spike__current_periodic__block_refine2,mean_stream_goodput_per_transmitted_symbol,0.0,0.0,0.0,5,60,2000
random,strong_pulse,spike__refresh_guard8__block_refine2,spike__current_periodic__block_refine2,mean_stream_first_word_failure,0.0,0.0,0.0,5,60,2000
random,strong_pulse,spike__rescue_guard8__block_refine2,spike__current_periodic__block_refine2,mean_stream_bler,0.010482804232804233,-0.012104001322751322,0.03392939814814814,5,60,2000
random,strong_pulse,spike__rescue_guard8__block_refine2,spike__current_periodic__block_refine2,mean_stream_goodput_per_transmitted_symbol,-0.0054492877492877505,-0.01716601182630595,0.006318865698277465,5,60,2000
random,strong_pulse,spike__rescue_guard8__block_refine2,spike__current_periodic__block_refine2,mean_stream_first_word_failure,0.0,0.0,0.0,5,60,2000
random,strong_pulse,spike__current_periodic__block_refine2,rule__rule__block_refine2,mean_stream_bler,-0.0062499999999999995,-0.03806464947089947,0.031226025132275084,5,60,2000
random,strong_pulse,spike__current_periodic__block_refine2,rule__rule__block_refine2,mean_stream_goodput_per_transmitted_symbol,0.0030253209253209264,-0.017226989707872058,0.020015492415492397,5,60,2000
random,strong_pulse,spike__current_periodic__block_refine2,rule__rule__block_refine2,mean_stream_first_word_failure,0.0,0.0,0.0,5,60,2000
random,strong_pulse,spike__rescue_guard8__block_refine2,rule__rule__block_refine2,mean_stream_bler,0.004232804232804232,-0.014814814814814814,0.027976190476190474,5,60,2000
random,strong_pulse,spike__rescue_guard8__block_refine2,rule__rule__block_refine2,mean_stream_goodput_per_transmitted_symbol,-0.002423966823966824,-0.015741596735714382,0.00842458432576079,5,60,2000
random,strong_pulse,spike__rescue_guard8__block_refine2,rule__rule__block_refine2,mean_stream_first_word_failure,0.0,0.0,0.0,5,60,2000
random,strong_pulse,spike__rescue_periodic__block_refine2,rule__rule__block_refine2,mean_stream_bler,0.006613756613756613,-0.014750330687830687,0.03293733465608465,5,60,2000
random,strong_pulse,spike__rescue_periodic__block_refine2,rule__rule__block_refine2,mean_stream_goodput_per_transmitted_symbol,-0.003639653098476629,-0.018210185861362336,0.008297338544103245,5,60,2000
random,strong_pulse,spike__rescue_periodic__block_refine2,rule__rule__block_refine2,mean_stream_first_word_failure,0.0,0.0,0.0,5,60,2000
random,strong_pulse,analog_delta__current_periodic__block_refine2,analog_delta__lag_periodic__block_refine2,mean_stream_bler,-0.018353174603174604,-0.034027777777777775,-0.004166666666666667,5,60,2000
random,strong_pulse,analog_delta__current_periodic__block_refine2,analog_delta__lag_periodic__block_refine2,mean_stream_goodput_per_transmitted_symbol,0.0101111916700152,0.002265265265265265,0.018878142043142043,5,60,2000
random,strong_pulse,analog_delta__current_periodic__block_refine2,analog_delta__lag_periodic__block_refine2,mean_stream_first_word_failure,-0.016666666666666666,-0.06666666666666667,0.0,5,60,2000
random,strong_pulse,analog_delta__current_guard8__block_refine2,analog_delta__lag_guard8__block_refine2,mean_stream_bler,-0.0083994708994709,-0.02381117724867725,0.0,5,60,2000
random,strong_pulse,analog_delta__current_guard8__block_refine2,analog_delta__lag_guard8__block_refine2,mean_stream_goodput_per_transmitted_symbol,0.004506046706046705,0.0,0.012495889295889292,5,60,2000
random,strong_pulse,analog_delta__current_guard8__block_refine2,analog_delta__lag_guard8__block_refine2,mean_stream_first_word_failure,0.0,0.0,0.0,5,60,2000
random,strong_pulse,analog_delta__refresh_guard8__block_refine2,analog_delta__current_guard8__block_refine2,mean_stream_bler,-0.0167989417989418,-0.041041666666666664,-0.0020833333333333333,5,60,2000
random,strong_pulse,analog_delta__refresh_guard8__block_refine2,analog_delta__current_guard8__block_refine2,mean_stream_goodput_per_transmitted_symbol,0.009108889367712899,0.0011809523809523806,0.021540509827862764,5,60,2000
random,strong_pulse,analog_delta__refresh_guard8__block_refine2,analog_delta__current_guard8__block_refine2,mean_stream_first_word_failure,-0.03333333333333333,-0.1,0.0,5,60,2000
random,strong_pulse,analog_delta__rescue_guard8__block_refine2,analog_delta__refresh_guard8__block_refine2,mean_stream_bler,0.02126322751322751,0.0016203703703703705,0.04150462962962961,5,60,2000
random,strong_pulse,analog_delta__rescue_guard8__block_refine2,analog_delta__refresh_guard8__block_refine2,mean_stream_goodput_per_transmitted_symbol,-0.011263042680689743,-0.02172262737850973,-0.0008035903210903216,5,60,2000
random,strong_pulse,analog_delta__rescue_guard8__block_refine2,analog_delta__refresh_guard8__block_refine2,mean_stream_first_word_failure,0.0,0.0,0.0,5,60,2000
random,strong_pulse,analog_delta__rescue_periodic__block_refine2,analog_delta__current_periodic__block_refine2,mean_stream_bler,0.01917989417989418,-0.0018576388888888887,0.04114087301587299,5,60,2000
random,strong_pulse,analog_delta__rescue_periodic__block_refine2,analog_delta__current_periodic__block_refine2,mean_stream_goodput_per_transmitted_symbol,-0.010229709347356408,-0.02162846715493774,0.0011481481481481442,5,60,2000
random,strong_pulse,analog_delta__rescue_periodic__block_refine2,analog_delta__current_periodic__block_refine2,mean_stream_first_word_failure,0.0,0.0,0.0,5,60,2000
random,strong_pulse,analog_delta__current_guard8__block_refine2,analog_delta__current_periodic__block_refine2,mean_stream_bler,0.018882275132275132,0.0020833333333333333,0.04262731481481481,5,60,2000
random,strong_pulse,analog_delta__current_guard8__block_refine2,analog_delta__current_periodic__block_refine2,mean_stream_goodput_per_transmitted_symbol,-0.010142222701046233,-0.022564471318441907,-0.0012156862745098048,5,60,2000
random,strong_pulse,analog_delta__current_guard8__block_refine2,analog_delta__current_periodic__block_refine2,mean_stream_first_word_failure,0.03333333333333333,0.0,0.1,5,60,2000
random,strong_pulse,analog_delta__refresh_guard8__block_refine2,analog_delta__current_periodic__block_refine2,mean_stream_bler,0.0020833333333333333,0.0,0.008333333333333333,5,60,2000
random,strong_pulse,analog_delta__refresh_guard8__block_refine2,analog_delta__current_periodic__block_refine2,mean_stream_goodput_per_transmitted_symbol,-0.0010333333333333334,-0.0041333333333333335,0.0,5,60,2000
random,strong_pulse,analog_delta__refresh_guard8__block_refine2,analog_delta__current_periodic__block_refine2,mean_stream_first_word_failure,0.0,0.0,0.0,5,60,2000
random,strong_pulse,analog_delta__rescue_guard8__block_refine2,analog_delta__current_periodic__block_refine2,mean_stream_bler,0.023346560846560845,0.003472222222222222,0.04375082671957671,5,60,2000
random,strong_pulse,analog_delta__rescue_guard8__block_refine2,analog_delta__current_periodic__block_refine2,mean_stream_goodput_per_transmitted_symbol,-0.012296376014023077,-0.02291298685563392,-0.0018571236621236725,5,60,2000
random,strong_pulse,analog_delta__rescue_guard8__block_refine2,analog_delta__current_periodic__block_refine2,mean_stream_first_word_failure,0.0,0.0,0.0,5,60,2000
random,strong_pulse,analog_delta__current_periodic__block_refine2,rule__rule__block_refine2,mean_stream_bler,-0.024834656084656084,-0.04904183201058201,0.0014599867724867431,5,60,2000
random,strong_pulse,analog_delta__current_periodic__block_refine2,rule__rule__block_refine2,mean_stream_goodput_per_transmitted_symbol,0.013169316828140357,-0.0008255805805805868,0.025966671988730806,5,60,2000
random,strong_pulse,analog_delta__current_periodic__block_refine2,rule__rule__block_refine2,mean_stream_first_word_failure,0.0,0.0,0.0,5,60,2000
random,strong_pulse,analog_delta__rescue_guard8__block_refine2,rule__rule__block_refine2,mean_stream_bler,-0.0014880952380952384,-0.019313822751322755,0.017957175925925925,5,60,2000
random,strong_pulse,analog_delta__rescue_guard8__block_refine2,rule__rule__block_refine2,mean_stream_goodput_per_transmitted_symbol,0.0008729408141172827,-0.009637820512820519,0.01074551248080659,5,60,2000
random,strong_pulse,analog_delta__rescue_guard8__block_refine2,rule__rule__block_refine2,mean_stream_first_word_failure,0.0,0.0,0.0,5,60,2000
random,strong_pulse,analog_delta__rescue_periodic__block_refine2,rule__rule__block_refine2,mean_stream_bler,-0.005654761904761905,-0.026622850529100527,0.014915674603174592,5,60,2000
random,strong_pulse,analog_delta__rescue_periodic__block_refine2,rule__rule__block_refine2,mean_stream_goodput_per_transmitted_symbol,0.0029396074807839494,-0.008577181276298926,0.014135804967863782,5,60,2000
random,strong_pulse,analog_delta__rescue_periodic__block_refine2,rule__rule__block_refine2,mean_stream_first_word_failure,0.0,0.0,0.0,5,60,2000
random,strong_pulse,spike__lag_periodic__block_refine2,analog_delta__lag_periodic__block_refine2,mean_stream_bler,0.0146494708994709,0.0,0.033168816137566136,5,60,2000
random,strong_pulse,spike__lag_periodic__block_refine2,analog_delta__lag_periodic__block_refine2,mean_stream_goodput_per_transmitted_symbol,-0.007878730637554166,-0.017877291950968422,0.0,5,60,2000
random,strong_pulse,spike__lag_periodic__block_refine2,analog_delta__lag_periodic__block_refine2,mean_stream_first_word_failure,0.0,0.0,0.0,5,60,2000
random,strong_pulse,spike__current_periodic__block_refine2,analog_delta__current_periodic__block_refine2,mean_stream_bler,0.018584656084656086,0.0020833333333333333,0.038725198412698406,5,60,2000
random,strong_pulse,spike__current_periodic__block_refine2,analog_delta__current_periodic__block_refine2,mean_stream_goodput_per_transmitted_symbol,-0.010143995902819431,-0.021118813009842422,-0.0010591666666666698,5,60,2000
random,strong_pulse,spike__current_periodic__block_refine2,analog_delta__current_periodic__block_refine2,mean_stream_first_word_failure,0.0,0.0,0.0,5,60,2000
random,strong_pulse,spike__lag_guard8__block_refine2,analog_delta__lag_guard8__block_refine2,mean_stream_bler,0.02668650793650794,0.007638888888888889,0.05394014550264549,5,60,2000
random,strong_pulse,spike__lag_guard8__block_refine2,analog_delta__lag_guard8__block_refine2,mean_stream_goodput_per_transmitted_symbol,-0.014441994711344556,-0.02896597849950791,-0.004295096716149348,5,60,2000
random,strong_pulse,spike__lag_guard8__block_refine2,analog_delta__lag_guard8__block_refine2,mean_stream_first_word_failure,0.0,0.0,0.0,5,60,2000
random,strong_pulse,spike__current_guard8__block_refine2,analog_delta__current_guard8__block_refine2,mean_stream_bler,0.02430555555555556,0.001254960317460318,0.04914269179894179,5,60,2000
random,strong_pulse,spike__current_guard8__block_refine2,analog_delta__current_guard8__block_refine2,mean_stream_goodput_per_transmitted_symbol,-0.013255706255706252,-0.026311439681439674,-0.0011481481481481481,5,60,2000
random,strong_pulse,spike__current_guard8__block_refine2,analog_delta__current_guard8__block_refine2,mean_stream_first_word_failure,0.0,0.0,0.0,5,60,2000
random,strong_pulse,spike__refresh_guard8__block_refine2,analog_delta__refresh_guard8__block_refine2,mean_stream_bler,0.016501322751322753,0.0,0.035715939153439145,5,60,2000
random,strong_pulse,spike__refresh_guard8__block_refine2,analog_delta__refresh_guard8__block_refine2,mean_stream_goodput_per_transmitted_symbol,-0.009110662569486097,-0.019698342741578032,0.0,5,60,2000
random,strong_pulse,spike__refresh_guard8__block_refine2,analog_delta__refresh_guard8__block_refine2,mean_stream_first_word_failure,0.0,0.0,0.0,5,60,2000
random,strong_pulse,spike__rescue_guard8__block_refine2,analog_delta__rescue_guard8__block_refine2,mean_stream_bler,0.005720899470899471,-0.005557208994708994,0.01964368386243386,5,60,2000
random,strong_pulse,spike__rescue_guard8__block_refine2,analog_delta__rescue_guard8__block_refine2,mean_stream_goodput_per_transmitted_symbol,-0.0032969076380841068,-0.011255610979434503,0.0029040095525389425,5,60,2000
random,strong_pulse,spike__rescue_guard8__block_refine2,analog_delta__rescue_guard8__block_refine2,mean_stream_first_word_failure,0.0,0.0,0.0,5,60,2000
random,strong_pulse,spike__rescue_periodic__block_refine2,analog_delta__rescue_periodic__block_refine2,mean_stream_bler,0.012268518518518517,-0.001622850529100529,0.03273809523809524,5,60,2000
random,strong_pulse,spike__rescue_periodic__block_refine2,analog_delta__rescue_periodic__block_refine2,mean_stream_goodput_per_transmitted_symbol,-0.006579260579260578,-0.01690234384352031,0.0011171171171171167,5,60,2000
random,strong_pulse,spike__rescue_periodic__block_refine2,analog_delta__rescue_periodic__block_refine2,mean_stream_first_word_failure,0.0,0.0,0.0,5,60,2000
random,high_duty,spike__current_periodic__block_refine2,spike__lag_periodic__block_refine2,mean_stream_bler,-0.023115079365079363,-0.04021246693121693,-0.008329199735449757,5,60,2000
random,high_duty,spike__current_periodic__block_refine2,spike__lag_periodic__block_refine2,mean_stream_goodput_per_transmitted_symbol,0.012265962319009215,0.004430350017199863,0.021237561278332255,5,60,2000
random,high_duty,spike__current_periodic__block_refine2,spike__lag_periodic__block_refine2,mean_stream_first_word_failure,-0.06666666666666667,-0.16666666666666669,0.0,5,60,2000
random,high_duty,spike__current_guard8__block_refine2,spike__lag_guard8__block_refine2,mean_stream_bler,-0.005489417989417989,-0.018485449735449733,0.012505787037037005,5,60,2000
random,high_duty,spike__current_guard8__block_refine2,spike__lag_guard8__block_refine2,mean_stream_goodput_per_transmitted_symbol,0.0030458054386846957,-0.006402600707399469,0.00978030476833108,5,60,2000
random,high_duty,spike__current_guard8__block_refine2,spike__lag_guard8__block_refine2,mean_stream_first_word_failure,-0.016666666666666666,-0.06666666666666667,0.0,5,60,2000
random,high_duty,spike__refresh_guard8__block_refine2,spike__current_guard8__block_refine2,mean_stream_bler,-0.028406084656084653,-0.05631613756613756,-0.006245866402116425,5,60,2000
random,high_duty,spike__refresh_guard8__block_refine2,spike__current_guard8__block_refine2,mean_stream_goodput_per_transmitted_symbol,0.01495844843626313,0.0032685706984262822,0.029115275452269707,5,60,2000
random,high_duty,spike__refresh_guard8__block_refine2,spike__current_guard8__block_refine2,mean_stream_first_word_failure,-0.05,-0.13333333333333336,0.0,5,60,2000
random,high_duty,spike__rescue_guard8__block_refine2,spike__refresh_guard8__block_refine2,mean_stream_bler,-0.004166666666666667,-0.016674107142857147,0.007142857142857142,5,60,2000
random,high_duty,spike__rescue_guard8__block_refine2,spike__refresh_guard8__block_refine2,mean_stream_goodput_per_transmitted_symbol,0.0023966386554621862,-0.003376906318082788,0.009486212262682855,5,60,2000
random,high_duty,spike__rescue_guard8__block_refine2,spike__refresh_guard8__block_refine2,mean_stream_first_word_failure,0.0,0.0,0.0,5,60,2000
random,high_duty,spike__rescue_periodic__block_refine2,spike__current_periodic__block_refine2,mean_stream_bler,-0.004166666666666667,-0.016674107142857147,0.007142857142857142,5,60,2000
random,high_duty,spike__rescue_periodic__block_refine2,spike__current_periodic__block_refine2,mean_stream_goodput_per_transmitted_symbol,0.0023966386554621862,-0.003376906318082788,0.009486212262682855,5,60,2000
random,high_duty,spike__rescue_periodic__block_refine2,spike__current_periodic__block_refine2,mean_stream_first_word_failure,0.0,0.0,0.0,5,60,2000
random,high_duty,spike__current_guard8__block_refine2,spike__current_periodic__block_refine2,mean_stream_bler,0.028406084656084653,0.006845238095238095,0.055622519841269834,5,60,2000
random,high_duty,spike__current_guard8__block_refine2,spike__current_periodic__block_refine2,mean_stream_goodput_per_transmitted_symbol,-0.014925644203458899,-0.028694634360091207,-0.0035935615181745223,5,60,2000
random,high_duty,spike__current_guard8__block_refine2,spike__current_periodic__block_refine2,mean_stream_first_word_failure,0.05,0.0,0.13333333333333336,5,60,2000
random,high_duty,spike__refresh_guard8__block_refine2,spike__current_periodic__block_refine2,mean_stream_bler,0.0,-0.00625,0.00625,5,60,2000
random,high_duty,spike__refresh_guard8__block_refine2,spike__current_periodic__block_refine2,mean_stream_goodput_per_transmitted_symbol,3.280423280423254e-05,-0.0034444444444444444,0.0035756613756613743,5,60,2000
random,high_duty,spike__refresh_guard8__block_refine2,spike__current_periodic__block_refine2,mean_stream_first_word_failure,0.0,0.0,0.0,5,60,2000
random,high_duty,spike__rescue_guard8__block_refine2,spike__current_periodic__block_refine2,mean_stream_bler,-0.004166666666666667,-0.018750000000000003,0.007142857142857142,5,60,2000
random,high_duty,spike__rescue_guard8__block_refine2,spike__current_periodic__block_refine2,mean_stream_goodput_per_transmitted_symbol,0.0024294428882664187,-0.003411640211640211,0.0106653314659197,5,60,2000
random,high_duty,spike__rescue_guard8__block_refine2,spike__current_periodic__block_refine2,mean_stream_first_word_failure,0.0,0.0,0.0,5,60,2000
random,high_duty,spike__current_periodic__block_refine2,rule__rule__block_refine2,mean_stream_bler,0.005654761904761905,-0.009523809523809523,0.02291666666666667,5,60,2000
random,high_duty,spike__current_periodic__block_refine2,rule__rule__block_refine2,mean_stream_goodput_per_transmitted_symbol,-0.0034772486772486778,-0.013031047307812014,0.0045925925925925926,5,60,2000
random,high_duty,spike__current_periodic__block_refine2,rule__rule__block_refine2,mean_stream_first_word_failure,0.0,0.0,0.0,5,60,2000
random,high_duty,spike__rescue_guard8__block_refine2,rule__rule__block_refine2,mean_stream_bler,0.0014880952380952384,-0.011904761904761904,0.016666666666666666,5,60,2000
random,high_duty,spike__rescue_guard8__block_refine2,rule__rule__block_refine2,mean_stream_goodput_per_transmitted_symbol,-0.001047805788982259,-0.009185185185185185,0.0059055820105820105,5,60,2000
random,high_duty,spike__rescue_guard8__block_refine2,rule__rule__block_refine2,mean_stream_first_word_failure,0.0,0.0,0.0,5,60,2000
random,high_duty,spike__rescue_periodic__block_refine2,rule__rule__block_refine2,mean_stream_bler,0.0014880952380952384,-0.011904761904761904,0.016666666666666666,5,60,2000
random,high_duty,spike__rescue_periodic__block_refine2,rule__rule__block_refine2,mean_stream_goodput_per_transmitted_symbol,-0.0010806100217864915,-0.00925079365079365,0.005904761904761908,5,60,2000
random,high_duty,spike__rescue_periodic__block_refine2,rule__rule__block_refine2,mean_stream_first_word_failure,0.0,0.0,0.0,5,60,2000
random,high_duty,analog_delta__current_periodic__block_refine2,analog_delta__lag_periodic__block_refine2,mean_stream_bler,-0.02126322751322751,-0.037935681216931215,-0.007619047619047727,5,60,2000
random,high_duty,analog_delta__current_periodic__block_refine2,analog_delta__lag_periodic__block_refine2,mean_stream_goodput_per_transmitted_symbol,0.011245781147125256,0.004200036119711044,0.01988945597893986,5,60,2000
random,high_duty,analog_delta__current_periodic__block_refine2,analog_delta__lag_periodic__block_refine2,mean_stream_first_word_failure,-0.06666666666666667,-0.16666666666666669,0.0,5,60,2000
random,high_duty,analog_delta__current_guard8__block_refine2,analog_delta__lag_guard8__block_refine2,mean_stream_bler,-0.010780423280423279,-0.025727513227513224,0.0,5,60,2000
random,high_duty,analog_delta__current_guard8__block_refine2,analog_delta__lag_guard8__block_refine2,mean_stream_goodput_per_transmitted_symbol,0.0056406361831567615,0.0,0.013349667243591204,5,60,2000
random,high_duty,analog_delta__current_guard8__block_refine2,analog_delta__lag_guard8__block_refine2,mean_stream_first_word_failure,-0.03333333333333333,-0.11666666666666667,0.0,5,60,2000
random,high_duty,analog_delta__refresh_guard8__block_refine2,analog_delta__current_guard8__block_refine2,mean_stream_bler,-0.012566137566137565,-0.0244047619047619,-0.0037037037037037034,5,60,2000
random,high_duty,analog_delta__refresh_guard8__block_refine2,analog_delta__current_guard8__block_refine2,mean_stream_goodput_per_transmitted_symbol,0.0067860973449208745,0.0020666666666666667,0.012999009372979944,5,60,2000
random,high_duty,analog_delta__refresh_guard8__block_refine2,analog_delta__current_guard8__block_refine2,mean_stream_first_word_failure,-0.03333333333333333,-0.11666666666666667,0.0,5,60,2000
random,high_duty,analog_delta__rescue_guard8__block_refine2,analog_delta__refresh_guard8__block_refine2,mean_stream_bler,0.0,-0.007142857142857143,0.007142857142857143,5,60,2000
random,high_duty,analog_delta__rescue_guard8__block_refine2,analog_delta__refresh_guard8__block_refine2,mean_stream_goodput_per_transmitted_symbol,3.2804232804233464e-05,-0.0034444444444444444,0.0035756613756613787,5,60,2000
random,high_duty,analog_delta__rescue_guard8__block_refine2,analog_delta__refresh_guard8__block_refine2,mean_stream_first_word_failure,0.0,0.0,0.0,5,60,2000
random,high_duty,analog_delta__rescue_periodic__block_refine2,analog_delta__current_periodic__block_refine2,mean_stream_bler,0.0,-0.007142857142857143,0.007142857142857143,5,60,2000
random,high_duty,analog_delta__rescue_periodic__block_refine2,analog_delta__current_periodic__block_refine2,mean_stream_goodput_per_transmitted_symbol,3.2804232804233464e-05,-0.0034444444444444444,0.0035756613756613787,5,60,2000
random,high_duty,analog_delta__rescue_periodic__block_refine2,analog_delta__current_periodic__block_refine2,mean_stream_first_word_failure,0.0,0.0,0.0,5,60,2000
random,high_duty,analog_delta__current_guard8__block_refine2,analog_delta__current_periodic__block_refine2,mean_stream_bler,0.012566137566137565,0.0037037037037037034,0.0244047619047619,5,60,2000
random,high_duty,analog_delta__current_guard8__block_refine2,analog_delta__current_periodic__block_refine2,mean_stream_goodput_per_transmitted_symbol,-0.0067860973449208745,-0.01299900937297996,-0.0020666666666666667,5,60,2000
random,high_duty,analog_delta__current_guard8__block_refine2,analog_delta__current_periodic__block_refine2,mean_stream_first_word_failure,0.03333333333333333,0.0,0.11666666666666667,5,60,2000
random,high_duty,analog_delta__refresh_guard8__block_refine2,analog_delta__current_periodic__block_refine2,mean_stream_bler,0.0,0.0,0.0,5,60,2000
random,high_duty,analog_delta__refresh_guard8__block_refine2,analog_delta__current_periodic__block_refine2,mean_stream_goodput_per_transmitted_symbol,0.0,0.0,0.0,5,60,2000
random,high_duty,analog_delta__refresh_guard8__block_refine2,analog_delta__current_periodic__block_refine2,mean_stream_first_word_failure,0.0,0.0,0.0,5,60,2000
random,high_duty,analog_delta__rescue_guard8__block_refine2,analog_delta__current_periodic__block_refine2,mean_stream_bler,0.0,-0.007142857142857143,0.007142857142857143,5,60,2000
random,high_duty,analog_delta__rescue_guard8__block_refine2,analog_delta__current_periodic__block_refine2,mean_stream_goodput_per_transmitted_symbol,3.2804232804233464e-05,-0.0034444444444444444,0.0035756613756613787,5,60,2000
random,high_duty,analog_delta__rescue_guard8__block_refine2,analog_delta__current_periodic__block_refine2,mean_stream_first_word_failure,0.0,0.0,0.0,5,60,2000
random,high_duty,analog_delta__current_periodic__block_refine2,rule__rule__block_refine2,mean_stream_bler,-0.00291005291005291,-0.014285714285714284,0.006878306878306878,5,60,2000
random,high_duty,analog_delta__current_periodic__block_refine2,rule__rule__block_refine2,mean_stream_goodput_per_transmitted_symbol,0.0012761151244123378,-0.004222910216718268,0.007091503267973856,5,60,2000
random,high_duty,analog_delta__current_periodic__block_refine2,rule__rule__block_refine2,mean_stream_first_word_failure,0.0,0.0,0.0,5,60,2000
random,high_duty,analog_delta__rescue_guard8__block_refine2,rule__rule__block_refine2,mean_stream_bler,-0.00291005291005291,-0.014285714285714284,0.006362433862433789,5,60,2000
random,high_duty,analog_delta__rescue_guard8__block_refine2,rule__rule__block_refine2,mean_stream_goodput_per_transmitted_symbol,0.0013089193572165712,-0.0041320079610791685,0.007120448179271712,5,60,2000
random,high_duty,analog_delta__rescue_guard8__block_refine2,rule__rule__block_refine2,mean_stream_first_word_failure,0.0,0.0,0.0,5,60,2000
random,high_duty,analog_delta__rescue_periodic__block_refine2,rule__rule__block_refine2,mean_stream_bler,-0.00291005291005291,-0.014285714285714284,0.006362433862433789,5,60,2000
random,high_duty,analog_delta__rescue_periodic__block_refine2,rule__rule__block_refine2,mean_stream_goodput_per_transmitted_symbol,0.0013089193572165712,-0.0041320079610791685,0.007120448179271712,5,60,2000
random,high_duty,analog_delta__rescue_periodic__block_refine2,rule__rule__block_refine2,mean_stream_first_word_failure,0.0,0.0,0.0,5,60,2000
random,high_duty,spike__lag_periodic__block_refine2,analog_delta__lag_periodic__block_refine2,mean_stream_bler,0.010416666666666666,0.0,0.027083333333333334,5,60,2000
random,high_duty,spike__lag_periodic__block_refine2,analog_delta__lag_periodic__block_refine2,mean_stream_goodput_per_transmitted_symbol,-0.005773544973544973,-0.015057142857142856,0.0,5,60,2000
random,high_duty,spike__lag_periodic__block_refine2,analog_delta__lag_periodic__block_refine2,mean_stream_first_word_failure,0.0,0.0,0.0,5,60,2000
random,high_duty,spike__current_periodic__block_refine2,analog_delta__current_periodic__block_refine2,mean_stream_bler,0.008564814814814813,-0.0037037037037037034,0.025231481481481483,5,60,2000
random,high_duty,spike__current_periodic__block_refine2,analog_delta__current_periodic__block_refine2,mean_stream_goodput_per_transmitted_symbol,-0.004753363801661015,-0.014097745998984388,0.002175438596491229,5,60,2000
random,high_duty,spike__current_periodic__block_refine2,analog_delta__current_periodic__block_refine2,mean_stream_first_word_failure,0.0,0.0,0.0,5,60,2000
random,high_duty,spike__lag_guard8__block_refine2,analog_delta__lag_guard8__block_refine2,mean_stream_bler,0.019113756613756614,0.003702876984126984,0.03723875661375659,5,60,2000
random,high_duty,spike__lag_guard8__block_refine2,analog_delta__lag_guard8__block_refine2,mean_stream_goodput_per_transmitted_symbol,-0.010298079915726973,-0.020543361735157403,-0.0015805597326649982,5,60,2000
random,high_duty,spike__lag_guard8__block_refine2,analog_delta__lag_guard8__block_refine2,mean_stream_first_word_failure,0.0,0.0,0.0,5,60,2000
random,high_duty,spike__current_guard8__block_refine2,analog_delta__current_guard8__block_refine2,mean_stream_bler,0.024404761904761908,0.003915343915343916,0.04811590608465608,5,60,2000
random,high_duty,spike__current_guard8__block_refine2,analog_delta__current_guard8__block_refine2,mean_stream_goodput_per_transmitted_symbol,-0.01289291066019904,-0.02577929936430428,-0.0013750770577807532,5,60,2000
random,high_duty,spike__current_guard8__block_refine2,analog_delta__current_guard8__block_refine2,mean_stream_first_word_failure,0.016666666666666666,0.0,0.06666666666666667,5,60,2000
random,high_duty,spike__refresh_guard8__block_refine2,analog_delta__refresh_guard8__block_refine2,mean_stream_bler,0.008564814814814813,-0.0037037037037037034,0.025231481481481483,5,60,2000
random,high_duty,spike__refresh_guard8__block_refine2,analog_delta__refresh_guard8__block_refine2,mean_stream_goodput_per_transmitted_symbol,-0.004720559568856783,-0.01411546840958606,0.002175438596491229,5,60,2000
random,high_duty,spike__refresh_guard8__block_refine2,analog_delta__refresh_guard8__block_refine2,mean_stream_first_word_failure,0.0,0.0,0.0,5,60,2000
random,high_duty,spike__rescue_guard8__block_refine2,analog_delta__rescue_guard8__block_refine2,mean_stream_bler,0.004398148148148148,-0.0037037037037037034,0.016898148148148148,5,60,2000
random,high_duty,spike__rescue_guard8__block_refine2,analog_delta__rescue_guard8__block_refine2,mean_stream_goodput_per_transmitted_symbol,-0.00235672514619883,-0.009245614035087718,0.002175438596491229,5,60,2000
random,high_duty,spike__rescue_guard8__block_refine2,analog_delta__rescue_guard8__block_refine2,mean_stream_first_word_failure,0.0,0.0,0.0,5,60,2000
random,high_duty,spike__rescue_periodic__block_refine2,analog_delta__rescue_periodic__block_refine2,mean_stream_bler,0.004398148148148148,-0.0037037037037037034,0.017129629629629627,5,60,2000
random,high_duty,spike__rescue_periodic__block_refine2,analog_delta__rescue_periodic__block_refine2,mean_stream_goodput_per_transmitted_symbol,-0.0023895293790030625,-0.009371651350598717,0.002175438596491229,5,60,2000
random,high_duty,spike__rescue_periodic__block_refine2,analog_delta__rescue_periodic__block_refine2,mean_stream_first_word_failure,0.0,0.0,0.0,5,60,2000
