model_seed,condition,case,method,n_streams,n_words,n_symbols,failed_words,useful_bits,decoder_failures,crc_rejections,wrong_returns,undetected_wrong,over_budget_words,crc_accepted_words,bler,goodput,mean_stream_bler,correct_retained_fraction,mean_stream_correct_retained,retained_ber,mean_rf_calls,mean_ale_samples,first_word_bler,first_nb_correct,crossing_words,crossing_word_bler,mean_buffer_extra_ms,max_buffer_extra_ms
631,fixed,clean,analog_delta__current_guard8__block_refine2,12,97,222000,0,120280,0,0,0,0,0,97,0.0,0.5418018018018018,0.0,1.0,1.0,0.0,5.0,0.0,0.0,,0,,2.4910309278350518,4.95
631,fixed,clean,analog_delta__current_periodic__block_refine2,12,97,222000,0,120280,0,0,0,0,0,97,0.0,0.5418018018018018,0.0,1.0,1.0,0.0,37.0,0.0,0.0,,0,,2.4910309278350518,4.95
631,fixed,clean,analog_delta__lag_guard8__block_refine2,12,97,222000,0,120280,0,0,0,0,0,97,0.0,0.5418018018018018,0.0,1.0,1.0,0.0,5.0,0.0,0.0,,0,,2.4910309278350518,4.95
631,fixed,clean,analog_delta__lag_periodic__block_refine2,12,97,222000,0,120280,0,0,0,0,0,97,0.0,0.5418018018018018,0.0,1.0,1.0,0.0,37.0,0.0,0.0,,0,,2.4910309278350518,4.95
631,fixed,clean,analog_delta__refresh_guard8__block_refine2,12,97,222000,0,120280,0,0,0,0,0,97,0.0,0.5418018018018018,0.0,1.0,1.0,0.0,6.0,0.0,0.0,,0,,2.4910309278350518,4.95
631,fixed,clean,analog_delta__rescue_guard8__block_refine2,12,97,222000,0,120280,0,0,0,0,0,97,0.0,0.5418018018018018,0.0,1.0,1.0,0.0,6.0,10000.0,0.0,,0,,2.4910309278350518,4.95
631,fixed,clean,analog_delta__rescue_periodic__block_refine2,12,97,222000,0,120280,0,0,0,0,0,97,0.0,0.5418018018018018,0.0,1.0,1.0,0.0,37.0,10000.0,0.0,,0,,2.4910309278350518,4.95
631,fixed,clean,raw__raw__block_refine2,12,97,222000,0,120280,0,0,0,0,0,97,0.0,0.5418018018018018,0.0,1.0,1.0,0.0,0.0,0.0,0.0,,0,,2.4910309278350518,4.95
631,fixed,clean,rule__rule__block_refine2,12,97,222000,0,120280,0,0,0,0,0,97,0.0,0.5418018018018018,0.0,1.0,1.0,0.0,0.0,185000.0,0.0,,0,,2.4910309278350518,4.95
631,fixed,clean,spike__current_guard8__block_refine2,12,97,222000,0,120280,0,0,0,0,0,97,0.0,0.5418018018018018,0.0,1.0,1.0,0.0,6.0,0.0,0.0,,0,,2.4910309278350518,4.95
631,fixed,clean,spike__current_periodic__block_refine2,12,97,222000,0,120280,0,0,0,0,0,97,0.0,0.5418018018018018,0.0,1.0,1.0,0.0,37.0,0.0,0.0,,0,,2.4910309278350518,4.95
631,fixed,clean,spike__lag_guard8__block_refine2,12,97,222000,0,120280,0,0,0,0,0,97,0.0,0.5418018018018018,0.0,1.0,1.0,0.0,6.0,0.0,0.0,,0,,2.4910309278350518,4.95
631,fixed,clean,spike__lag_periodic__block_refine2,12,97,222000,0,120280,0,0,0,0,0,97,0.0,0.5418018018018018,0.0,1.0,1.0,0.0,37.0,0.0,0.0,,0,,2.4910309278350518,4.95
631,fixed,clean,spike__refresh_guard8__block_refine2,12,97,222000,0,120280,0,0,0,0,0,97,0.0,0.5418018018018018,0.0,1.0,1.0,0.0,7.083333333333333,0.0,0.0,,0,,2.4910309278350518,4.95
631,fixed,clean,spike__rescue_guard8__block_refine2,12,97,222000,0,120280,0,0,0,0,0,97,0.0,0.5418018018018018,0.0,1.0,1.0,0.0,7.083333333333333,10000.0,0.0,,0,,2.4910309278350518,4.95
631,fixed,clean,spike__rescue_periodic__block_refine2,12,97,222000,0,120280,0,0,0,0,0,97,0.0,0.5418018018018018,0.0,1.0,1.0,0.0,37.0,10000.0,0.0,,0,,2.4910309278350518,4.95
631,fixed,high_duty,analog_delta__current_guard8__block_refine2,12,97,222000,13,104160,13,0,0,0,11,84,0.13402061855670103,0.46918918918918917,0.13425925925925927,0.9188108108108108,0.9188108108108107,0.004684389272748566,5.916666666666667,129166.66666666667,0.0,0.981527777777778,60,0.06666666666666667,2.55319587628866,4.989999999999999
631,fixed,high_duty,analog_delta__current_periodic__block_refine2,12,97,222000,12,105400,12,0,0,0,11,85,0.12371134020618557,0.47477477477477475,0.1238425925925926,0.9212387387387387,0.9212387387387387,0.0018205068134785835,37.0,120000.0,0.0,0.9952222222222225,60,0.06666666666666667,2.55319587628866,4.989999999999999
631,fixed,high_duty,analog_delta__lag_guard8__block_refine2,12,97,222000,19,96720,18,1,1,0,10,78,0.1958762886597938,0.43567567567567567,0.19560185185185186,0.9123558558558559,0.9123558558558558,0.013102245263896469,5.916666666666667,129166.66666666667,0.16666666666666666,0.93575,60,0.15,2.55319587628866,4.989999999999999
631,fixed,high_duty,analog_delta__lag_periodic__block_refine2,12,97,222000,19,96720,18,1,1,0,10,78,0.1958762886597938,0.43567567567567567,0.19560185185185186,0.9148018018018018,0.9148018018018017,0.01030214424951267,37.0,120000.0,0.16666666666666666,0.9496388888888888,60,0.15,2.55319587628866,4.989999999999999
631,fixed,high_duty,analog_delta__refresh_guard8__block_refine2,12,97,222000,12,105400,12,0,0,0,11,85,0.12371134020618557,0.47477477477477475,0.1238425925925926,0.9212387387387387,0.9212387387387387,0.0018205068134785835,15.5,120000.0,0.0,0.9952222222222225,60,0.06666666666666667,2.55319587628866,4.989999999999999
631,fixed,high_duty,analog_delta__rescue_guard8__block_refine2,12,97,222000,13,104160,13,0,0,0,10,84,0.13402061855670103,0.46918918918918917,0.13425925925925927,0.9217252252252253,0.9217252252252254,0.0038216622526873346,15.5,140000.0,0.0,0.9969722222222223,60,0.08333333333333333,2.55319587628866,4.989999999999999
631,fixed,high_duty,analog_delta__rescue_periodic__block_refine2,12,97,222000,13,104160,13,0,0,0,10,84,0.13402061855670103,0.46918918918918917,0.13425925925925927,0.9217252252252253,0.9217252252252254,0.0038216622526873346,37.0,140000.0,0.0,0.9969722222222223,60,0.08333333333333333,2.55319587628866,4.989999999999999
631,fixed,high_duty,raw__raw__block_refine2,12,97,222000,48,60760,48,0,0,0,0,49,0.4948453608247423,0.2736936936936937,0.49421296296296297,0.8579594594594595,0.8579594594594594,0.14204054054054055,0.0,0.0,0.16666666666666666,0.7206666666666667,60,0.5333333333333333,2.55319587628866,4.989999999999999
631,fixed,high_duty,rule__rule__block_refine2,12,97,222000,13,104160,13,0,0,0,9,84,0.13402061855670103,0.46918918918918917,0.13425925925925927,0.9216126126126126,0.9216126126126126,0.006767253097207659,0.0,185000.0,0.0,0.9972777777777778,60,0.08333333333333333,2.55319587628866,4.989999999999999
631,fixed,high_duty,spike__current_guard8__block_refine2,12,97,222000,19,96720,19,0,0,0,11,78,0.1958762886597938,0.43567567567567567,0.19560185185185186,0.9097297297297298,0.9097297297297297,0.01678610375447889,5.833333333333333,122083.33333333333,0.16666666666666666,0.9184722222222224,60,0.15,2.55319587628866,4.989999999999999
631,fixed,high_duty,spike__current_periodic__block_refine2,12,97,222000,12,105400,12,0,0,0,11,85,0.12371134020618557,0.47477477477477475,0.1238425925925926,0.9211486486486486,0.9211486486486486,0.0021518913221688723,37.0,120000.0,0.0,0.9952222222222225,60,0.06666666666666667,2.55319587628866,4.989999999999999
631,fixed,high_duty,spike__lag_guard8__block_refine2,12,97,222000,22,93000,21,1,1,0,10,75,0.2268041237113402,0.4189189189189189,0.22685185185185186,0.9028288288288289,0.902828828828829,0.024927998754573053,5.833333333333333,122083.33333333333,0.16666666666666666,0.8758055555555555,60,0.16666666666666666,2.55319587628866,4.989999999999999
631,fixed,high_duty,spike__lag_periodic__block_refine2,12,97,222000,19,96720,18,1,1,0,10,78,0.1958762886597938,0.43567567567567567,0.19560185185185186,0.9147612612612612,0.9147612612612613,0.010538881309686221,37.0,120000.0,0.16666666666666666,0.9496388888888888,60,0.15,2.55319587628866,4.989999999999999
631,fixed,high_duty,spike__refresh_guard8__block_refine2,12,97,222000,12,105400,12,0,0,0,11,85,0.12371134020618557,0.47477477477477475,0.1238425925925926,0.921045045045045,0.9210450450450449,0.002069342495705138,16.0,120000.0,0.0,0.9952222222222225,60,0.06666666666666667,2.55319587628866,4.989999999999999
631,fixed,high_duty,spike__rescue_guard8__block_refine2,12,97,222000,13,104160,13,0,0,0,10,84,0.13402061855670103,0.46918918918918917,0.13425925925925927,0.9216351351351352,0.9216351351351352,0.003919029443838604,16.0,140000.0,0.0,0.9969722222222223,60,0.08333333333333333,2.55319587628866,4.989999999999999
631,fixed,high_duty,spike__rescue_periodic__block_refine2,12,97,222000,13,104160,13,0,0,0,10,84,0.13402061855670103,0.46918918918918917,0.13425925925925927,0.9216846846846847,0.9216846846846848,0.003981852875890805,37.0,140000.0,0.0,0.9969722222222223,60,0.08333333333333333,2.55319587628866,4.989999999999999
631,fixed,low_snr,analog_delta__current_guard8__block_refine2,12,97,222000,2,117800,2,0,0,0,0,95,0.020618556701030927,0.5306306306306307,0.019675925925925927,0.9450630630630631,0.945063063063063,0.0009333333333333333,6.0,130000.0,0.0,0.9946944444444444,60,0.016666666666666666,2.669381443298969,4.97
631,fixed,low_snr,analog_delta__current_periodic__block_refine2,12,97,222000,2,117800,2,0,0,0,0,95,0.020618556701030927,0.5306306306306307,0.019675925925925927,0.945436936936937,0.945436936936937,0.0005380952380952381,37.0,120000.0,0.0,0.9946944444444444,60,0.016666666666666666,2.669381443298969,4.97
631,fixed,low_snr,analog_delta__lag_guard8__block_refine2,12,97,222000,8,110360,8,0,0,0,0,89,0.08247422680412371,0.4971171171171171,0.08217592592592593,0.9383243243243243,0.9383243243243243,0.007262953219718632,6.0,130000.0,0.3333333333333333,0.95925,60,0.1,2.669381443298969,4.97
631,fixed,low_snr,analog_delta__lag_periodic__block_refine2,12,97,222000,8,110360,8,0,0,0,0,89,0.08247422680412371,0.4971171171171171,0.08217592592592593,0.9387252252252253,0.9387252252252253,0.006838804376834801,37.0,120000.0,0.3333333333333333,0.95925,60,0.1,2.669381443298969,4.97
631,fixed,low_snr,analog_delta__refresh_guard8__block_refine2,12,97,222000,2,117800,2,0,0,0,0,95,0.020618556701030927,0.5306306306306307,0.019675925925925927,0.945436936936937,0.945436936936937,0.0005380952380952381,15.25,120000.0,0.0,0.9946944444444444,60,0.016666666666666666,2.669381443298969,4.97
631,fixed,low_snr,analog_delta__rescue_guard8__block_refine2,12,97,222000,6,112840,6,0,0,0,0,91,0.061855670103092786,0.5082882882882883,0.061342592592592594,0.9432342342342342,0.9432342342342342,0.004232290953359203,15.25,140000.0,0.0,0.99675,60,0.05,2.669381443298969,4.97
631,fixed,low_snr,analog_delta__rescue_periodic__block_refine2,12,97,222000,6,112840,6,0,0,0,0,91,0.061855670103092786,0.5082882882882883,0.061342592592592594,0.9432342342342342,0.9432342342342342,0.004232290953359203,37.0,140000.0,0.0,0.99675,60,0.05,2.669381443298969,4.97
631,fixed,low_snr,raw__raw__block_refine2,12,97,222000,47,62000,47,0,0,0,0,50,0.4845360824742268,0.27927927927927926,0.4884259259259259,0.886527027027027,0.886527027027027,0.11347297297297297,0.0,0.0,0.5,0.7864444444444444,60,0.48333333333333334,2.669381443298969,4.97
631,fixed,low_snr,rule__rule__block_refine2,12,97,222000,9,109120,9,0,0,0,0,88,0.09278350515463918,0.4915315315315315,0.09375,0.9383333333333334,0.9383333333333335,0.011286831713244228,0.0,185000.0,0.0,0.9966666666666667,60,0.1,2.669381443298969,4.97
631,fixed,low_snr,spike__current_guard8__block_refine2,12,97,222000,15,101680,15,0,0,0,0,82,0.15463917525773196,0.458018018018018,0.1550925925925926,0.9311576576576577,0.9311576576576576,0.01578330921002514,5.416666666666667,115416.66666666667,0.5,0.910888888888889,60,0.15,2.669381443298969,4.97
631,fixed,low_snr,spike__current_periodic__block_refine2,12,97,222000,2,117800,2,0,0,0,0,95,0.020618556701030927,0.5306306306306307,0.019675925925925927,0.945436936936937,0.945436936936937,0.0005380952380952381,37.0,120000.0,0.0,0.9946944444444444,60,0.016666666666666666,2.669381443298969,4.97
631,fixed,low_snr,spike__lag_guard8__block_refine2,12,97,222000,20,95480,20,0,0,0,0,77,0.20618556701030927,0.4300900900900901,0.20717592592592593,0.9262072072072072,0.9262072072072072,0.022356409281095474,5.416666666666667,115416.66666666667,0.5,0.8755555555555555,60,0.18333333333333332,2.669381443298969,4.97
631,fixed,low_snr,spike__lag_periodic__block_refine2,12,97,222000,8,110360,8,0,0,0,0,89,0.08247422680412371,0.4971171171171171,0.08217592592592593,0.9387252252252253,0.9387252252252253,0.006838804376834801,37.0,120000.0,0.3333333333333333,0.95925,60,0.1,2.669381443298969,4.97
631,fixed,low_snr,spike__refresh_guard8__block_refine2,12,97,222000,2,117800,2,0,0,0,0,95,0.020618556701030927,0.5306306306306307,0.019675925925925927,0.9454324324324325,0.9454324324324325,0.0005428571428571429,15.333333333333334,120000.0,0.0,0.9946944444444444,60,0.016666666666666666,2.669381443298969,4.97
631,fixed,low_snr,spike__rescue_guard8__block_refine2,12,97,222000,6,112840,6,0,0,0,0,91,0.061855670103092786,0.5082882882882883,0.061342592592592594,0.9432297297297297,0.9432297297297297,0.004237046336452864,15.333333333333334,140000.0,0.0,0.99675,60,0.05,2.669381443298969,4.97
631,fixed,low_snr,spike__rescue_periodic__block_refine2,12,97,222000,6,112840,6,0,0,0,0,91,0.061855670103092786,0.5082882882882883,0.061342592592592594,0.9432342342342342,0.9432342342342342,0.004232290953359203,37.0,140000.0,0.0,0.99675,60,0.05,2.669381443298969,4.97
631,fixed,nominal,analog_delta__current_guard8__block_refine2,12,98,222000,0,121520,0,0,0,0,0,98,0.0,0.5473873873873873,0.0,0.9461036036036036,0.9461036036036035,0.0004806411086153729,6.0,130000.0,0.0,0.9949444444444445,60,0.0,2.4537755102040815,4.930000000000001
631,fixed,nominal,analog_delta__current_periodic__block_refine2,12,98,222000,0,121520,0,0,0,0,0,98,0.0,0.5473873873873873,0.0,0.9463108108108108,0.9463108108108106,0.00026173525716678724,37.0,120000.0,0.0,0.9949444444444445,60,0.0,2.4537755102040815,4.930000000000001
631,fixed,nominal,analog_delta__lag_guard8__block_refine2,12,98,222000,6,114080,6,0,0,0,0,92,0.061224489795918366,0.5138738738738738,0.060185185185185196,0.9386396396396396,0.9386396396396397,0.008214979248372235,6.0,130000.0,0.3333333333333333,0.9513611111111112,60,0.1,2.4537755102040815,4.930000000000001
631,fixed,nominal,analog_delta__lag_periodic__block_refine2,12,98,222000,6,114080,6,0,0,0,0,92,0.061224489795918366,0.5138738738738738,0.060185185185185196,0.9388558558558558,0.9388558558558558,0.007986520961047862,37.0,120000.0,0.3333333333333333,0.9513611111111112,60,0.1,2.4537755102040815,4.930000000000001
631,fixed,nominal,analog_delta__refresh_guard8__block_refine2,12,98,222000,0,121520,0,0,0,0,0,98,0.0,0.5473873873873873,0.0,0.9463108108108108,0.9463108108108106,0.00026173525716678724,15.0,120000.0,0.0,0.9949444444444445,60,0.0,2.4537755102040815,4.930000000000001
631,fixed,nominal,analog_delta__rescue_guard8__block_refine2,12,98,222000,2,119040,2,0,0,0,0,96,0.02040816326530612,0.5362162162162162,0.020833333333333332,0.944990990990991,0.9449909909909912,0.002567418508234757,15.0,140000.0,0.0,0.9969166666666668,60,0.03333333333333333,2.4537755102040815,4.930000000000001
631,fixed,nominal,analog_delta__rescue_periodic__block_refine2,12,98,222000,2,119040,2,0,0,0,0,96,0.02040816326530612,0.5362162162162162,0.020833333333333332,0.944990990990991,0.9449909909909912,0.002567418508234757,37.0,140000.0,0.0,0.9969166666666668,60,0.03333333333333333,2.4537755102040815,4.930000000000001
631,fixed,nominal,raw__raw__block_refine2,12,98,222000,48,62000,48,0,0,0,0,50,0.4897959183673469,0.27927927927927926,0.4884259259259259,0.8608423423423424,0.8608423423423424,0.13915765765765767,0.0,0.0,0.3333333333333333,0.7248333333333333,60,0.5666666666666667,2.4537755102040815,4.930000000000001
631,fixed,nominal,rule__rule__block_refine2,12,98,222000,4,116560,4,0,0,0,0,94,0.04081632653061224,0.525045045045045,0.041666666666666664,0.9432207207207207,0.9432207207207207,0.007041919575113809,0.0,185000.0,0.0,0.9972500000000001,60,0.06666666666666667,2.4537755102040815,4.930000000000001
631,fixed,nominal,spike__current_guard8__block_refine2,12,98,222000,7,112840,7,0,0,0,0,91,0.07142857142857142,0.5082882882882883,0.06944444444444443,0.935099099099099,0.9350990990990992,0.01274539643889819,6.0,120833.33333333333,0.08333333333333333,0.9305555555555557,60,0.06666666666666667,2.4537755102040815,4.930000000000001
631,fixed,nominal,spike__current_periodic__block_refine2,12,98,222000,0,121520,0,0,0,0,0,98,0.0,0.5473873873873873,0.0,0.9463108108108108,0.9463108108108106,0.00026173525716678724,37.0,120000.0,0.0,0.9949444444444445,60,0.0,2.4537755102040815,4.930000000000001
631,fixed,nominal,spike__lag_guard8__block_refine2,12,98,222000,11,107880,11,0,0,0,0,87,0.11224489795918367,0.4859459459459459,0.1099537037037037,0.9282972972972973,0.9282972972972973,0.020634528380793066,6.0,120833.33333333333,0.3333333333333333,0.8920833333333333,60,0.13333333333333333,2.4537755102040815,4.930000000000001
631,fixed,nominal,spike__lag_periodic__block_refine2,12,98,222000,6,114080,6,0,0,0,0,92,0.061224489795918366,0.5138738738738738,0.060185185185185196,0.9388558558558558,0.9388558558558558,0.007986520961047862,37.0,120000.0,0.3333333333333333,0.9513611111111112,60,0.1,2.4537755102040815,4.930000000000001
631,fixed,nominal,spike__refresh_guard8__block_refine2,12,98,222000,0,121520,0,0,0,0,0,98,0.0,0.5473873873873873,0.0,0.9463108108108108,0.9463108108108106,0.00026173525716678724,15.333333333333334,120000.0,0.0,0.9949444444444445,60,0.0,2.4537755102040815,4.930000000000001
631,fixed,nominal,spike__rescue_guard8__block_refine2,12,98,222000,2,119040,2,0,0,0,0,96,0.02040816326530612,0.5362162162162162,0.020833333333333332,0.944990990990991,0.9449909909909912,0.002567418508234757,15.333333333333334,140000.0,0.0,0.9969166666666668,60,0.03333333333333333,2.4537755102040815,4.930000000000001
631,fixed,nominal,spike__rescue_periodic__block_refine2,12,98,222000,2,119040,2,0,0,0,0,96,0.02040816326530612,0.5362162162162162,0.020833333333333332,0.944990990990991,0.9449909909909912,0.002567418508234757,37.0,140000.0,0.0,0.9969166666666668,60,0.03333333333333333,2.4537755102040815,4.930000000000001
631,fixed,short_dwell,analog_delta__current_guard8__block_refine2,12,43,114000,2,50840,2,0,0,0,0,41,0.046511627906976744,0.44596491228070173,0.05555555555555555,0.9438333333333333,0.9438333333333334,0.009855707291935068,3.0,75833.33333333333,0.08333333333333333,0.9608333333333334,43,0.046511627906976744,2.206279069767442,4.7299999999999995
631,fixed,short_dwell,analog_delta__current_periodic__block_refine2,12,43,114000,0,53320,0,0,0,0,0,43,0.0,0.46771929824561403,0.0,0.9470438596491229,0.9470438596491229,0.00023150720450420417,19.0,56250.0,0.0,0.9904999999999999,43,0.0,2.206279069767442,4.7299999999999995
631,fixed,short_dwell,analog_delta__lag_guard8__block_refine2,12,43,114000,4,48360,4,0,0,0,0,39,0.09302325581395349,0.4242105263157895,0.10416666666666667,0.9401929824561404,0.9401929824561405,0.017472132590202406,3.0,70833.33333333333,0.16666666666666666,0.9283333333333333,43,0.09302325581395349,2.206279069767442,4.7299999999999995
631,fixed,short_dwell,analog_delta__lag_periodic__block_refine2,12,43,114000,2,50840,2,0,0,0,0,41,0.046511627906976744,0.44596491228070173,0.05555555555555555,0.9398245614035088,0.9398245614035088,0.0075218615681043426,19.0,56250.0,0.16666666666666666,0.9477777777777779,43,0.046511627906976744,2.206279069767442,4.7299999999999995
631,fixed,short_dwell,analog_delta__refresh_guard8__block_refine2,12,43,114000,0,53320,0,0,0,0,0,43,0.0,0.46771929824561403,0.0,0.9470438596491229,0.9470438596491229,0.00023150720450420417,12.0,56250.0,0.0,0.9904999999999999,43,0.0,2.206279069767442,4.7299999999999995
631,fixed,short_dwell,analog_delta__rescue_guard8__block_refine2,12,43,114000,2,50840,2,0,0,0,0,41,0.046511627906976744,0.44596491228070173,0.05555555555555555,0.9458947368421052,0.9458947368421052,0.0025345494237137625,12.0,80000.0,0.08333333333333333,0.9935,43,0.046511627906976744,2.206279069767442,4.7299999999999995
631,fixed,short_dwell,analog_delta__rescue_periodic__block_refine2,12,43,114000,2,50840,2,0,0,0,0,41,0.046511627906976744,0.44596491228070173,0.05555555555555555,0.9458947368421052,0.9458947368421052,0.0025345494237137625,19.0,80000.0,0.08333333333333333,0.9935,43,0.046511627906976744,2.206279069767442,4.7299999999999995
631,fixed,short_dwell,raw__raw__block_refine2,12,43,114000,16,33480,16,0,0,0,0,27,0.37209302325581395,0.29368421052631577,0.38888888888888884,0.9290263157894737,0.9290263157894737,0.07097368421052631,0.0,0.0,0.4166666666666667,0.8687777777777779,43,0.37209302325581395,2.206279069767442,4.7299999999999995
631,fixed,short_dwell,rule__rule__block_refine2,12,43,114000,2,50840,2,0,0,0,0,41,0.046511627906976744,0.44596491228070173,0.05555555555555555,0.9457543859649122,0.9457543859649123,0.00385279905389299,0.0,95000.0,0.08333333333333333,0.9937222222222225,43,0.046511627906976744,2.206279069767442,4.7299999999999995
631,fixed,short_dwell,spike__current_guard8__block_refine2,12,43,114000,11,39680,11,0,0,0,0,32,0.2558139534883721,0.3480701754385965,0.2708333333333333,0.9288684210526316,0.9288684210526315,0.043821787184858775,3.25,61666.666666666664,0.4166666666666667,0.8652222222222224,43,0.2558139534883721,2.206279069767442,4.7299999999999995
631,fixed,short_dwell,spike__current_periodic__block_refine2,12,43,114000,0,53320,0,0,0,0,0,43,0.0,0.46771929824561403,0.0,0.9470438596491229,0.9470438596491229,0.00023150720450420417,19.0,59583.333333333336,0.0,0.9904999999999999,43,0.0,2.206279069767442,4.7299999999999995
631,fixed,short_dwell,spike__lag_guard8__block_refine2,12,43,114000,11,39680,11,0,0,0,0,32,0.2558139534883721,0.3480701754385965,0.2708333333333333,0.927,0.927,0.051160034477804914,3.25,57083.333333333336,0.4166666666666667,0.8651666666666668,43,0.2558139534883721,2.206279069767442,4.7299999999999995
631,fixed,short_dwell,spike__lag_periodic__block_refine2,12,43,114000,2,50840,2,0,0,0,0,41,0.046511627906976744,0.44596491228070173,0.05555555555555555,0.9396140350877193,0.9396140350877191,0.007744182599673929,19.0,59583.333333333336,0.16666666666666666,0.9477777777777779,43,0.046511627906976744,2.206279069767442,4.7299999999999995
631,fixed,short_dwell,spike__refresh_guard8__block_refine2,12,43,114000,0,53320,0,0,0,0,0,43,0.0,0.46771929824561403,0.0,0.9470438596491229,0.9470438596491229,0.00023150720450420417,12.0,59583.333333333336,0.0,0.9904999999999999,43,0.0,2.206279069767442,4.7299999999999995
631,fixed,short_dwell,spike__rescue_guard8__block_refine2,12,43,114000,2,50840,2,0,0,0,0,41,0.046511627906976744,0.44596491228070173,0.05555555555555555,0.9458947368421052,0.9458947368421052,0.0025345494237137625,12.0,80000.0,0.08333333333333333,0.9935,43,0.046511627906976744,2.206279069767442,4.7299999999999995
631,fixed,short_dwell,spike__rescue_periodic__block_refine2,12,43,114000,2,50840,2,0,0,0,0,41,0.046511627906976744,0.44596491228070173,0.05555555555555555,0.9458947368421052,0.9458947368421052,0.0025345494237137625,19.0,80000.0,0.08333333333333333,0.9935,43,0.046511627906976744,2.206279069767442,4.7299999999999995
631,fixed,strong_pulse,analog_delta__current_guard8__block_refine2,12,97,222000,3,116560,2,1,1,0,0,94,0.030927835051546393,0.525045045045045,0.03009259259259259,0.9412792792792792,0.9412792792792795,0.0007077546960480508,6.0,130000.0,0.0,0.995027777777778,60,0.0,2.3520618556701027,4.97
631,fixed,strong_pulse,analog_delta__current_periodic__block_refine2,12,97,222000,3,116560,2,1,1,0,0,94,0.030927835051546393,0.525045045045045,0.03009259259259259,0.941545045045045,0.941545045045045,0.0004256092428937603,37.0,120000.0,0.0,0.995027777777778,60,0.0,2.3520618556701027,4.97
631,fixed,strong_pulse,analog_delta__lag_guard8__block_refine2,12,97,222000,7,111600,6,1,1,0,2,90,0.07216494845360824,0.5027027027027027,0.07175925925925926,0.9358648648648649,0.9358648648648648,0.00478060931212876,6.0,130000.0,0.08333333333333333,0.9734166666666667,60,0.03333333333333333,2.3520618556701027,4.97
631,fixed,strong_pulse,analog_delta__lag_periodic__block_refine2,12,97,222000,7,111600,6,1,1,0,2,90,0.07216494845360824,0.5027027027027027,0.07175925925925926,0.9361846846846846,0.9361846846846845,0.004440505844031424,37.0,120000.0,0.08333333333333333,0.9734166666666667,60,0.03333333333333333,2.3520618556701027,4.97
631,fixed,strong_pulse,analog_delta__refresh_guard8__block_refine2,12,97,222000,3,116560,2,1,1,0,0,94,0.030927835051546393,0.525045045045045,0.03009259259259259,0.941545045045045,0.941545045045045,0.0004256092428937603,16.0,120000.0,0.0,0.995027777777778,60,0.0,2.3520618556701027,4.97
631,fixed,strong_pulse,analog_delta__rescue_guard8__block_refine2,12,97,222000,9,109120,8,1,1,0,0,88,0.09278350515463918,0.4915315315315315,0.0925925925925926,0.9388693693693694,0.9388693693693694,0.0060420799633755535,16.0,140000.0,0.0,0.9968055555555556,60,0.05,2.3520618556701027,4.97
631,fixed,strong_pulse,analog_delta__rescue_periodic__block_refine2,12,97,222000,9,109120,8,1,1,0,0,88,0.09278350515463918,0.4915315315315315,0.0925925925925926,0.9388693693693694,0.9388693693693694,0.0060420799633755535,37.0,140000.0,0.0,0.9968055555555556,60,0.05,2.3520618556701027,4.97
631,fixed,strong_pulse,raw__raw__block_refine2,12,97,222000,34,78120,34,0,0,0,0,63,0.35051546391752575,0.3518918918918919,0.3483796296296296,0.9211351351351351,0.9211351351351352,0.07886486486486487,0.0,0.0,0.08333333333333333,0.8624722222222223,60,0.4,2.3520618556701027,4.97
631,fixed,strong_pulse,rule__rule__block_refine2,12,97,222000,9,109120,9,0,0,0,0,88,0.09278350515463918,0.4915315315315315,0.0925925925925926,0.9345810810810811,0.9345810810810811,0.016957584716852398,0.0,185000.0,0.0,0.9968333333333333,60,0.08333333333333333,2.3520618556701027,4.97
631,fixed,strong_pulse,spike__current_guard8__block_refine2,12,97,222000,8,110360,7,1,1,0,1,89,0.08247422680412371,0.4971171171171171,0.08217592592592593,0.9279009009009009,0.9279009009009008,0.015475644260916112,6.25,115000.0,0.08333333333333333,0.9180833333333335,60,0.05,2.3520618556701027,4.97
631,fixed,strong_pulse,spike__current_periodic__block_refine2,12,97,222000,3,116560,2,1,1,0,0,94,0.030927835051546393,0.525045045045045,0.03009259259259259,0.941545045045045,0.941545045045045,0.0004256092428937603,37.0,120000.0,0.0,0.995027777777778,60,0.0,2.3520618556701027,4.97
631,fixed,strong_pulse,spike__lag_guard8__block_refine2,12,97,222000,13,104160,11,2,2,0,1,84,0.13402061855670103,0.46918918918918917,0.13310185185185186,0.9252117117117117,0.9252117117117115,0.01971574204879539,6.25,115000.0,0.08333333333333333,0.9031388888888889,60,0.1,2.3520618556701027,4.97
631,fixed,strong_pulse,spike__lag_periodic__block_refine2,12,97,222000,7,111600,6,1,1,0,2,90,0.07216494845360824,0.5027027027027027,0.07175925925925926,0.9361846846846846,0.9361846846846845,0.004440505844031424,37.0,120000.0,0.08333333333333333,0.9734166666666667,60,0.03333333333333333,2.3520618556701027,4.97
631,fixed,strong_pulse,spike__refresh_guard8__block_refine2,12,97,222000,3,116560,2,1,1,0,0,94,0.030927835051546393,0.525045045045045,0.03009259259259259,0.941545045045045,0.941545045045045,0.0004256092428937603,16.833333333333332,120000.0,0.0,0.995027777777778,60,0.0,2.3520618556701027,4.97
631,fixed,strong_pulse,spike__rescue_guard8__block_refine2,12,97,222000,9,109120,8,1,1,0,0,88,0.09278350515463918,0.4915315315315315,0.0925925925925926,0.9388693693693694,0.9388693693693694,0.0060420799633755535,16.833333333333332,140000.0,0.0,0.9968055555555556,60,0.05,2.3520618556701027,4.97
631,fixed,strong_pulse,spike__rescue_periodic__block_refine2,12,97,222000,9,109120,8,1,1,0,0,88,0.09278350515463918,0.4915315315315315,0.0925925925925926,0.9388693693693694,0.9388693693693694,0.0060420799633755535,37.0,140000.0,0.0,0.9968055555555556,60,0.05,2.3520618556701027,4.97
631,random,clean,analog_delta__current_guard8__block_refine2,12,100,224000,0,124000,0,0,0,0,0,100,0.0,0.5535714285714286,0.0,1.0,1.0,0.0,5.0,0.0,0.0,,0,,2.7495,4.989999999999999
631,random,clean,analog_delta__current_periodic__block_refine2,12,100,224000,0,124000,0,0,0,0,0,100,0.0,0.5535714285714286,0.0,1.0,1.0,0.0,37.333333333333336,0.0,0.0,,0,,2.7495,4.989999999999999
631,random,clean,analog_delta__lag_guard8__block_refine2,12,100,224000,0,124000,0,0,0,0,0,100,0.0,0.5535714285714286,0.0,1.0,1.0,0.0,5.0,0.0,0.0,,0,,2.7495,4.989999999999999
631,random,clean,analog_delta__lag_periodic__block_refine2,12,100,224000,0,124000,0,0,0,0,0,100,0.0,0.5535714285714286,0.0,1.0,1.0,0.0,37.333333333333336,0.0,0.0,,0,,2.7495,4.989999999999999
631,random,clean,analog_delta__refresh_guard8__block_refine2,12,100,224000,0,124000,0,0,0,0,0,100,0.0,0.5535714285714286,0.0,1.0,1.0,0.0,6.0,0.0,0.0,,0,,2.7495,4.989999999999999
631,random,clean,analog_delta__rescue_guard8__block_refine2,12,100,224000,0,124000,0,0,0,0,0,100,0.0,0.5535714285714286,0.0,1.0,1.0,0.0,6.0,10000.0,0.0,,0,,2.7495,4.989999999999999
631,random,clean,analog_delta__rescue_periodic__block_refine2,12,100,224000,0,124000,0,0,0,0,0,100,0.0,0.5535714285714286,0.0,1.0,1.0,0.0,37.333333333333336,10000.0,0.0,,0,,2.7495,4.989999999999999
631,random,clean,raw__raw__block_refine2,12,100,224000,0,124000,0,0,0,0,0,100,0.0,0.5535714285714286,0.0,1.0,1.0,0.0,0.0,0.0,0.0,,0,,2.7495,4.989999999999999
631,random,clean,rule__rule__block_refine2,12,100,224000,0,124000,0,0,0,0,0,100,0.0,0.5535714285714286,0.0,1.0,1.0,0.0,0.0,186666.66666666666,0.0,,0,,2.7495,4.989999999999999
631,random,clean,spike__current_guard8__block_refine2,12,100,224000,0,124000,0,0,0,0,0,100,0.0,0.5535714285714286,0.0,1.0,1.0,0.0,6.0,0.0,0.0,,0,,2.7495,4.989999999999999
631,random,clean,spike__current_periodic__block_refine2,12,100,224000,0,124000,0,0,0,0,0,100,0.0,0.5535714285714286,0.0,1.0,1.0,0.0,37.333333333333336,0.0,0.0,,0,,2.7495,4.989999999999999
631,random,clean,spike__lag_guard8__block_refine2,12,100,224000,0,124000,0,0,0,0,0,100,0.0,0.5535714285714286,0.0,1.0,1.0,0.0,6.0,0.0,0.0,,0,,2.7495,4.989999999999999
631,random,clean,spike__lag_periodic__block_refine2,12,100,224000,0,124000,0,0,0,0,0,100,0.0,0.5535714285714286,0.0,1.0,1.0,0.0,37.333333333333336,0.0,0.0,,0,,2.7495,4.989999999999999
631,random,clean,spike__refresh_guard8__block_refine2,12,100,224000,0,124000,0,0,0,0,0,100,0.0,0.5535714285714286,0.0,1.0,1.0,0.0,7.166666666666667,0.0,0.0,,0,,2.7495,4.989999999999999
631,random,clean,spike__rescue_guard8__block_refine2,12,100,224000,0,124000,0,0,0,0,0,100,0.0,0.5535714285714286,0.0,1.0,1.0,0.0,7.166666666666667,10000.0,0.0,,0,,2.7495,4.989999999999999
631,random,clean,spike__rescue_periodic__block_refine2,12,100,224000,0,124000,0,0,0,0,0,100,0.0,0.5535714285714286,0.0,1.0,1.0,0.0,37.333333333333336,10000.0,0.0,,0,,2.7495,4.989999999999999
631,random,high_duty,analog_delta__current_guard8__block_refine2,12,95,221000,18,95480,18,0,0,0,4,77,0.18947368421052632,0.4320361990950226,0.1923611111111111,0.9356968325791856,0.9358922102764285,0.011487054954300356,6.25,125833.33333333333,0.0,0.9762039953771083,60,0.25,2.547052631578947,4.98
631,random,high_duty,analog_delta__current_periodic__block_refine2,12,95,221000,17,96720,17,0,0,0,4,78,0.17894736842105263,0.4376470588235294,0.18194444444444444,0.9341628959276018,0.9343554527350798,0.010951632684347692,36.833333333333336,118750.0,0.0,0.9731878470199482,60,0.25,2.547052631578947,4.98
631,random,high_duty,analog_delta__lag_guard8__block_refine2,12,95,221000,21,91760,21,0,0,0,4,74,0.22105263157894736,0.4152036199095023,0.22542989417989415,0.9343800904977375,0.9344897683970496,0.013594848670131459,6.25,127083.33333333333,0.16666666666666666,0.9779345120659784,60,0.3,2.547052631578947,4.98
631,random,high_duty,analog_delta__lag_periodic__block_refine2,12,95,221000,21,91760,21,0,0,0,4,74,0.22105263157894736,0.4152036199095023,0.22542989417989415,0.9353076923076923,0.9354416225161922,0.012879656160458454,36.833333333333336,118750.0,0.16666666666666666,0.9806386128936685,60,0.3,2.547052631578947,4.98
631,random,high_duty,analog_delta__refresh_guard8__block_refine2,12,95,221000,17,96720,17,0,0,0,4,78,0.17894736842105263,0.4376470588235294,0.18194444444444444,0.9344796380090498,0.9346771002714331,0.010502510636666795,11.333333333333334,119583.33333333333,0.0,0.9731878470199482,60,0.25,2.547052631578947,4.98
631,random,high_duty,analog_delta__rescue_guard8__block_refine2,12,95,221000,17,96720,17,0,0,0,4,78,0.17894736842105263,0.4376470588235294,0.18194444444444444,0.9356063348416289,0.9357415060793827,0.010636770785484612,11.333333333333334,147083.33333333334,0.0,0.9794848298735332,60,0.25,2.547052631578947,4.98
631,random,high_duty,analog_delta__rescue_periodic__block_refine2,12,95,221000,17,96720,17,0,0,0,4,78,0.17894736842105263,0.4376470588235294,0.18194444444444444,0.9353393665158372,0.9354779314187492,0.011070499081445194,36.833333333333336,146250.0,0.0,0.9794848298735332,60,0.25,2.547052631578947,4.98
631,random,high_duty,raw__raw__block_refine2,12,95,221000,46,60760,46,0,0,0,0,49,0.4842105263157895,0.2749321266968326,0.4847883597883598,0.933076923076923,0.9332251558548904,0.06692307692307692,0.0,0.0,0.16666666666666666,0.9226089714022886,60,0.5166666666666667,2.547052631578947,4.98
631,random,high_duty,rule__rule__block_refine2,12,95,221000,18,95480,18,0,0,0,3,77,0.18947368421052632,0.4320361990950226,0.19384920634920633,0.9361628959276018,0.9363867631934347,0.013183500591445034,0.0,184166.66666666666,0.0,0.9794615133281126,60,0.26666666666666666,2.547052631578947,4.98
631,random,high_duty,spike__current_guard8__block_refine2,12,95,221000,21,91760,20,1,1,0,4,74,0.22105263157894736,0.4152036199095023,0.2254298941798942,0.933447963800905,0.9335281537608294,0.014428221984406055,6.166666666666667,119583.33333333333,0.08333333333333333,0.9707116389920384,60,0.2833333333333333,2.547052631578947,4.98
631,random,high_duty,spike__current_periodic__block_refine2,12,95,221000,17,96720,16,1,1,0,4,78,0.17894736842105263,0.4376470588235294,0.18194444444444444,0.9341538461538461,0.9343692869283258,0.010999118537538804,36.833333333333336,117916.66666666667,0.0,0.97320989826782,60,0.25,2.547052631578947,4.98
631,random,high_duty,spike__lag_guard8__block_refine2,12,95,221000,22,90520,22,0,0,0,4,73,0.23157894736842105,0.4095927601809955,0.2373346560846561,0.9331266968325792,0.9332940235913695,0.016121183206106872,6.166666666666667,120416.66666666667,0.16666666666666666,0.9641363312315335,60,0.3,2.547052631578947,4.98
631,random,high_duty,spike__lag_periodic__block_refine2,12,95,221000,21,91760,21,0,0,0,4,74,0.22105263157894736,0.4152036199095023,0.22542989417989415,0.9363891402714932,0.9366688533522466,0.012982677045177046,36.833333333333336,117916.66666666667,0.16666666666666666,0.9806827153894121,60,0.3,2.547052631578947,4.98
631,random,high_duty,spike__refresh_guard8__block_refine2,12,95,221000,17,96720,16,1,1,0,4,78,0.17894736842105263,0.4376470588235294,0.18194444444444444,0.9346063348416289,0.9348418437611766,0.010595899597624065,11.75,115833.33333333333,0.0,0.97320989826782,60,0.25,2.547052631578947,4.98
631,random,high_duty,spike__rescue_guard8__block_refine2,12,95,221000,17,96720,16,1,1,0,4,78,0.17894736842105263,0.4376470588235294,0.18194444444444444,0.9357466063348416,0.9359165874471111,0.010677790960235753,11.75,143333.33333333334,0.0,0.9794848298735332,60,0.25,2.547052631578947,4.98
631,random,high_duty,spike__rescue_periodic__block_refine2,12,95,221000,17,96720,16,1,1,0,4,78,0.17894736842105263,0.4376470588235294,0.18194444444444444,0.9352850678733031,0.9354331736034031,0.011052208527903238,36.833333333333336,145416.66666666666,0.0,0.9794848298735332,60,0.25,2.547052631578947,4.98
631,random,low_snr,analog_delta__current_guard8__block_refine2,12,94,217500,9,105400,9,0,0,0,5,85,0.09574468085106383,0.4845977011494253,0.09292328042328042,0.930335632183908,0.9306629826033465,0.0038203265000689235,6.416666666666667,124583.33333333333,0.0,0.985595381940076,60,0.06666666666666667,2.7736170212765954,4.91
631,random,low_snr,analog_delta__current_periodic__block_refine2,12,94,217500,10,104160,10,0,0,0,5,84,0.10638297872340426,0.4788965517241379,0.10333994708994709,0.9296091954022988,0.9298303340658217,0.005851116137279969,36.25,112916.66666666667,0.0,0.984391722199539,60,0.08333333333333333,2.7736170212765954,4.91
631,random,low_snr,analog_delta__lag_guard8__block_refine2,12,94,217500,14,99200,14,0,0,0,5,80,0.14893617021276595,0.4560919540229885,0.1453373015873016,0.9255310344827586,0.9258853063423885,0.009160087417062078,6.25,125416.66666666667,0.16666666666666666,0.9601438215820819,60,0.15,2.7736170212765954,4.91
631,random,low_snr,analog_delta__lag_periodic__block_refine2,12,94,217500,14,99200,14,0,0,0,5,80,0.14893617021276595,0.4560919540229885,0.1453373015873016,0.925167816091954,0.9255217218988118,0.009236829148202856,36.25,112916.66666666667,0.16666666666666666,0.9597459446758837,60,0.15,2.7736170212765954,4.91
631,random,low_snr,analog_delta__refresh_guard8__block_refine2,12,94,217500,10,104160,10,0,0,0,5,84,0.10638297872340426,0.4788965517241379,0.10333994708994709,0.9303034482758621,0.9305451035234705,0.005186925996578104,12.833333333333334,114583.33333333333,0.0,0.9844195277829001,60,0.08333333333333333,2.7736170212765954,4.91
631,random,low_snr,analog_delta__rescue_guard8__block_refine2,12,94,217500,9,105400,9,0,0,0,5,85,0.09574468085106383,0.4845977011494253,0.09143518518518519,0.9280045977011494,0.9284054099931421,0.004787685146835493,12.833333333333334,141666.66666666666,0.0,0.9876537593738735,60,0.06666666666666667,2.7736170212765954,4.91
631,random,low_snr,analog_delta__rescue_periodic__block_refine2,12,94,217500,9,105400,9,0,0,0,5,85,0.09574468085106383,0.4845977011494253,0.09143518518518519,0.9271770114942529,0.9275580087440382,0.005439821664595293,36.25,140000.0,0.0,0.9876259537905123,60,0.06666666666666667,2.7736170212765954,4.91
631,random,low_snr,raw__raw__block_refine2,12,94,217500,43,63240,43,0,0,0,0,51,0.4574468085106383,0.2907586206896552,0.45916005291005285,0.8902758620689655,0.8913430065403749,0.10972413793103448,0.0,0.0,0.16666666666666666,0.8209045693479219,60,0.5166666666666667,2.7736170212765954,4.91
631,random,low_snr,rule__rule__block_refine2,12,94,217500,10,104160,10,0,0,0,5,84,0.10638297872340426,0.4788965517241379,0.10185185185185186,0.9244873563218391,0.9249220695762106,0.010043521928356211,0.0,181250.0,0.0,0.9871400983105034,60,0.08333333333333333,2.7736170212765954,4.91
631,random,low_snr,spike__current_guard8__block_refine2,12,94,217500,16,96720,16,0,0,0,5,78,0.1702127659574468,0.44468965517241377,0.1703042328042328,0.914151724137931,0.9142605808262929,0.023610756447779373,5.833333333333333,117083.33333333333,0.16666666666666666,0.893762101287487,60,0.18333333333333332,2.7736170212765954,4.91
631,random,low_snr,spike__current_periodic__block_refine2,12,94,217500,10,104160,10,0,0,0,5,84,0.10638297872340426,0.4788965517241379,0.10333994708994709,0.9285793103448275,0.9287846247729376,0.007342966676496609,36.25,112500.0,0.0,0.978483585718831,60,0.08333333333333333,2.7736170212765954,4.91
631,random,low_snr,spike__lag_guard8__block_refine2,12,94,217500,18,94240,18,0,0,0,5,76,0.19148936170212766,0.43328735632183907,0.18998015873015872,0.9111954022988505,0.9113813334951492,0.027761425403740114,5.666666666666667,116250.0,0.16666666666666666,0.8720455871528828,60,0.21666666666666667,2.7736170212765954,4.91
631,random,low_snr,spike__lag_periodic__block_refine2,12,94,217500,14,99200,14,0,0,0,5,80,0.14893617021276595,0.4560919540229885,0.1453373015873016,0.9237057471264368,0.9240329033699778,0.01091943837261968,36.25,112500.0,0.16666666666666666,0.9530930933108618,60,0.15,2.7736170212765954,4.91
631,random,low_snr,spike__refresh_guard8__block_refine2,12,94,217500,10,104160,10,0,0,0,5,84,0.10638297872340426,0.4788965517241379,0.10333994708994709,0.928887356321839,0.929101520151288,0.007091745463838487,12.916666666666666,113333.33333333333,0.0,0.978483585718831,60,0.08333333333333333,2.7736170212765954,4.91
631,random,low_snr,spike__rescue_guard8__block_refine2,12,94,217500,9,105400,9,0,0,0,5,85,0.09574468085106383,0.4845977011494253,0.09143518518518519,0.9275218390804598,0.9279114589655998,0.005462325728145767,12.916666666666666,140833.33333333334,0.0,0.9876537593738735,60,0.06666666666666667,2.7736170212765954,4.91
631,random,low_snr,spike__rescue_periodic__block_refine2,12,94,217500,9,105400,9,0,0,0,5,85,0.09574468085106383,0.4845977011494253,0.09143518518518519,0.9272459770114942,0.9276290076066779,0.00571890591413753,36.25,140000.0,0.0,0.9876537593738735,60,0.06666666666666667,2.7736170212765954,4.91
631,random,nominal,analog_delta__current_guard8__block_refine2,12,99,227000,13,106640,12,1,1,0,6,86,0.13131313131313133,0.4697797356828194,0.13376322751322753,0.9254933920704845,0.9255298727603153,0.005684184620044678,6.333333333333333,131666.66666666666,0.08333333333333333,0.9554345777697749,60,0.11666666666666667,2.568888888888889,4.989999999999999
631,random,nominal,analog_delta__current_periodic__block_refine2,12,99,227000,11,109120,11,0,0,0,6,88,0.1111111111111111,0.48070484581497797,0.11144179894179894,0.9269559471365639,0.9271214520055512,0.003471432901416989,37.833333333333336,119166.66666666667,0.0,0.9658533899380637,60,0.08333333333333333,2.568888888888889,4.989999999999999
631,random,nominal,analog_delta__lag_guard8__block_refine2,12,99,227000,15,104160,15,0,0,0,6,84,0.15151515151515152,0.4588546255506608,0.1534391534391534,0.9266784140969163,0.9268326949649346,0.008503016591251885,6.5,132500.0,0.08333333333333333,0.963044372657881,60,0.11666666666666667,2.568888888888889,4.989999999999999
631,random,nominal,analog_delta__lag_periodic__block_refine2,12,99,227000,16,102920,16,0,0,0,6,83,0.16161616161616163,0.4533920704845815,0.16534391534391532,0.927533039647577,0.9277322026685085,0.007738274770019605,37.833333333333336,119166.66666666667,0.08333333333333333,0.9630916539817581,60,0.13333333333333333,2.568888888888889,4.989999999999999
631,random,nominal,analog_delta__refresh_guard8__block_refine2,12,99,227000,11,109120,10,1,1,0,6,88,0.1111111111111111,0.48070484581497797,0.11144179894179894,0.9268854625550661,0.9270586907402868,0.0034716959684752955,11.833333333333334,120416.66666666667,0.0,0.965687905304494,60,0.08333333333333333,2.568888888888889,4.989999999999999
631,random,nominal,analog_delta__rescue_guard8__block_refine2,12,99,227000,13,106640,13,0,0,0,6,86,0.13131313131313133,0.4697797356828194,0.13376322751322753,0.9271145374449339,0.9271029053060976,0.004470198675496689,11.833333333333334,146250.0,0.0,0.9704869994836546,60,0.11666666666666667,2.568888888888889,4.989999999999999
631,random,nominal,analog_delta__rescue_periodic__block_refine2,12,99,227000,13,106640,13,0,0,0,6,86,0.13131313131313133,0.4697797356828194,0.13376322751322753,0.9271497797356828,0.9271335333928875,0.004507700457865063,37.833333333333336,145000.0,0.0,0.970628843455286,60,0.11666666666666667,2.568888888888889,4.989999999999999
631,random,nominal,raw__raw__block_refine2,12,99,227000,32,83080,32,0,0,0,0,67,0.32323232323232326,0.3659911894273128,0.3295304232804233,0.9161145374449339,0.9152246656479459,0.08388546255506608,0.0,0.0,0.08333333333333333,0.8660216675024892,60,0.35,2.568888888888889,4.989999999999999
631,random,nominal,rule__rule__block_refine2,12,99,227000,13,106640,13,0,0,0,5,86,0.13131313131313133,0.4697797356828194,0.13376322751322753,0.9256563876651982,0.9256170074885056,0.00948448165327903,0.0,189166.66666666666,0.0,0.9700696302603561,60,0.13333333333333333,2.568888888888889,4.989999999999999
631,random,nominal,spike__current_guard8__block_refine2,12,99,227000,14,105400,14,0,0,0,5,85,0.1414141414141414,0.4643171806167401,0.14417989417989419,0.9241894273127753,0.9242618988455468,0.009410531484909153,6.333333333333333,111666.66666666667,0.08333333333333333,0.9386245827299414,60,0.11666666666666667,2.568888888888889,4.989999999999999
631,random,nominal,spike__current_periodic__block_refine2,12,99,227000,12,107880,11,1,1,0,5,87,0.12121212121212122,0.4752422907488987,0.12334656084656086,0.9273039647577093,0.9275077182042749,0.003625795213571645,37.833333333333336,119166.66666666667,0.0,0.9656257809702704,60,0.1,2.568888888888889,4.989999999999999
631,random,nominal,spike__lag_guard8__block_refine2,12,99,227000,16,102920,15,1,1,0,5,83,0.16161616161616163,0.4533920704845815,0.1638558201058201,0.9252026431718061,0.9254057475321824,0.012502350949783712,6.166666666666667,112916.66666666667,0.08333333333333333,0.9371223066722627,60,0.13333333333333333,2.568888888888889,4.989999999999999
631,random,nominal,spike__lag_periodic__block_refine2,12,99,227000,15,104160,15,0,0,0,5,84,0.15151515151515152,0.4588546255506608,0.1534391534391534,0.9280925110132159,0.9283484532434164,0.007962593234385595,37.833333333333336,119166.66666666667,0.08333333333333333,0.9631765957114409,60,0.11666666666666667,2.568888888888889,4.989999999999999
631,random,nominal,spike__refresh_guard8__block_refine2,12,99,227000,11,109120,11,0,0,0,5,88,0.1111111111111111,0.48070484581497797,0.11292989417989419,0.9271497797356828,0.9273541893167073,0.0037537395387586625,12.583333333333334,119583.33333333333,0.0,0.9656257809702704,60,0.1,2.568888888888889,4.989999999999999
631,random,nominal,spike__rescue_guard8__block_refine2,12,99,227000,12,107880,10,2,2,0,5,87,0.12121212121212122,0.4752422907488987,0.12334656084656086,0.9272643171806167,0.9272914723279823,0.004798963612981315,12.583333333333334,145416.66666666666,0.0,0.970676124779163,60,0.11666666666666667,2.568888888888889,4.989999999999999
631,random,nominal,spike__rescue_periodic__block_refine2,12,99,227000,13,106640,13,0,0,0,5,86,0.13131313131313133,0.4697797356828194,0.13376322751322753,0.9273348017621146,0.9273519614397626,0.004685667814048493,37.833333333333336,145000.0,0.0,0.970676124779163,60,0.11666666666666667,2.568888888888889,4.989999999999999
631,random,short_dwell,analog_delta__current_guard8__block_refine2,12,40,111000,4,44640,4,0,0,0,0,36,0.1,0.40216216216216216,0.10416666666666667,0.9202522522522523,0.9209178915425821,0.01235666080095914,4.083333333333333,64583.333333333336,0.25,0.9005036554739726,40,0.1,2.6310000000000002,4.78
631,random,short_dwell,analog_delta__current_periodic__block_refine2,12,40,111000,2,47120,2,0,0,0,0,38,0.05,0.4245045045045045,0.05555555555555555,0.9164324324324324,0.9166831822202566,0.008180337938632841,18.5,55000.0,0.08333333333333333,0.9105079743276371,40,0.05,2.6310000000000002,4.78
631,random,short_dwell,analog_delta__lag_guard8__block_refine2,12,40,111000,7,40920,7,0,0,0,0,33,0.175,0.36864864864864866,0.18055555555555555,0.9239009009009009,0.9250185136042721,0.017757430057371633,4.333333333333333,63333.333333333336,0.3333333333333333,0.9160897665224156,40,0.175,2.6310000000000002,4.78
631,random,short_dwell,analog_delta__lag_periodic__block_refine2,12,40,111000,6,42160,6,0,0,0,0,34,0.15,0.3798198198198198,0.15277777777777776,0.9171441441441441,0.9178748382393893,0.015939759501991262,18.5,55000.0,0.3333333333333333,0.9155223906358906,40,0.15,2.6310000000000002,4.78
631,random,short_dwell,analog_delta__refresh_guard8__block_refine2,12,40,111000,2,47120,2,0,0,0,0,38,0.05,0.4245045045045045,0.05555555555555555,0.9164504504504505,0.916720462922011,0.008160837729005587,11.416666666666666,55416.666666666664,0.08333333333333333,0.9108902373245789,40,0.05,2.6310000000000002,4.78
631,random,short_dwell,analog_delta__rescue_guard8__block_refine2,12,40,111000,7,40920,7,0,0,0,0,33,0.175,0.36864864864864866,0.1875,0.917972972972973,0.9182159934149099,0.01033421070523218,11.416666666666666,83750.0,0.25,0.9373633274641372,40,0.175,2.6310000000000002,4.78
631,random,short_dwell,analog_delta__rescue_periodic__block_refine2,12,40,111000,7,40920,7,0,0,0,0,33,0.175,0.36864864864864866,0.1875,0.918027027027027,0.918246305305748,0.010343220092069227,18.5,83333.33333333333,0.25,0.9370447749666856,40,0.175,2.6310000000000002,4.78
631,random,short_dwell,raw__raw__block_refine2,12,40,111000,23,21080,23,0,0,0,0,17,0.575,0.1899099099099099,0.5763888888888888,0.9080990990990991,0.9118170188543253,0.0919009009009009,0.0,0.0,0.4166666666666667,0.8626231045604366,40,0.575,2.6310000000000002,4.78
631,random,short_dwell,rule__rule__block_refine2,12,40,111000,7,40920,7,0,0,0,0,33,0.175,0.36864864864864866,0.1875,0.918990990990991,0.9192603653742197,0.012220393144185146,0.0,92500.0,0.25,0.9372359064651565,40,0.175,2.6310000000000002,4.78
631,random,short_dwell,spike__current_guard8__block_refine2,12,40,111000,7,40920,7,0,0,0,0,33,0.175,0.36864864864864866,0.18055555555555555,0.911009009009009,0.9121523117434108,0.03608876348800854,3.9166666666666665,52916.666666666664,0.3333333333333333,0.8495143043680978,40,0.175,2.6310000000000002,4.78
631,random,short_dwell,spike__current_periodic__block_refine2,12,40,111000,2,47120,2,0,0,0,0,38,0.05,0.4245045045045045,0.05555555555555555,0.9173873873873873,0.917658629416679,0.008847662523481833,18.5,53333.333333333336,0.08333333333333333,0.9109991766850265,40,0.05,2.6310000000000002,4.78
631,random,short_dwell,spike__lag_guard8__block_refine2,12,40,111000,9,38440,9,0,0,0,0,31,0.225,0.3463063063063063,0.22916666666666666,0.916036036036036,0.9175319917440662,0.04143294838557624,3.9166666666666665,51666.666666666664,0.3333333333333333,0.8823602679226501,40,0.225,2.6310000000000002,4.78
631,random,short_dwell,spike__lag_periodic__block_refine2,12,40,111000,6,42160,6,0,0,0,0,34,0.15,0.3798198198198198,0.15277777777777776,0.9181171171171171,0.9188347281602698,0.01567600981320146,18.5,53333.333333333336,0.3333333333333333,0.9159898642522085,40,0.15,2.6310000000000002,4.78
631,random,short_dwell,spike__refresh_guard8__block_refine2,12,40,111000,1,48360,1,0,0,0,0,39,0.025,0.43567567567567567,0.027777777777777776,0.9174504504504505,0.9177200329254509,0.008702339118669146,11.333333333333334,53750.0,0.08333333333333333,0.9109991766850265,40,0.025,2.6310000000000002,4.78
631,random,short_dwell,spike__rescue_guard8__block_refine2,12,40,111000,7,40920,7,0,0,0,0,33,0.175,0.36864864864864866,0.1875,0.9197297297297298,0.9199498255442528,0.010122752923381231,11.333333333333334,83750.0,0.25,0.9373633274641372,40,0.175,2.6310000000000002,4.78
631,random,short_dwell,spike__rescue_periodic__block_refine2,12,40,111000,7,40920,7,0,0,0,0,33,0.175,0.36864864864864866,0.1875,0.9197567567567567,0.9199761413337263,0.010247212796897722,18.5,83333.33333333333,0.25,0.9373633274641372,40,0.175,2.6310000000000002,4.78
631,random,strong_pulse,analog_delta__current_guard8__block_refine2,12,96,217500,9,107880,8,1,1,0,7,87,0.09375,0.496,0.0906084656084656,0.9235080459770115,0.9239514202309382,0.0019329000457138314,6.333333333333333,121666.66666666667,0.0,0.9590779282600669,60,0.1,2.786770833333333,4.98
631,random,strong_pulse,analog_delta__current_periodic__block_refine2,12,96,217500,9,107880,8,1,1,0,7,87,0.09375,0.496,0.0906084656084656,0.923135632183908,0.9235937114103522,0.0008260843601329697,36.25,114166.66666666667,0.0,0.9606322067324724,60,0.1,2.786770833333333,4.98
631,random,strong_pulse,analog_delta__lag_guard8__block_refine2,12,96,217500,9,107880,8,1,1,0,7,87,0.09375,0.496,0.0906084656084656,0.9290022988505747,0.9294874034272254,0.0024191796512431623,6.5,127916.66666666667,0.0,0.990725919282577,60,0.1,2.786770833333333,4.98
631,random,strong_pulse,analog_delta__lag_periodic__block_refine2,12,96,217500,9,107880,7,2,2,0,6,87,0.09375,0.496,0.0906084656084656,0.9289563218390805,0.9294663261905716,0.0019560965007607042,36.25,114166.66666666667,0.0,0.9875263426851945,60,0.1,2.786770833333333,4.98
631,random,strong_pulse,analog_delta__refresh_guard8__block_refine2,12,96,217500,9,107880,8,1,1,0,7,87,0.09375,0.496,0.0906084656084656,0.923848275862069,0.9242813182479591,0.0007707914785272412,13.583333333333334,116250.0,0.0,0.9606322067324724,60,0.1,2.786770833333333,4.98
631,random,strong_pulse,analog_delta__rescue_guard8__block_refine2,12,96,217500,12,104160,11,1,1,0,5,84,0.125,0.4788965517241379,0.12483465608465609,0.9245379310344828,0.9249760914455477,0.0022872963264334053,13.583333333333334,142916.66666666666,0.0,0.9611096745137714,60,0.15,2.786770833333333,4.98
631,random,strong_pulse,analog_delta__rescue_periodic__block_refine2,12,96,217500,12,104160,11,1,1,0,5,84,0.125,0.4788965517241379,0.12483465608465609,0.9238712643678161,0.9243400689568936,0.0022938968441540385,36.25,140833.33333333334,0.0,0.9611096745137714,60,0.15,2.786770833333333,4.98
631,random,strong_pulse,raw__raw__block_refine2,12,96,217500,30,81840,30,0,0,0,0,66,0.3125,0.3762758620689655,0.31663359788359785,0.9614390804597701,0.961725838130811,0.03856091954022989,0.0,0.0,0.0,0.9663643704754774,60,0.3333333333333333,2.786770833333333,4.98
631,random,strong_pulse,rule__rule__block_refine2,12,96,217500,12,104160,12,0,0,0,5,84,0.125,0.4788965517241379,0.1259920634920635,0.9269563218390805,0.9273749523444956,0.004419578485788216,0.0,181250.0,0.0,0.9608576266246723,60,0.15,2.786770833333333,4.98
631,random,strong_pulse,spike__current_guard8__block_refine2,12,96,217500,9,107880,9,0,0,0,7,87,0.09375,0.496,0.0906084656084656,0.9249103448275862,0.9253180954527317,0.0023605959016881235,6.583333333333333,112500.0,0.0,0.9675347925845603,60,0.1,2.786770833333333,4.98
631,random,strong_pulse,spike__current_periodic__block_refine2,12,96,217500,9,107880,9,0,0,0,7,87,0.09375,0.496,0.0906084656084656,0.9230758620689655,0.9235390997017158,0.00093055196162344,36.25,113333.33333333333,0.0,0.9601063394582229,60,0.1,2.786770833333333,4.98
631,random,strong_pulse,spike__lag_guard8__block_refine2,12,96,217500,10,106640,9,1,1,0,7,86,0.10416666666666667,0.4902988505747126,0.09986772486772487,0.9294758620689655,0.9300132983793299,0.002855874519088488,6.083333333333333,117916.66666666667,0.0,0.9873851069748553,60,0.1,2.786770833333333,4.98
631,random,strong_pulse,spike__lag_periodic__block_refine2,12,96,217500,9,107880,9,0,0,0,7,87,0.09375,0.496,0.0906084656084656,0.9294436781609196,0.9299227836567813,0.0019846363474792157,36.25,113333.33333333333,0.0,0.9900024040193957,60,0.1,2.786770833333333,4.98
631,random,strong_pulse,spike__refresh_guard8__block_refine2,12,96,217500,9,107880,9,0,0,0,7,87,0.09375,0.496,0.0906084656084656,0.9230988505747126,0.9235611123073197,0.000945442964909138,14.333333333333334,113750.0,0.0,0.9601063394582229,60,0.1,2.786770833333333,4.98
631,random,strong_pulse,spike__rescue_guard8__block_refine2,12,96,217500,12,104160,12,0,0,0,6,84,0.125,0.4788965517241379,0.12483465608465609,0.9237609195402299,0.9242284757847742,0.0023734334346263083,14.333333333333334,140833.33333333334,0.0,0.9611096745137714,60,0.15,2.786770833333333,4.98
631,random,strong_pulse,spike__rescue_periodic__block_refine2,12,96,217500,12,104160,11,1,1,0,5,84,0.125,0.4788965517241379,0.12483465608465609,0.9237287356321839,0.9241978450409082,0.0023685621784813394,36.25,140416.66666666666,0.0,0.9611096745137714,60,0.15,2.786770833333333,4.98
641,fixed,clean,analog_delta__current_guard8__block_refine2,12,96,222000,0,119040,0,0,0,0,0,96,0.0,0.5362162162162162,0.0,1.0,1.0,0.0,5.0,0.0,0.0,,0,,2.3916666666666666,4.8999999999999995
641,fixed,clean,analog_delta__current_periodic__block_refine2,12,96,222000,0,119040,0,0,0,0,0,96,0.0,0.5362162162162162,0.0,1.0,1.0,0.0,37.0,0.0,0.0,,0,,2.3916666666666666,4.8999999999999995
641,fixed,clean,analog_delta__lag_guard8__block_refine2,12,96,222000,0,119040,0,0,0,0,0,96,0.0,0.5362162162162162,0.0,1.0,1.0,0.0,5.0,0.0,0.0,,0,,2.3916666666666666,4.8999999999999995
641,fixed,clean,analog_delta__lag_periodic__block_refine2,12,96,222000,0,119040,0,0,0,0,0,96,0.0,0.5362162162162162,0.0,1.0,1.0,0.0,37.0,0.0,0.0,,0,,2.3916666666666666,4.8999999999999995
641,fixed,clean,analog_delta__refresh_guard8__block_refine2,12,96,222000,0,119040,0,0,0,0,0,96,0.0,0.5362162162162162,0.0,1.0,1.0,0.0,6.0,0.0,0.0,,0,,2.3916666666666666,4.8999999999999995
641,fixed,clean,analog_delta__rescue_guard8__block_refine2,12,96,222000,0,119040,0,0,0,0,0,96,0.0,0.5362162162162162,0.0,1.0,1.0,0.0,6.0,10000.0,0.0,,0,,2.3916666666666666,4.8999999999999995
641,fixed,clean,analog_delta__rescue_periodic__block_refine2,12,96,222000,0,119040,0,0,0,0,0,96,0.0,0.5362162162162162,0.0,1.0,1.0,0.0,37.0,10000.0,0.0,,0,,2.3916666666666666,4.8999999999999995
641,fixed,clean,raw__raw__block_refine2,12,96,222000,0,119040,0,0,0,0,0,96,0.0,0.5362162162162162,0.0,1.0,1.0,0.0,0.0,0.0,0.0,,0,,2.3916666666666666,4.8999999999999995
641,fixed,clean,rule__rule__block_refine2,12,96,222000,0,119040,0,0,0,0,0,96,0.0,0.5362162162162162,0.0,1.0,1.0,0.0,0.0,185000.0,0.0,,0,,2.3916666666666666,4.8999999999999995
641,fixed,clean,spike__current_guard8__block_refine2,12,96,222000,0,119040,0,0,0,0,0,96,0.0,0.5362162162162162,0.0,1.0,1.0,0.0,6.25,0.0,0.0,,0,,2.3916666666666666,4.8999999999999995
641,fixed,clean,spike__current_periodic__block_refine2,12,96,222000,0,119040,0,0,0,0,0,96,0.0,0.5362162162162162,0.0,1.0,1.0,0.0,37.0,0.0,0.0,,0,,2.3916666666666666,4.8999999999999995
641,fixed,clean,spike__lag_guard8__block_refine2,12,96,222000,0,119040,0,0,0,0,0,96,0.0,0.5362162162162162,0.0,1.0,1.0,0.0,6.25,0.0,0.0,,0,,2.3916666666666666,4.8999999999999995
641,fixed,clean,spike__lag_periodic__block_refine2,12,96,222000,0,119040,0,0,0,0,0,96,0.0,0.5362162162162162,0.0,1.0,1.0,0.0,37.0,0.0,0.0,,0,,2.3916666666666666,4.8999999999999995
641,fixed,clean,spike__refresh_guard8__block_refine2,12,96,222000,0,119040,0,0,0,0,0,96,0.0,0.5362162162162162,0.0,1.0,1.0,0.0,7.25,0.0,0.0,,0,,2.3916666666666666,4.8999999999999995
641,fixed,clean,spike__rescue_guard8__block_refine2,12,96,222000,0,119040,0,0,0,0,0,96,0.0,0.5362162162162162,0.0,1.0,1.0,0.0,7.25,10000.0,0.0,,0,,2.3916666666666666,4.8999999999999995
641,fixed,clean,spike__rescue_periodic__block_refine2,12,96,222000,0,119040,0,0,0,0,0,96,0.0,0.5362162162162162,0.0,1.0,1.0,0.0,37.0,10000.0,0.0,,0,,2.3916666666666666,4.8999999999999995
641,fixed,high_duty,analog_delta__current_guard8__block_refine2,12,96,222000,17,97960,17,0,0,0,6,79,0.17708333333333334,0.44126126126126125,0.17708333333333334,0.925563063063063,0.9255630630630631,0.0025485436893203884,6.0,130000.0,0.0,0.9952222222222221,60,0.2833333333333333,2.3970833333333332,4.87
641,fixed,high_duty,analog_delta__current_periodic__block_refine2,12,96,222000,17,97960,17,0,0,0,6,79,0.17708333333333334,0.44126126126126125,0.17708333333333334,0.9258153153153154,0.9258153153153154,0.0022766990291262137,37.0,120000.0,0.0,0.9952222222222221,60,0.2833333333333333,2.3970833333333332,4.87
641,fixed,high_duty,analog_delta__lag_guard8__block_refine2,12,96,222000,20,94240,20,0,0,0,6,76,0.20833333333333334,0.4245045045045045,0.20833333333333334,0.92290990990991,0.92290990990991,0.007796761196342786,6.0,130000.0,0.16666666666666666,0.9675555555555556,60,0.31666666666666665,2.3970833333333332,4.87
641,fixed,high_duty,analog_delta__lag_periodic__block_refine2,12,96,222000,20,94240,20,0,0,0,6,76,0.20833333333333334,0.4245045045045045,0.20833333333333334,0.9231576576576577,0.9231576576576576,0.007530412211374554,37.0,120000.0,0.16666666666666666,0.9675555555555556,60,0.31666666666666665,2.3970833333333332,4.87
641,fixed,high_duty,analog_delta__refresh_guard8__block_refine2,12,96,222000,17,97960,17,0,0,0,6,79,0.17708333333333334,0.44126126126126125,0.17708333333333334,0.9258153153153154,0.9258153153153154,0.0022766990291262137,15.0,120000.0,0.0,0.9952222222222221,60,0.2833333333333333,2.3970833333333332,4.87
641,fixed,high_duty,analog_delta__rescue_guard8__block_refine2,12,96,222000,18,96720,18,0,0,0,6,78,0.1875,0.43567567567567567,0.1875,0.9265450450450451,0.926545045045045,0.004043035326929036,15.0,140000.0,0.0,0.997638888888889,60,0.3,2.3970833333333332,4.87
641,fixed,high_duty,analog_delta__rescue_periodic__block_refine2,12,96,222000,18,96720,18,0,0,0,6,78,0.1875,0.43567567567567567,0.1875,0.9265450450450451,0.926545045045045,0.004043035326929036,37.0,140000.0,0.0,0.997638888888889,60,0.3,2.3970833333333332,4.87
641,fixed,high_duty,raw__raw__block_refine2,12,96,222000,44,64480,44,0,0,0,0,52,0.4583333333333333,0.2904504504504504,0.4583333333333333,0.9069954954954955,0.9069954954954955,0.09300450450450451,0.0,0.0,0.25,0.8351944444444444,60,0.5166666666666667,2.3970833333333332,4.87
641,fixed,high_duty,rule__rule__block_refine2,12,96,222000,18,96720,18,0,0,0,5,78,0.1875,0.43567567567567567,0.1875,0.9277477477477477,0.9277477477477477,0.007287730392534896,0.0,185000.0,0.0,0.9979722222222223,60,0.3,2.3970833333333332,4.87
641,fixed,high_duty,spike__current_guard8__block_refine2,12,96,222000,22,91760,22,0,0,0,6,74,0.22916666666666666,0.41333333333333333,0.22916666666666666,0.9204009009009009,0.9204009009009009,0.0116428681990558,6.0,117916.66666666667,0.16666666666666666,0.9469166666666667,60,0.3333333333333333,2.3970833333333332,4.87
641,fixed,high_duty,spike__current_periodic__block_refine2,12,96,222000,17,97960,17,0,0,0,6,79,0.17708333333333334,0.44126126126126125,0.17708333333333334,0.9258153153153154,0.9258153153153154,0.0022766990291262137,37.0,120000.0,0.0,0.9952222222222221,60,0.2833333333333333,2.3970833333333332,4.87
641,fixed,high_duty,spike__lag_guard8__block_refine2,12,96,222000,24,89280,24,0,0,0,5,72,0.25,0.40216216216216216,0.25,0.9192882882882882,0.9192882882882883,0.017476120782622093,6.0,117916.66666666667,0.16666666666666666,0.9219166666666666,60,0.3333333333333333,2.3970833333333332,4.87
641,fixed,high_duty,spike__lag_periodic__block_refine2,12,96,222000,20,94240,20,0,0,0,6,76,0.20833333333333334,0.4245045045045045,0.20833333333333334,0.9231576576576577,0.9231576576576576,0.007530412211374554,37.0,120000.0,0.16666666666666666,0.9675555555555556,60,0.31666666666666665,2.3970833333333332,4.87
641,fixed,high_duty,spike__refresh_guard8__block_refine2,12,96,222000,17,97960,17,0,0,0,6,79,0.17708333333333334,0.44126126126126125,0.17708333333333334,0.9258153153153154,0.9258153153153154,0.0022766990291262137,15.666666666666666,120000.0,0.0,0.9952222222222221,60,0.2833333333333333,2.3970833333333332,4.87
641,fixed,high_duty,spike__rescue_guard8__block_refine2,12,96,222000,18,96720,18,0,0,0,6,78,0.1875,0.43567567567567567,0.1875,0.9265450450450451,0.926545045045045,0.004043035326929036,15.666666666666666,140000.0,0.0,0.997638888888889,60,0.3,2.3970833333333332,4.87
641,fixed,high_duty,spike__rescue_periodic__block_refine2,12,96,222000,18,96720,18,0,0,0,6,78,0.1875,0.43567567567567567,0.1875,0.9265450450450451,0.926545045045045,0.004043035326929036,37.0,140000.0,0.0,0.997638888888889,60,0.3,2.3970833333333332,4.87
641,fixed,low_snr,analog_delta__current_guard8__block_refine2,12,97,222000,3,116560,2,1,1,0,0,94,0.030927835051546393,0.525045045045045,0.03009259259259259,0.9462972972972973,0.9462972972972973,0.0008846022143590914,6.0,132500.0,0.0,0.9954722222222222,60,0.0,2.3447422680412373,4.989999999999999
641,fixed,low_snr,analog_delta__current_periodic__block_refine2,12,97,222000,3,116560,2,1,1,0,0,94,0.030927835051546393,0.525045045045045,0.03009259259259259,0.9465990990990991,0.946599099099099,0.0006420011413353624,37.0,125000.0,0.0,0.9953611111111109,60,0.0,2.3447422680412373,4.989999999999999
641,fixed,low_snr,analog_delta__lag_guard8__block_refine2,12,97,222000,10,107880,8,2,2,0,0,87,0.10309278350515463,0.4859459459459459,0.10300925925925926,0.9401801801801801,0.9401801801801802,0.007607455306200076,6.0,132500.0,0.16666666666666666,0.9590833333333334,60,0.1,2.3447422680412373,4.989999999999999
641,fixed,low_snr,analog_delta__lag_periodic__block_refine2,12,97,222000,9,109120,7,2,2,0,0,88,0.09278350515463918,0.4915315315315315,0.0925925925925926,0.9413108108108108,0.9413108108108107,0.0062628395343528875,37.0,124583.33333333333,0.16666666666666666,0.9649166666666668,60,0.08333333333333333,2.3447422680412373,4.989999999999999
641,fixed,low_snr,analog_delta__refresh_guard8__block_refine2,12,97,222000,3,116560,2,1,1,0,0,94,0.030927835051546393,0.525045045045045,0.03009259259259259,0.946563063063063,0.946563063063063,0.0006040025872236807,15.0,122916.66666666667,0.0,0.9954166666666665,60,0.0,2.3447422680412373,4.989999999999999
641,fixed,low_snr,analog_delta__rescue_guard8__block_refine2,12,97,222000,6,112840,5,1,1,0,0,91,0.061855670103092786,0.5082882882882883,0.061342592592592594,0.9458108108108109,0.9458108108108109,0.0021954835766423357,15.0,142083.33333333334,0.0,0.9966944444444444,60,0.03333333333333333,2.3447422680412373,4.989999999999999
641,fixed,low_snr,analog_delta__rescue_periodic__block_refine2,12,97,222000,6,112840,5,1,1,0,0,91,0.061855670103092786,0.5082882882882883,0.061342592592592594,0.9457747747747748,0.9457747747747748,0.002195567045584154,37.0,144166.66666666666,0.0,0.99675,60,0.03333333333333333,2.3447422680412373,4.989999999999999
641,fixed,low_snr,raw__raw__block_refine2,12,97,222000,49,59520,49,0,0,0,0,48,0.5051546391752577,0.2681081081081081,0.5092592592592592,0.8694054054054055,0.8694054054054053,0.1305945945945946,0.0,0.0,0.16666666666666666,0.7458888888888889,60,0.6,2.3447422680412373,4.989999999999999
641,fixed,low_snr,rule__rule__block_refine2,12,97,222000,6,112840,6,0,0,0,0,91,0.061855670103092786,0.5082882882882883,0.061342592592592594,0.9445675675675675,0.9445675675675677,0.005510869977615055,0.0,185000.0,0.0,0.9971111111111112,60,0.03333333333333333,2.3447422680412373,4.989999999999999
641,fixed,low_snr,spike__current_guard8__block_refine2,12,97,222000,9,109120,8,1,1,0,0,88,0.09278350515463918,0.4915315315315315,0.0925925925925926,0.9332207207207207,0.9332207207207207,0.015402821078245,5.5,158750.0,0.16666666666666666,0.9250833333333333,60,0.08333333333333333,2.3447422680412373,4.989999999999999
641,fixed,low_snr,spike__current_periodic__block_refine2,12,97,222000,4,115320,3,1,1,0,0,93,0.041237113402061855,0.5194594594594595,0.04050925925925926,0.944990990990991,0.9449909909909909,0.0023017805509054938,37.0,168333.33333333334,0.0,0.9948333333333332,60,0.0,2.3447422680412373,4.989999999999999
641,fixed,low_snr,spike__lag_guard8__block_refine2,12,97,222000,11,106640,10,1,1,0,0,86,0.1134020618556701,0.48036036036036034,0.11342592592592593,0.9303693693693693,0.9303693693693695,0.019007903336119767,5.5,154583.33333333334,0.16666666666666666,0.9103055555555555,60,0.1,2.3447422680412373,4.989999999999999
641,fixed,low_snr,spike__lag_periodic__block_refine2,12,97,222000,6,112840,5,1,1,0,0,91,0.061855670103092786,0.5082882882882883,0.061342592592592594,0.9435,0.9434999999999999,0.004368369015477051,37.0,164166.66666666666,0.08333333333333333,0.9849166666666666,60,0.03333333333333333,2.3447422680412373,4.989999999999999
641,fixed,low_snr,spike__refresh_guard8__block_refine2,12,97,222000,3,116560,2,1,1,0,0,94,0.030927835051546393,0.525045045045045,0.03009259259259259,0.9449954954954954,0.9449954954954954,0.0022211018948329656,15.0,165416.66666666666,0.0,0.9948888888888888,60,0.0,2.3447422680412373,4.989999999999999
641,fixed,low_snr,spike__rescue_guard8__block_refine2,12,97,222000,6,112840,5,1,1,0,0,91,0.061855670103092786,0.5082882882882883,0.061342592592592594,0.9450225225225225,0.9450225225225224,0.0031786908925041813,15.0,172083.33333333334,0.0,0.9971388888888888,60,0.03333333333333333,2.3447422680412373,4.989999999999999
641,fixed,low_snr,spike__rescue_periodic__block_refine2,12,97,222000,6,112840,5,1,1,0,0,91,0.061855670103092786,0.5082882882882883,0.061342592592592594,0.9448648648648649,0.9448648648648649,0.0032692161484072077,37.0,175000.0,0.0,0.9966111111111111,60,0.03333333333333333,2.3447422680412373,4.989999999999999
641,fixed,nominal,analog_delta__current_guard8__block_refine2,12,97,222000,3,116560,3,0,0,0,0,94,0.030927835051546393,0.525045045045045,0.03125,0.9447162162162163,0.9447162162162163,0.0004622922068018911,6.0,130000.0,0.0,0.9951666666666666,60,0.03333333333333333,2.484948453608247,4.96
641,fixed,nominal,analog_delta__current_periodic__block_refine2,12,97,222000,3,116560,3,0,0,0,0,94,0.030927835051546393,0.525045045045045,0.03125,0.9449144144144144,0.9449144144144145,0.00025259264907732194,37.0,120000.0,0.0,0.9951666666666666,60,0.03333333333333333,2.484948453608247,4.96
641,fixed,nominal,analog_delta__lag_guard8__block_refine2,12,97,222000,6,112840,4,2,2,0,0,91,0.061855670103092786,0.5082882882882883,0.0625,0.9406306306306307,0.9406306306306306,0.0043673952015867564,6.0,130000.0,0.08333333333333333,0.9738333333333333,60,0.08333333333333333,2.484948453608247,4.96
641,fixed,nominal,analog_delta__lag_periodic__block_refine2,12,97,222000,6,112840,4,2,2,0,0,91,0.061855670103092786,0.5082882882882883,0.0625,0.9408558558558558,0.940855855855856,0.004129000267002326,37.0,120000.0,0.08333333333333333,0.9738333333333333,60,0.08333333333333333,2.484948453608247,4.96
641,fixed,nominal,analog_delta__refresh_guard8__block_refine2,12,97,222000,3,116560,3,0,0,0,0,94,0.030927835051546393,0.525045045045045,0.03125,0.9449144144144144,0.9449144144144145,0.00025259264907732194,15.75,120000.0,0.0,0.9951666666666666,60,0.03333333333333333,2.484948453608247,4.96
641,fixed,nominal,analog_delta__rescue_guard8__block_refine2,12,97,222000,3,116560,3,0,0,0,1,94,0.030927835051546393,0.525045045045045,0.03125,0.9453153153153153,0.9453153153153152,0.000514364093576164,15.75,140000.0,0.0,0.9966944444444445,60,0.03333333333333333,2.484948453608247,4.96
641,fixed,nominal,analog_delta__rescue_periodic__block_refine2,12,97,222000,3,116560,3,0,0,0,1,94,0.030927835051546393,0.525045045045045,0.03125,0.9453153153153153,0.9453153153153152,0.000514364093576164,37.0,140000.0,0.0,0.9966944444444445,60,0.03333333333333333,2.484948453608247,4.96
641,fixed,nominal,raw__raw__block_refine2,12,97,222000,36,75640,36,0,0,0,0,61,0.3711340206185567,0.34072072072072074,0.37384259259259256,0.9252297297297297,0.9252297297297298,0.07477027027027026,0.0,0.0,0.08333333333333333,0.8676944444444444,60,0.4166666666666667,2.484948453608247,4.96
641,fixed,nominal,rule__rule__block_refine2,12,97,222000,4,115320,4,0,0,0,0,93,0.041237113402061855,0.5194594594594595,0.041666666666666664,0.9466621621621621,0.9466621621621621,0.0009175096980299688,0.0,185000.0,0.0,0.9969444444444445,60,0.016666666666666666,2.484948453608247,4.96
641,fixed,nominal,spike__current_guard8__block_refine2,12,97,222000,10,107880,10,0,0,0,0,87,0.10309278350515463,0.4859459459459459,0.10416666666666667,0.9384594594594594,0.9384594594594594,0.009122212921391067,6.166666666666667,113333.33333333333,0.08333333333333333,0.9540555555555557,60,0.11666666666666667,2.484948453608247,4.96
641,fixed,nominal,spike__current_periodic__block_refine2,12,97,222000,3,116560,3,0,0,0,0,94,0.030927835051546393,0.525045045045045,0.03125,0.9449144144144144,0.9449144144144145,0.00025259264907732194,37.0,120000.0,0.0,0.9951666666666666,60,0.03333333333333333,2.484948453608247,4.96
641,fixed,nominal,spike__lag_guard8__block_refine2,12,97,222000,13,104160,12,1,1,0,0,84,0.13402061855670103,0.46918918918918917,0.13541666666666666,0.9373288288288288,0.9373288288288286,0.013506466416353776,6.166666666666667,113333.33333333333,0.08333333333333333,0.9395833333333333,60,0.15,2.484948453608247,4.96
641,fixed,nominal,spike__lag_periodic__block_refine2,12,97,222000,6,112840,4,2,2,0,0,91,0.061855670103092786,0.5082882882882883,0.0625,0.9408558558558558,0.940855855855856,0.004129000267002326,37.0,120000.0,0.08333333333333333,0.9738333333333333,60,0.08333333333333333,2.484948453608247,4.96
641,fixed,nominal,spike__refresh_guard8__block_refine2,12,97,222000,3,116560,3,0,0,0,0,94,0.030927835051546393,0.525045045045045,0.03125,0.9449144144144144,0.9449144144144145,0.00025259264907732194,16.583333333333332,120000.0,0.0,0.9951666666666666,60,0.03333333333333333,2.484948453608247,4.96
641,fixed,nominal,spike__rescue_guard8__block_refine2,12,97,222000,3,116560,3,0,0,0,1,94,0.030927835051546393,0.525045045045045,0.03125,0.9453153153153153,0.9453153153153152,0.000514364093576164,16.583333333333332,140000.0,0.0,0.9966944444444445,60,0.03333333333333333,2.484948453608247,4.96
641,fixed,nominal,spike__rescue_periodic__block_refine2,12,97,222000,3,116560,3,0,0,0,1,94,0.030927835051546393,0.525045045045045,0.03125,0.9453153153153153,0.9453153153153152,0.000514364093576164,37.0,140000.0,0.0,0.9966944444444445,60,0.03333333333333333,2.484948453608247,4.96
641,fixed,short_dwell,analog_delta__current_guard8__block_refine2,12,42,114000,0,52080,0,0,0,0,0,42,0.0,0.4568421052631579,0.0,0.9462543859649123,0.9462543859649122,0.0003706689648142485,3.0,80000.0,0.0,0.9917777777777778,42,0.0,2.0845238095238097,4.760000000000001
641,fixed,short_dwell,analog_delta__current_periodic__block_refine2,12,42,114000,0,52080,0,0,0,0,0,42,0.0,0.4568421052631579,0.0,0.9463070175438596,0.9463070175438596,0.00031506862009211123,19.0,58750.0,0.0,0.9917777777777778,42,0.0,2.0845238095238097,4.760000000000001
641,fixed,short_dwell,analog_delta__lag_guard8__block_refine2,12,42,114000,5,45880,5,0,0,0,0,37,0.11904761904761904,0.4024561403508772,0.11805555555555554,0.9355964912280702,0.9355964912280701,0.011180746124749685,3.0,75000.0,0.4166666666666667,0.9262777777777779,42,0.11904761904761904,2.0845238095238097,4.760000000000001
641,fixed,short_dwell,analog_delta__lag_periodic__block_refine2,12,42,114000,5,45880,5,0,0,0,0,37,0.11904761904761904,0.4024561403508772,0.11805555555555554,0.9354824561403509,0.9354824561403509,0.011301268263739523,19.0,58750.0,0.4166666666666667,0.9262777777777779,42,0.11904761904761904,2.0845238095238097,4.760000000000001
641,fixed,short_dwell,analog_delta__refresh_guard8__block_refine2,12,42,114000,0,52080,0,0,0,0,0,42,0.0,0.4568421052631579,0.0,0.9463070175438596,0.9463070175438596,0.00031506862009211123,12.666666666666666,58750.0,0.0,0.9917777777777778,42,0.0,2.0845238095238097,4.760000000000001
641,fixed,short_dwell,analog_delta__rescue_guard8__block_refine2,12,42,114000,1,50840,1,0,0,0,0,41,0.023809523809523808,0.44596491228070173,0.020833333333333332,0.9434298245614036,0.9434298245614036,0.0038438026786210473,12.666666666666666,80000.0,0.0,0.9934999999999997,42,0.023809523809523808,2.0845238095238097,4.760000000000001
641,fixed,short_dwell,analog_delta__rescue_periodic__block_refine2,12,42,114000,1,50840,1,0,0,0,0,41,0.023809523809523808,0.44596491228070173,0.020833333333333332,0.9434298245614036,0.9434298245614036,0.0038438026786210473,19.0,80000.0,0.0,0.9934999999999997,42,0.023809523809523808,2.0845238095238097,4.760000000000001
641,fixed,short_dwell,raw__raw__block_refine2,12,42,114000,18,29760,18,0,0,0,0,24,0.42857142857142855,0.26105263157894737,0.4236111111111111,0.896859649122807,0.896859649122807,0.10314035087719298,0.0,0.0,0.5,0.7997777777777778,42,0.42857142857142855,2.0845238095238097,4.760000000000001
641,fixed,short_dwell,rule__rule__block_refine2,12,42,114000,1,50840,1,0,0,0,0,41,0.023809523809523808,0.44596491228070173,0.020833333333333332,0.9422894736842106,0.9422894736842106,0.0055636814722926815,0.0,95000.0,0.0,0.9936666666666666,42,0.023809523809523808,2.0845238095238097,4.760000000000001
641,fixed,short_dwell,spike__current_guard8__block_refine2,12,42,114000,1,50840,1,0,0,0,0,41,0.023809523809523808,0.44596491228070173,0.027777777777777776,0.9513859649122807,0.9513859649122808,0.008818986867477587,3.1666666666666665,68333.33333333333,0.08333333333333333,0.9756666666666668,42,0.023809523809523808,2.0845238095238097,4.760000000000001
641,fixed,short_dwell,spike__current_periodic__block_refine2,12,42,114000,0,52080,0,0,0,0,0,42,0.0,0.4568421052631579,0.0,0.9463070175438596,0.9463070175438596,0.00031506862009211123,19.0,57916.666666666664,0.0,0.9917777777777778,42,0.0,2.0845238095238097,4.760000000000001
641,fixed,short_dwell,spike__lag_guard8__block_refine2,12,42,114000,7,43400,7,0,0,0,0,35,0.16666666666666666,0.38070175438596493,0.16666666666666666,0.9440526315789474,0.9440526315789474,0.020478374836173003,3.1666666666666665,64166.666666666664,0.4166666666666667,0.9165555555555556,42,0.16666666666666666,2.0845238095238097,4.760000000000001
641,fixed,short_dwell,spike__lag_periodic__block_refine2,12,42,114000,5,45880,5,0,0,0,0,37,0.11904761904761904,0.4024561403508772,0.11805555555555554,0.9355350877192983,0.9355350877192982,0.011245642661128829,19.0,57916.666666666664,0.4166666666666667,0.9262777777777779,42,0.11904761904761904,2.0845238095238097,4.760000000000001
641,fixed,short_dwell,spike__refresh_guard8__block_refine2,12,42,114000,0,52080,0,0,0,0,0,42,0.0,0.4568421052631579,0.0,0.9463070175438596,0.9463070175438596,0.00031506862009211123,12.75,57916.666666666664,0.0,0.9917777777777778,42,0.0,2.0845238095238097,4.760000000000001
641,fixed,short_dwell,spike__rescue_guard8__block_refine2,12,42,114000,1,50840,1,0,0,0,0,41,0.023809523809523808,0.44596491228070173,0.020833333333333332,0.9434298245614036,0.9434298245614036,0.0038438026786210473,12.75,80000.0,0.0,0.9934999999999997,42,0.023809523809523808,2.0845238095238097,4.760000000000001
641,fixed,short_dwell,spike__rescue_periodic__block_refine2,12,42,114000,1,50840,1,0,0,0,0,41,0.023809523809523808,0.44596491228070173,0.020833333333333332,0.9434298245614036,0.9434298245614036,0.0038438026786210473,19.0,80000.0,0.0,0.9934999999999997,42,0.023809523809523808,2.0845238095238097,4.760000000000001
641,fixed,strong_pulse,analog_delta__current_guard8__block_refine2,12,96,222000,8,109120,7,1,1,0,1,88,0.08333333333333333,0.4915315315315315,0.08333333333333333,0.9407837837837838,0.9407837837837838,0.0006985645933014354,5.916666666666667,129166.66666666667,0.0,0.9958055555555556,60,0.05,2.3141666666666665,4.88
641,fixed,strong_pulse,analog_delta__current_periodic__block_refine2,12,96,222000,7,110360,6,1,1,0,1,89,0.07291666666666667,0.4971171171171171,0.07291666666666667,0.9411531531531532,0.9411531531531531,0.00042100428658909983,37.0,120000.0,0.0,0.9958055555555556,60,0.03333333333333333,2.3141666666666665,4.88
641,fixed,strong_pulse,analog_delta__lag_guard8__block_refine2,12,96,222000,15,100440,13,2,2,0,4,81,0.15625,0.4524324324324324,0.15625,0.9327387387387387,0.9327387387387386,0.007762784635436633,5.916666666666667,129166.66666666667,0.25,0.9563888888888891,60,0.15,2.3141666666666665,4.88
641,fixed,strong_pulse,analog_delta__lag_periodic__block_refine2,12,96,222000,15,100440,13,2,2,0,4,81,0.15625,0.4524324324324324,0.15625,0.9329414414414414,0.9329414414414413,0.007509104849530382,37.0,120000.0,0.25,0.9563888888888891,60,0.15,2.3141666666666665,4.88
641,fixed,strong_pulse,analog_delta__refresh_guard8__block_refine2,12,96,222000,7,110360,6,1,1,0,1,89,0.07291666666666667,0.4971171171171171,0.07291666666666667,0.9411531531531532,0.9411531531531531,0.00042100428658909983,16.0,120000.0,0.0,0.9958055555555556,60,0.03333333333333333,2.3141666666666665,4.88
641,fixed,strong_pulse,analog_delta__rescue_guard8__block_refine2,12,96,222000,15,100440,13,2,2,0,1,81,0.15625,0.4524324324324324,0.15625,0.934563063063063,0.934563063063063,0.010034545940374852,16.0,140000.0,0.0,0.9971666666666668,60,0.15,2.3141666666666665,4.88
641,fixed,strong_pulse,analog_delta__rescue_periodic__block_refine2,12,96,222000,15,100440,13,2,2,0,1,81,0.15625,0.4524324324324324,0.15625,0.934563063063063,0.934563063063063,0.010034545940374852,37.0,140000.0,0.0,0.9971666666666668,60,0.15,2.3141666666666665,4.88
641,fixed,strong_pulse,raw__raw__block_refine2,12,96,222000,38,71920,38,0,0,0,0,58,0.3958333333333333,0.323963963963964,0.3958333333333333,0.8770990990990991,0.8770990990990991,0.1229009009009009,0.0,0.0,0.25,0.7641111111111112,60,0.4166666666666667,2.3141666666666665,4.88
641,fixed,strong_pulse,rule__rule__block_refine2,12,96,222000,13,102920,13,0,0,0,0,83,0.13541666666666666,0.4636036036036036,0.13541666666666666,0.9229369369369369,0.9229369369369369,0.028210965661164863,0.0,185000.0,0.0,0.9969722222222223,60,0.18333333333333332,2.3141666666666665,4.88
641,fixed,strong_pulse,spike__current_guard8__block_refine2,12,96,222000,10,106640,9,1,1,0,1,86,0.10416666666666667,0.48036036036036034,0.10416666666666667,0.9282027027027027,0.9282027027027028,0.014816408491107286,6.166666666666667,123750.0,0.08333333333333333,0.9207500000000001,60,0.06666666666666667,2.3141666666666665,4.88
641,fixed,strong_pulse,spike__current_periodic__block_refine2,12,96,222000,7,110360,6,1,1,0,1,89,0.07291666666666667,0.4971171171171171,0.07291666666666667,0.9411531531531532,0.9411531531531531,0.00042100428658909983,37.0,120000.0,0.0,0.9958055555555556,60,0.03333333333333333,2.3141666666666665,4.88
641,fixed,strong_pulse,spike__lag_guard8__block_refine2,12,96,222000,18,96720,16,2,2,0,3,78,0.1875,0.43567567567567567,0.1875,0.9214774774774774,0.9214774774774774,0.021617692072237526,6.166666666666667,123750.0,0.25,0.8891111111111111,60,0.18333333333333332,2.3141666666666665,4.88
641,fixed,strong_pulse,spike__lag_periodic__block_refine2,12,96,222000,15,100440,13,2,2,0,4,81,0.15625,0.4524324324324324,0.15625,0.9329414414414414,0.9329414414414413,0.007509104849530382,37.0,120000.0,0.25,0.9563888888888891,60,0.15,2.3141666666666665,4.88
641,fixed,strong_pulse,spike__refresh_guard8__block_refine2,12,96,222000,7,110360,6,1,1,0,1,89,0.07291666666666667,0.4971171171171171,0.07291666666666667,0.9411531531531532,0.9411531531531531,0.00042100428658909983,16.333333333333332,120000.0,0.0,0.9958055555555556,60,0.03333333333333333,2.3141666666666665,4.88
641,fixed,strong_pulse,spike__rescue_guard8__block_refine2,12,96,222000,15,100440,13,2,2,0,1,81,0.15625,0.4524324324324324,0.15625,0.934563063063063,0.934563063063063,0.010034545940374852,16.333333333333332,140000.0,0.0,0.9971666666666668,60,0.15,2.3141666666666665,4.88
641,fixed,strong_pulse,spike__rescue_periodic__block_refine2,12,96,222000,15,100440,13,2,2,0,1,81,0.15625,0.4524324324324324,0.15625,0.934563063063063,0.934563063063063,0.010034545940374852,37.0,140000.0,0.0,0.9971666666666668,60,0.15,2.3141666666666665,4.88
641,random,clean,analog_delta__current_guard8__block_refine2,12,95,225000,0,117800,0,0,0,0,0,95,0.0,0.5235555555555556,0.0,1.0,1.0,0.0,5.0,0.0,0.0,,0,,2.721052631578947,4.930000000000001
641,random,clean,analog_delta__current_periodic__block_refine2,12,95,225000,0,117800,0,0,0,0,0,95,0.0,0.5235555555555556,0.0,1.0,1.0,0.0,37.5,0.0,0.0,,0,,2.721052631578947,4.930000000000001
641,random,clean,analog_delta__lag_guard8__block_refine2,12,95,225000,0,117800,0,0,0,0,0,95,0.0,0.5235555555555556,0.0,1.0,1.0,0.0,5.0,0.0,0.0,,0,,2.721052631578947,4.930000000000001
641,random,clean,analog_delta__lag_periodic__block_refine2,12,95,225000,0,117800,0,0,0,0,0,95,0.0,0.5235555555555556,0.0,1.0,1.0,0.0,37.5,0.0,0.0,,0,,2.721052631578947,4.930000000000001
641,random,clean,analog_delta__refresh_guard8__block_refine2,12,95,225000,0,117800,0,0,0,0,0,95,0.0,0.5235555555555556,0.0,1.0,1.0,0.0,6.0,0.0,0.0,,0,,2.721052631578947,4.930000000000001
641,random,clean,analog_delta__rescue_guard8__block_refine2,12,95,225000,0,117800,0,0,0,0,0,95,0.0,0.5235555555555556,0.0,1.0,1.0,0.0,6.0,10000.0,0.0,,0,,2.721052631578947,4.930000000000001
641,random,clean,analog_delta__rescue_periodic__block_refine2,12,95,225000,0,117800,0,0,0,0,0,95,0.0,0.5235555555555556,0.0,1.0,1.0,0.0,37.5,10000.0,0.0,,0,,2.721052631578947,4.930000000000001
641,random,clean,raw__raw__block_refine2,12,95,225000,0,117800,0,0,0,0,0,95,0.0,0.5235555555555556,0.0,1.0,1.0,0.0,0.0,0.0,0.0,,0,,2.721052631578947,4.930000000000001
641,random,clean,rule__rule__block_refine2,12,95,225000,0,117800,0,0,0,0,0,95,0.0,0.5235555555555556,0.0,1.0,1.0,0.0,0.0,187500.0,0.0,,0,,2.721052631578947,4.930000000000001
641,random,clean,spike__current_guard8__block_refine2,12,95,225000,0,117800,0,0,0,0,0,95,0.0,0.5235555555555556,0.0,1.0,1.0,0.0,6.333333333333333,0.0,0.0,,0,,2.721052631578947,4.930000000000001
641,random,clean,spike__current_periodic__block_refine2,12,95,225000,0,117800,0,0,0,0,0,95,0.0,0.5235555555555556,0.0,1.0,1.0,0.0,37.5,0.0,0.0,,0,,2.721052631578947,4.930000000000001
641,random,clean,spike__lag_guard8__block_refine2,12,95,225000,0,117800,0,0,0,0,0,95,0.0,0.5235555555555556,0.0,1.0,1.0,0.0,6.333333333333333,0.0,0.0,,0,,2.721052631578947,4.930000000000001
641,random,clean,spike__lag_periodic__block_refine2,12,95,225000,0,117800,0,0,0,0,0,95,0.0,0.5235555555555556,0.0,1.0,1.0,0.0,37.5,0.0,0.0,,0,,2.721052631578947,4.930000000000001
641,random,clean,spike__refresh_guard8__block_refine2,12,95,225000,0,117800,0,0,0,0,0,95,0.0,0.5235555555555556,0.0,1.0,1.0,0.0,7.416666666666667,0.0,0.0,,0,,2.721052631578947,4.930000000000001
641,random,clean,spike__rescue_guard8__block_refine2,12,95,225000,0,117800,0,0,0,0,0,95,0.0,0.5235555555555556,0.0,1.0,1.0,0.0,7.416666666666667,10000.0,0.0,,0,,2.721052631578947,4.930000000000001
641,random,clean,spike__rescue_periodic__block_refine2,12,95,225000,0,117800,0,0,0,0,0,95,0.0,0.5235555555555556,0.0,1.0,1.0,0.0,37.5,10000.0,0.0,,0,,2.721052631578947,4.930000000000001
641,random,high_duty,analog_delta__current_guard8__block_refine2,12,97,219000,16,100440,16,0,0,0,7,81,0.16494845360824742,0.4586301369863014,0.16501322751322753,0.9251278538812785,0.9250862371509866,0.009140615830040298,6.166666666666667,126250.0,0.0,0.9890647169829793,60,0.15,2.3544329896907215,4.91
641,random,high_duty,analog_delta__current_periodic__block_refine2,12,97,219000,15,101680,15,0,0,0,7,82,0.15463917525773196,0.46429223744292236,0.15459656084656084,0.9229223744292238,0.9227940746449731,0.008282304914429267,36.5,117083.33333333333,0.0,0.9877518675983304,60,0.13333333333333333,2.3544329896907215,4.91
641,random,high_duty,analog_delta__lag_guard8__block_refine2,12,97,219000,17,99200,16,1,1,0,6,80,0.17525773195876287,0.4529680365296804,0.17542989417989419,0.9267442922374429,0.9266349170702375,0.010352057733567389,6.166666666666667,127083.33333333333,0.0,0.9931277233912277,60,0.16666666666666666,2.3544329896907215,4.91
641,random,high_duty,analog_delta__lag_periodic__block_refine2,12,97,219000,16,100440,16,0,0,0,7,81,0.16494845360824742,0.4586301369863014,0.16501322751322753,0.9243561643835616,0.9241325070527592,0.008920178599404669,36.5,117083.33333333333,0.0,0.9928350690160448,60,0.15,2.3544329896907215,4.91
641,random,high_duty,analog_delta__refresh_guard8__block_refine2,12,97,219000,15,101680,15,0,0,0,7,82,0.15463917525773196,0.46429223744292236,0.15459656084656084,0.9228904109589041,0.9227827277943149,0.007966191541995524,13.916666666666666,118333.33333333333,0.0,0.9877518675983304,60,0.13333333333333333,2.3544329896907215,4.91
641,random,high_duty,analog_delta__rescue_guard8__block_refine2,12,97,219000,15,101680,15,0,0,0,6,82,0.15463917525773196,0.46429223744292236,0.15459656084656084,0.9233881278538812,0.9232730385961623,0.008637932386853871,13.916666666666666,145000.0,0.0,0.9834984710402255,60,0.13333333333333333,2.3544329896907215,4.91
641,random,high_duty,analog_delta__rescue_periodic__block_refine2,12,97,219000,15,101680,15,0,0,0,6,82,0.15463917525773196,0.46429223744292236,0.15459656084656084,0.9232968036529681,0.9231620102573719,0.00893032192291103,36.5,143750.0,0.0,0.9834984710402255,60,0.13333333333333333,2.3544329896907215,4.91
641,random,high_duty,raw__raw__block_refine2,12,97,219000,29,84320,29,0,0,0,0,68,0.29896907216494845,0.38502283105022833,0.30257936507936506,0.9561095890410959,0.9551209727798509,0.04389041095890411,0.0,0.0,0.0,0.9662506753171386,60,0.35,2.3544329896907215,4.91
641,random,high_duty,rule__rule__block_refine2,12,97,219000,16,100440,16,0,0,0,6,81,0.16494845360824742,0.4586301369863014,0.16650132275132276,0.9272146118721462,0.9271339342369472,0.010467428170441698,0.0,182500.0,0.0,0.9837554534761598,60,0.15,2.3544329896907215,4.91
641,random,high_duty,spike__current_guard8__block_refine2,12,97,219000,20,95480,20,0,0,0,7,77,0.20618556701030927,0.43598173515981736,0.20816798941798942,0.9281598173515981,0.927769817700887,0.01601831771357757,6.0,116666.66666666667,0.0,0.9737938393383908,60,0.21666666666666667,2.3544329896907215,4.91
641,random,high_duty,spike__current_periodic__block_refine2,12,97,219000,18,97960,18,0,0,0,5,79,0.18556701030927836,0.44730593607305935,0.18584656084656084,0.9310639269406392,0.9309448989667803,0.01328345786071,36.5,107916.66666666667,0.0,0.9820131439076359,60,0.18333333333333332,2.3544329896907215,4.91
641,random,high_duty,spike__lag_guard8__block_refine2,12,97,219000,21,94240,21,0,0,0,7,76,0.21649484536082475,0.43031963470319634,0.2174272486772487,0.928634703196347,0.928140260505495,0.017341515268650947,5.833333333333333,115416.66666666667,0.0,0.9692214386897664,60,0.23333333333333334,2.3544329896907215,4.91
641,random,high_duty,spike__lag_periodic__block_refine2,12,97,219000,19,96720,19,0,0,0,5,78,0.1958762886597938,0.44164383561643833,0.19626322751322753,0.9332146118721462,0.9329453631483062,0.014095785736338375,36.5,107916.66666666667,0.0,0.9866597907629703,60,0.2,2.3544329896907215,4.91
641,random,high_duty,spike__refresh_guard8__block_refine2,12,97,219000,18,97960,18,0,0,0,6,79,0.18556701030927836,0.44730593607305935,0.18584656084656084,0.9318904109589041,0.9317931380914901,0.013629509337663845,14.166666666666666,107500.0,0.0,0.9831444904860024,60,0.18333333333333332,2.3544329896907215,4.91
641,random,high_duty,spike__rescue_guard8__block_refine2,12,97,219000,16,100440,16,0,0,0,5,81,0.16494845360824742,0.4586301369863014,0.16501322751322753,0.9300319634703197,0.9299600196949079,0.011967362620304253,14.166666666666666,138750.0,0.0,0.9846298176185919,60,0.15,2.3544329896907215,4.91
641,random,high_duty,spike__rescue_periodic__block_refine2,12,97,219000,16,100440,16,0,0,0,4,81,0.16494845360824742,0.4586301369863014,0.16501322751322753,0.9290319634703197,0.9289376562196033,0.011648919633141613,36.5,139166.66666666666,0.0,0.9834984710402255,60,0.15,2.3544329896907215,4.91
641,random,low_snr,analog_delta__current_guard8__block_refine2,12,93,217500,10,102920,10,0,0,0,5,83,0.10752688172043011,0.4731954022988506,0.10515873015873016,0.9266850574712644,0.9266156424945512,0.003017352248669397,6.666666666666667,123750.0,0.0,0.985809728397482,60,0.06666666666666667,2.5040860215053766,4.98
641,random,low_snr,analog_delta__current_periodic__block_refine2,12,93,217500,11,101680,10,1,1,0,5,82,0.11827956989247312,0.4674942528735632,0.11706349206349205,0.9283724137931034,0.9284443890429571,0.003056186432309667,36.25,115000.0,0.0,0.9855561978638824,60,0.08333333333333333,2.5040860215053766,4.98
641,random,low_snr,analog_delta__lag_guard8__block_refine2,12,93,217500,13,99200,13,0,0,0,5,80,0.13978494623655913,0.4560919540229885,0.13409391534391532,0.9251540229885058,0.9252079255172908,0.005254988036621779,6.5,124166.66666666667,0.0,0.9752823469341353,60,0.1,2.5040860215053766,4.98
641,random,low_snr,analog_delta__lag_periodic__block_refine2,12,93,217500,13,99200,13,0,0,0,5,80,0.13978494623655913,0.4560919540229885,0.13409391534391532,0.9254574712643678,0.9254943824684924,0.005046760385155308,36.25,115000.0,0.0,0.9752823469341353,60,0.1,2.5040860215053766,4.98
641,random,low_snr,analog_delta__refresh_guard8__block_refine2,12,93,217500,11,101680,11,0,0,0,5,82,0.11827956989247312,0.4674942528735632,0.11706349206349205,0.9282022988505747,0.9282336176291284,0.0029238033149607853,14.0,116250.0,0.0,0.9856137882808369,60,0.08333333333333333,2.5040860215053766,4.98
641,random,low_snr,analog_delta__rescue_guard8__block_refine2,12,93,217500,13,99200,13,0,0,0,5,80,0.13978494623655913,0.4560919540229885,0.13822751322751323,0.9234896551724138,0.92335128276773,0.0037744271401646662,13.916666666666666,142916.66666666666,0.0,0.9739148605180451,60,0.11666666666666667,2.5040860215053766,4.98
641,random,low_snr,analog_delta__rescue_periodic__block_refine2,12,93,217500,13,99200,13,0,0,0,5,80,0.13978494623655913,0.4560919540229885,0.13822751322751323,0.9236827586206896,0.9235883183714454,0.0039613287059990085,36.25,141666.66666666666,0.0,0.9738572701010905,60,0.11666666666666667,2.5040860215053766,4.98
641,random,low_snr,raw__raw__block_refine2,12,93,217500,45,59520,45,0,0,0,0,48,0.4838709677419355,0.2736551724137931,0.47900132275132273,0.926151724137931,0.9280386688601472,0.07384827586206896,0.0,0.0,0.0,0.9016318397268522,60,0.48333333333333334,2.5040860215053766,4.98
641,random,low_snr,rule__rule__block_refine2,12,93,217500,13,99200,10,3,3,0,3,80,0.13978494623655913,0.4560919540229885,0.1370701058201058,0.9230436781609196,0.9231452867562387,0.0072492434282097435,0.0,181250.0,0.0,0.9734119521867369,60,0.11666666666666667,2.5040860215053766,4.98
641,random,low_snr,spike__current_guard8__block_refine2,12,93,217500,11,101680,11,0,0,0,5,82,0.11827956989247312,0.4674942528735632,0.11706349206349205,0.9246022988505748,0.9244960873965518,0.006280513114462475,5.666666666666667,130000.0,0.0,0.9853184434972987,60,0.06666666666666667,2.5040860215053766,4.98
641,random,low_snr,spike__current_periodic__block_refine2,12,93,217500,10,102920,9,1,1,0,5,83,0.10752688172043011,0.4731954022988506,0.10515873015873016,0.9276919540229885,0.9277364851417097,0.0034326412074994566,36.25,120000.0,0.0,0.9859440833853585,60,0.06666666666666667,2.5040860215053766,4.98
641,random,low_snr,spike__lag_guard8__block_refine2,12,93,217500,14,97960,14,0,0,0,5,79,0.15053763440860216,0.45039080459770114,0.14864417989417988,0.922767816091954,0.9226679837511105,0.0074281418765207415,5.5,129583.33333333333,0.0,0.9731337238720393,60,0.08333333333333333,2.5040860215053766,4.98
641,random,low_snr,spike__lag_periodic__block_refine2,12,93,217500,14,97960,13,1,1,0,5,79,0.15053763440860216,0.45039080459770114,0.14715608465608465,0.9243034482758621,0.9242617270023229,0.005028408528497614,36.25,119583.33333333333,0.0,0.9733683847585363,60,0.11666666666666667,2.5040860215053766,4.98
641,random,low_snr,spike__refresh_guard8__block_refine2,12,93,217500,11,101680,10,1,1,0,5,82,0.11827956989247312,0.4674942528735632,0.11706349206349205,0.9271172413793104,0.9271729321814074,0.0036957252119607107,14.583333333333334,115833.33333333333,0.0,0.9863236117489675,60,0.08333333333333333,2.5040860215053766,4.98
641,random,low_snr,spike__rescue_guard8__block_refine2,12,93,217500,13,99200,13,0,0,0,5,80,0.13978494623655913,0.4560919540229885,0.13822751322751323,0.9225333333333333,0.9224492379597643,0.004411035030266944,14.583333333333334,141666.66666666666,0.0,0.9739148605180451,60,0.11666666666666667,2.5040860215053766,4.98
641,random,low_snr,spike__rescue_periodic__block_refine2,12,93,217500,13,99200,13,0,0,0,5,80,0.13978494623655913,0.4560919540229885,0.13822751322751323,0.9230850574712643,0.9229814446190994,0.004171378687776521,36.25,145833.33333333334,0.0,0.9738284748926133,60,0.11666666666666667,2.5040860215053766,4.98
641,random,nominal,analog_delta__current_guard8__block_refine2,12,93,215000,9,104160,8,1,1,0,3,84,0.0967741935483871,0.48446511627906974,0.10267857142857144,0.9331906976744186,0.9325906802454016,0.00863704640683058,6.416666666666667,120416.66666666667,0.08333333333333333,0.9373013363590442,60,0.11666666666666667,2.6740860215053766,4.96
641,random,nominal,analog_delta__current_periodic__block_refine2,12,93,215000,6,107880,6,0,0,0,3,87,0.06451612903225806,0.5017674418604651,0.06696428571428571,0.938353488372093,0.9381539122643612,0.0019688934620864336,35.833333333333336,112916.66666666667,0.0,0.9701676874611102,60,0.08333333333333333,2.6740860215053766,4.96
641,random,nominal,analog_delta__lag_guard8__block_refine2,12,93,215000,8,105400,7,1,1,0,3,85,0.08602150537634409,0.49023255813953487,0.09077380952380952,0.9365674418604651,0.9360168740148617,0.009824940991345397,6.5,121250.0,0.08333333333333333,0.9601827365133966,60,0.1,2.6740860215053766,4.96
641,random,nominal,analog_delta__lag_periodic__block_refine2,12,93,215000,7,106640,7,0,0,0,3,86,0.07526881720430108,0.496,0.07886904761904762,0.9434279069767442,0.9432206598636551,0.0019043026414203048,35.833333333333336,112916.66666666667,0.08333333333333333,0.9911820071187941,60,0.1,2.6740860215053766,4.96
641,random,nominal,analog_delta__refresh_guard8__block_refine2,12,93,215000,6,107880,6,0,0,0,3,87,0.06451612903225806,0.5017674418604651,0.06696428571428571,0.9390418604651163,0.9388422063739789,0.0012367421244261515,13.0,115000.0,0.0,0.9700895380394159,60,0.08333333333333333,2.6740860215053766,4.96
641,random,nominal,analog_delta__rescue_guard8__block_refine2,12,93,215000,6,107880,5,1,1,0,3,87,0.06451612903225806,0.5017674418604651,0.06696428571428571,0.9402651162790697,0.9400080765715054,0.0012005928853754942,13.0,140000.0,0.0,0.970541494423585,60,0.08333333333333333,2.6740860215053766,4.96
641,random,nominal,analog_delta__rescue_periodic__block_refine2,12,93,215000,6,107880,5,1,1,0,3,87,0.06451612903225806,0.5017674418604651,0.06696428571428571,0.9394604651162791,0.9392074910260669,0.001936988575720441,35.833333333333336,137916.66666666666,0.0,0.9705935940380478,60,0.08333333333333333,2.6740860215053766,4.96
641,random,nominal,raw__raw__block_refine2,12,93,215000,24,85560,24,0,0,0,0,69,0.25806451612903225,0.39795348837209304,0.2673611111111111,0.9594511627906976,0.9582666932844951,0.04054883720930232,0.0,0.0,0.08333333333333333,0.9600034183925179,60,0.31666666666666665,2.6740860215053766,4.96
641,random,nominal,rule__rule__block_refine2,12,93,215000,4,110360,3,1,1,0,2,89,0.043010752688172046,0.5133023255813953,0.044642857142857144,0.9429581395348837,0.9426180419407587,0.0009461483876054561,0.0,179166.66666666666,0.0,0.970541494423585,60,0.06666666666666667,2.6740860215053766,4.96
641,random,nominal,spike__current_guard8__block_refine2,12,93,215000,11,101680,11,0,0,0,2,82,0.11827956989247312,0.47293023255813954,0.125,0.9431116279069768,0.9429807112739775,0.013308743382123948,6.166666666666667,97083.33333333333,0.08333333333333333,0.9472401388080306,60,0.15,2.6740860215053766,4.96
641,random,nominal,spike__current_periodic__block_refine2,12,93,215000,8,105400,8,0,0,0,1,85,0.08602150537634409,0.49023255813953487,0.08928571428571429,0.9524186046511628,0.9523144925865514,0.008704155532318656,35.833333333333336,99583.33333333333,0.0,0.9707071582355623,60,0.11666666666666667,2.6740860215053766,4.96
641,random,nominal,spike__lag_guard8__block_refine2,12,93,215000,10,102920,10,0,0,0,2,83,0.10752688172043011,0.47869767441860467,0.1130952380952381,0.9456511627906977,0.9454733712085494,0.01353200326048985,5.916666666666667,102916.66666666667,0.08333333333333333,0.9603211451998289,60,0.13333333333333333,2.6740860215053766,4.96
641,random,nominal,spike__lag_periodic__block_refine2,12,93,215000,9,104160,9,0,0,0,1,84,0.0967741935483871,0.48446511627906974,0.10119047619047618,0.9563488372093023,0.9561478174437151,0.007343001699366599,35.833333333333336,99583.33333333333,0.08333333333333333,0.9911219085146107,60,0.13333333333333333,2.6740860215053766,4.96
641,random,nominal,spike__refresh_guard8__block_refine2,12,93,215000,8,105400,8,0,0,0,1,85,0.08602150537634409,0.49023255813953487,0.08928571428571429,0.9546093023255814,0.95433593863857,0.00853590199412583,13.416666666666666,100000.0,0.0,0.9706029590066366,60,0.11666666666666667,2.6740860215053766,4.96
641,random,nominal,spike__rescue_guard8__block_refine2,12,93,215000,7,106640,7,0,0,0,1,86,0.07526881720430108,0.496,0.07738095238095238,0.9512697674418604,0.9509493580016027,0.005895905432204378,13.416666666666666,130416.66666666667,0.0,0.970541494423585,60,0.1,2.6740860215053766,4.96
641,random,nominal,spike__rescue_periodic__block_refine2,12,93,215000,7,106640,7,0,0,0,1,86,0.07526881720430108,0.496,0.07738095238095238,0.9490930232558139,0.9489425651476736,0.00608366130226396,35.833333333333336,130000.0,0.0,0.9706456936525106,60,0.1,2.6740860215053766,4.96
641,random,short_dwell,analog_delta__current_guard8__block_refine2,12,43,111000,7,44640,6,1,1,0,1,36,0.16279069767441862,0.40216216216216216,0.1597222222222222,0.9197117117117117,0.9195025197798419,0.009489065259154328,3.75,68333.33333333333,0.16666666666666666,0.924663113334191,43,0.16279069767441862,1.7979069767441858,4.67
641,random,short_dwell,analog_delta__current_periodic__block_refine2,12,43,111000,4,48360,3,1,1,0,1,39,0.09302325581395349,0.43567567567567567,0.08333333333333333,0.9131171171171171,0.9127105377823646,0.0024310305798057145,18.5,56250.0,0.0,0.9315054018189645,43,0.09302325581395349,1.7979069767441858,4.67
641,random,short_dwell,analog_delta__lag_guard8__block_refine2,12,43,111000,8,43400,7,1,1,0,1,35,0.18604651162790697,0.390990990990991,0.1875,0.9260900900900901,0.9259061804838895,0.011814467676039414,3.8333333333333335,66666.66666666667,0.25,0.954653213899117,43,0.18604651162790697,1.7979069767441858,4.67
641,random,short_dwell,analog_delta__lag_periodic__block_refine2,12,43,111000,7,44640,6,1,1,0,1,36,0.16279069767441862,0.40216216216216216,0.1597222222222222,0.9164684684684685,0.9159509832588006,0.008354047862747965,18.5,56250.0,0.25,0.954653213899117,43,0.16279069767441862,1.7979069767441858,4.67
641,random,short_dwell,analog_delta__refresh_guard8__block_refine2,12,43,111000,4,48360,3,1,1,0,1,39,0.09302325581395349,0.43567567567567567,0.08333333333333333,0.9124594594594595,0.9120626246990025,0.002992508884010749,12.0,56250.0,0.0,0.9315054018189645,43,0.09302325581395349,1.7979069767441858,4.67
641,random,short_dwell,analog_delta__rescue_guard8__block_refine2,12,43,111000,5,47120,4,1,1,0,1,38,0.11627906976744186,0.4245045045045045,0.1111111111111111,0.9131891891891892,0.9126895281504415,0.0037642387490540263,12.0,85000.0,0.08333333333333333,0.9375604497566269,43,0.11627906976744186,1.7979069767441858,4.67
641,random,short_dwell,analog_delta__rescue_periodic__block_refine2,12,43,111000,5,47120,4,1,1,0,1,38,0.11627906976744186,0.4245045045045045,0.1111111111111111,0.9139459459459459,0.9134334451324388,0.003252144351978306,18.5,85000.0,0.08333333333333333,0.9375604497566269,43,0.11627906976744186,1.7979069767441858,4.67
641,random,short_dwell,raw__raw__block_refine2,12,43,111000,18,31000,18,0,0,0,0,25,0.4186046511627907,0.27927927927927926,0.4236111111111111,0.9373243243243243,0.9367014533883729,0.06267567567567568,0.0,0.0,0.25,0.9152346909955914,43,0.4186046511627907,1.7979069767441858,4.67
641,random,short_dwell,rule__rule__block_refine2,12,43,111000,7,44640,6,1,1,0,1,36,0.16279069767441862,0.40216216216216216,0.1597222222222222,0.9157837837837838,0.9152030415090011,0.0039878893581163834,0.0,92500.0,0.08333333333333333,0.937399471005822,43,0.16279069767441862,1.7979069767441858,4.67
641,random,short_dwell,spike__current_guard8__block_refine2,12,43,111000,10,40920,10,0,0,0,0,33,0.23255813953488372,0.36864864864864866,0.22916666666666666,0.9338558558558558,0.93347848583878,0.025349305150723058,3.5833333333333335,50000.0,0.16666666666666666,0.9271316646495323,43,0.23255813953488372,1.7979069767441858,4.67
641,random,short_dwell,spike__current_periodic__block_refine2,12,43,111000,5,47120,4,1,1,0,1,38,0.11627906976744186,0.4245045045045045,0.1111111111111111,0.9162792792792793,0.9159184841187938,0.007262008179519965,18.5,51250.0,0.0,0.9319031770254155,43,0.11627906976744186,1.7979069767441858,4.67
641,random,short_dwell,spike__lag_guard8__block_refine2,12,43,111000,11,39680,11,0,0,0,0,32,0.2558139534883721,0.3574774774774775,0.2569444444444445,0.9378828828828829,0.9373919705309025,0.031509321623934806,3.3333333333333335,49583.333333333336,0.25,0.9292701043582494,43,0.2558139534883721,1.7979069767441858,4.67
641,random,short_dwell,spike__lag_periodic__block_refine2,12,43,111000,7,44640,6,1,1,0,1,36,0.16279069767441862,0.40216216216216216,0.1597222222222222,0.922054054054054,0.9216821092764591,0.010642925499521503,18.5,51250.0,0.25,0.9555708555600483,43,0.16279069767441862,1.7979069767441858,4.67
641,random,short_dwell,spike__refresh_guard8__block_refine2,12,43,111000,4,48360,3,1,1,0,1,39,0.09302325581395349,0.43567567567567567,0.08333333333333333,0.9174594594594595,0.9171369596376563,0.00629372676443898,12.0,52083.333333333336,0.0,0.9319031770254155,43,0.09302325581395349,1.7979069767441858,4.67
641,random,short_dwell,spike__rescue_guard8__block_refine2,12,43,111000,5,47120,4,1,1,0,1,38,0.11627906976744186,0.4245045045045045,0.1111111111111111,0.916108108108108,0.9156503697970416,0.005350418154252457,12.0,84166.66666666667,0.08333333333333333,0.9375604497566269,43,0.11627906976744186,1.7979069767441858,4.67
641,random,short_dwell,spike__rescue_periodic__block_refine2,12,43,111000,5,47120,4,1,1,0,1,38,0.11627906976744186,0.4245045045045045,0.1111111111111111,0.9148918918918919,0.9143897316821468,0.006282107735212095,18.5,83333.33333333333,0.08333333333333333,0.9375604497566269,43,0.11627906976744186,1.7979069767441858,4.67
641,random,strong_pulse,analog_delta__current_guard8__block_refine2,12,96,217500,6,111600,6,0,0,0,4,90,0.0625,0.5131034482758621,0.06283068783068783,0.9244781609195403,0.9240275029571471,0.002272591945695969,6.5,130416.66666666667,0.0,0.9546247930232123,60,0.03333333333333333,2.4840625,4.87
641,random,strong_pulse,analog_delta__current_periodic__block_refine2,12,96,217500,5,112840,4,1,1,0,4,91,0.052083333333333336,0.5188045977011494,0.05241402116402116,0.9224505747126437,0.9219791336653568,0.0011301403962959275,36.25,117916.66666666667,0.0,0.9540396347723085,60,0.016666666666666666,2.4840625,4.87
641,random,strong_pulse,analog_delta__lag_guard8__block_refine2,12,96,217500,7,110360,7,0,0,0,4,89,0.07291666666666667,0.5074022988505748,0.07208994708994709,0.9300137931034482,0.9296540881183296,0.0027509909483523637,6.416666666666667,130833.33333333333,0.0,0.9912714758996076,60,0.05,2.4840625,4.87
641,random,strong_pulse,analog_delta__lag_periodic__block_refine2,12,96,217500,7,110360,7,0,0,0,4,89,0.07291666666666667,0.5074022988505748,0.07208994708994709,0.9301977011494252,0.9298442594356682,0.00247510107484469,36.25,117916.66666666667,0.0,0.9912714758996076,60,0.05,2.4840625,4.87
641,random,strong_pulse,analog_delta__refresh_guard8__block_refine2,12,96,217500,5,112840,4,1,1,0,4,91,0.052083333333333336,0.5188045977011494,0.05241402116402116,0.9233425287356322,0.9229213686137062,0.0011588580523226898,13.0,119166.66666666667,0.0,0.9540396347723085,60,0.016666666666666666,2.4840625,4.87
641,random,strong_pulse,analog_delta__rescue_guard8__block_refine2,12,96,217500,8,109120,8,0,0,0,4,88,0.08333333333333333,0.5017011494252873,0.08134920634920635,0.9248597701149426,0.9243887293121039,0.0023755678549465375,13.0,146666.66666666666,0.0,0.9549038754799904,60,0.05,2.4840625,4.87
641,random,strong_pulse,analog_delta__rescue_periodic__block_refine2,12,96,217500,8,109120,8,0,0,0,4,88,0.08333333333333333,0.5017011494252873,0.08134920634920635,0.9240551724137931,0.9235415666031765,0.002333061970097095,36.25,145416.66666666666,0.0,0.9549038754799904,60,0.05,2.4840625,4.87
641,random,strong_pulse,raw__raw__block_refine2,12,96,217500,22,91760,22,0,0,0,0,74,0.22916666666666666,0.42188505747126437,0.22817460317460317,0.9621195402298851,0.9608818333966941,0.03788045977011494,0.0,0.0,0.0,0.9683006386447977,60,0.25,2.4840625,4.87
641,random,strong_pulse,rule__rule__block_refine2,12,96,217500,6,111600,5,1,1,0,3,90,0.0625,0.5131034482758621,0.06283068783068783,0.9270298850574713,0.9264734349930169,0.004301234567901235,0.0,181250.0,0.0,0.9549038754799904,60,0.05,2.4840625,4.87
641,random,strong_pulse,spike__current_guard8__block_refine2,12,96,217500,9,107880,8,1,1,0,3,87,0.09375,0.496,0.09176587301587302,0.9314344827586207,0.9308866361734783,0.004838582909240956,6.25,105416.66666666667,0.0,0.9726918357794888,60,0.08333333333333333,2.4840625,4.87
641,random,strong_pulse,spike__current_periodic__block_refine2,12,96,217500,9,107880,8,1,1,0,2,87,0.09375,0.496,0.09325396825396826,0.9326022988505747,0.9320911615967344,0.006596861715673791,36.25,110000.0,0.0,0.9544728517865536,60,0.08333333333333333,2.4840625,4.87
641,random,strong_pulse,spike__lag_guard8__block_refine2,12,96,217500,9,107880,8,1,1,0,4,87,0.09375,0.496,0.09176587301587302,0.9341701149425288,0.9337329724921056,0.0050047991224461815,6.25,105833.33333333333,0.0,0.9906940331714548,60,0.08333333333333333,2.4840625,4.87
641,random,strong_pulse,spike__lag_periodic__block_refine2,12,96,217500,10,106640,9,1,1,0,3,86,0.10416666666666667,0.4902988505747126,0.10367063492063493,0.9389655172413793,0.9386048985833043,0.007132022635785543,36.25,110000.0,0.0,0.9907758668871701,60,0.1,2.4840625,4.87
641,random,strong_pulse,spike__refresh_guard8__block_refine2,12,96,217500,9,107880,8,1,1,0,3,87,0.09375,0.496,0.09325396825396826,0.9306758620689655,0.9301241292282314,0.005492777832367102,13.416666666666666,112083.33333333333,0.0,0.9544728517865536,60,0.08333333333333333,2.4840625,4.87
641,random,strong_pulse,spike__rescue_guard8__block_refine2,12,96,217500,9,107880,9,0,0,0,3,87,0.09375,0.496,0.09176587301587301,0.9300091954022989,0.929411956352978,0.005266833212030608,13.416666666666666,141250.0,0.0,0.9549038754799904,60,0.06666666666666667,2.4840625,4.87
641,random,strong_pulse,spike__rescue_periodic__block_refine2,12,96,217500,10,106640,10,0,0,0,3,86,0.10416666666666667,0.4902988505747126,0.10367063492063493,0.9319862068965518,0.9314329986137263,0.006279781163597859,36.25,139166.66666666666,0.0,0.9549038754799904,60,0.08333333333333333,2.4840625,4.87
653,fixed,clean,analog_delta__current_guard8__block_refine2,12,96,222000,0,119040,0,0,0,0,0,96,0.0,0.5362162162162162,0.0,1.0,1.0,0.0,5.0,0.0,0.0,,0,,2.387916666666667,4.97
653,fixed,clean,analog_delta__current_periodic__block_refine2,12,96,222000,0,119040,0,0,0,0,0,96,0.0,0.5362162162162162,0.0,1.0,1.0,0.0,37.0,0.0,0.0,,0,,2.387916666666667,4.97
653,fixed,clean,analog_delta__lag_guard8__block_refine2,12,96,222000,0,119040,0,0,0,0,0,96,0.0,0.5362162162162162,0.0,1.0,1.0,0.0,5.0,0.0,0.0,,0,,2.387916666666667,4.97
653,fixed,clean,analog_delta__lag_periodic__block_refine2,12,96,222000,0,119040,0,0,0,0,0,96,0.0,0.5362162162162162,0.0,1.0,1.0,0.0,37.0,0.0,0.0,,0,,2.387916666666667,4.97
653,fixed,clean,analog_delta__refresh_guard8__block_refine2,12,96,222000,0,119040,0,0,0,0,0,96,0.0,0.5362162162162162,0.0,1.0,1.0,0.0,6.0,0.0,0.0,,0,,2.387916666666667,4.97
653,fixed,clean,analog_delta__rescue_guard8__block_refine2,12,96,222000,0,119040,0,0,0,0,0,96,0.0,0.5362162162162162,0.0,1.0,1.0,0.0,6.0,10000.0,0.0,,0,,2.387916666666667,4.97
653,fixed,clean,analog_delta__rescue_periodic__block_refine2,12,96,222000,0,119040,0,0,0,0,0,96,0.0,0.5362162162162162,0.0,1.0,1.0,0.0,37.0,10000.0,0.0,,0,,2.387916666666667,4.97
653,fixed,clean,raw__raw__block_refine2,12,96,222000,0,119040,0,0,0,0,0,96,0.0,0.5362162162162162,0.0,1.0,1.0,0.0,0.0,0.0,0.0,,0,,2.387916666666667,4.97
653,fixed,clean,rule__rule__block_refine2,12,96,222000,0,119040,0,0,0,0,0,96,0.0,0.5362162162162162,0.0,1.0,1.0,0.0,0.0,185000.0,0.0,,0,,2.387916666666667,4.97
653,fixed,clean,spike__current_guard8__block_refine2,12,96,222000,0,119040,0,0,0,0,0,96,0.0,0.5362162162162162,0.0,1.0,1.0,0.0,5.833333333333333,0.0,0.0,,0,,2.387916666666667,4.97
653,fixed,clean,spike__current_periodic__block_refine2,12,96,222000,0,119040,0,0,0,0,0,96,0.0,0.5362162162162162,0.0,1.0,1.0,0.0,37.0,0.0,0.0,,0,,2.387916666666667,4.97
653,fixed,clean,spike__lag_guard8__block_refine2,12,96,222000,0,119040,0,0,0,0,0,96,0.0,0.5362162162162162,0.0,1.0,1.0,0.0,5.833333333333333,0.0,0.0,,0,,2.387916666666667,4.97
653,fixed,clean,spike__lag_periodic__block_refine2,12,96,222000,0,119040,0,0,0,0,0,96,0.0,0.5362162162162162,0.0,1.0,1.0,0.0,37.0,0.0,0.0,,0,,2.387916666666667,4.97
653,fixed,clean,spike__refresh_guard8__block_refine2,12,96,222000,0,119040,0,0,0,0,0,96,0.0,0.5362162162162162,0.0,1.0,1.0,0.0,6.916666666666667,0.0,0.0,,0,,2.387916666666667,4.97
653,fixed,clean,spike__rescue_guard8__block_refine2,12,96,222000,0,119040,0,0,0,0,0,96,0.0,0.5362162162162162,0.0,1.0,1.0,0.0,6.916666666666667,10000.0,0.0,,0,,2.387916666666667,4.97
653,fixed,clean,spike__rescue_periodic__block_refine2,12,96,222000,0,119040,0,0,0,0,0,96,0.0,0.5362162162162162,0.0,1.0,1.0,0.0,37.0,10000.0,0.0,,0,,2.387916666666667,4.97
653,fixed,high_duty,analog_delta__current_guard8__block_refine2,12,96,222000,15,100440,14,1,1,0,6,81,0.15625,0.4524324324324324,0.15625,0.9267612612612612,0.9267612612612613,0.0025742708656531182,5.833333333333333,128333.33333333333,0.0,0.994638888888889,60,0.13333333333333333,2.48375,4.98
653,fixed,high_duty,analog_delta__current_periodic__block_refine2,12,96,222000,15,100440,14,1,1,0,6,81,0.15625,0.4524324324324324,0.15625,0.9268873873873874,0.9268873873873873,0.0023611434334031493,37.0,120000.0,0.0,0.9946111111111112,60,0.13333333333333333,2.48375,4.98
653,fixed,high_duty,analog_delta__lag_guard8__block_refine2,12,96,222000,18,96720,17,1,1,0,6,78,0.1875,0.43567567567567567,0.1875,0.9248783783783784,0.9248783783783784,0.005410773105987212,5.833333333333333,128333.33333333333,0.08333333333333333,0.9804444444444447,60,0.18333333333333332,2.48375,4.98
653,fixed,high_duty,analog_delta__lag_periodic__block_refine2,12,96,222000,18,96720,17,1,1,0,6,78,0.1875,0.43567567567567567,0.1875,0.9250810810810811,0.925081081081081,0.005192792094555318,37.0,120000.0,0.08333333333333333,0.9804444444444447,60,0.18333333333333332,2.48375,4.98
653,fixed,high_duty,analog_delta__refresh_guard8__block_refine2,12,96,222000,15,100440,14,1,1,0,6,81,0.15625,0.4524324324324324,0.15625,0.9268873873873874,0.9268873873873873,0.0023611434334031493,14.75,120000.0,0.0,0.9946111111111112,60,0.13333333333333333,2.48375,4.98
653,fixed,high_duty,analog_delta__rescue_guard8__block_refine2,12,96,222000,16,99200,15,1,1,0,6,80,0.16666666666666666,0.44684684684684683,0.16666666666666666,0.9262927927927928,0.9262927927927929,0.004005540917544947,14.75,140000.0,0.0,0.9969166666666668,60,0.15,2.48375,4.98
653,fixed,high_duty,analog_delta__rescue_periodic__block_refine2,12,96,222000,16,99200,15,1,1,0,6,80,0.16666666666666666,0.44684684684684683,0.16666666666666666,0.9262927927927928,0.9262927927927929,0.004005540917544947,37.0,140000.0,0.0,0.9969166666666668,60,0.15,2.48375,4.98
653,fixed,high_duty,raw__raw__block_refine2,12,96,222000,32,79360,32,0,0,0,0,64,0.3333333333333333,0.3574774774774775,0.3333333333333333,0.9416621621621621,0.9416621621621623,0.05833783783783784,0.0,0.0,0.08333333333333333,0.9102500000000001,60,0.38333333333333336,2.48375,4.98
653,fixed,high_duty,rule__rule__block_refine2,12,96,222000,17,97960,17,0,0,0,5,79,0.17708333333333334,0.44126126126126125,0.17708333333333334,0.9264774774774774,0.9264774774774774,0.007345559845559846,0.0,185000.0,0.0,0.9971111111111112,60,0.16666666666666666,2.48375,4.98
653,fixed,high_duty,spike__current_guard8__block_refine2,12,96,222000,18,96720,17,1,1,0,6,78,0.1875,0.43567567567567567,0.1875,0.9274504504504505,0.9274504504504505,0.003841538937916086,6.083333333333333,114583.33333333333,0.0,0.9898611111111112,60,0.18333333333333332,2.48375,4.98
653,fixed,high_duty,spike__current_periodic__block_refine2,12,96,222000,15,100440,14,1,1,0,6,81,0.15625,0.4524324324324324,0.15625,0.9268288288288288,0.9268288288288288,0.002424171902877977,37.0,120000.0,0.0,0.9946111111111112,60,0.13333333333333333,2.48375,4.98
653,fixed,high_duty,spike__lag_guard8__block_refine2,12,96,222000,22,91760,21,1,1,0,6,74,0.22916666666666666,0.41333333333333333,0.22916666666666666,0.9262747747747748,0.9262747747747748,0.006642255371773071,6.083333333333333,114166.66666666667,0.08333333333333333,0.9765277777777778,60,0.25,2.48375,4.98
653,fixed,high_duty,spike__lag_periodic__block_refine2,12,96,222000,18,96720,16,2,2,0,6,78,0.1875,0.43567567567567567,0.1875,0.9250585585585586,0.9250585585585585,0.0052555607223126405,37.0,120000.0,0.08333333333333333,0.9804444444444447,60,0.18333333333333332,2.48375,4.98
653,fixed,high_duty,spike__refresh_guard8__block_refine2,12,96,222000,15,100440,14,1,1,0,6,81,0.15625,0.4524324324324324,0.15625,0.9268378378378378,0.9268378378378378,0.0024531668153434435,15.0,120000.0,0.0,0.9946111111111112,60,0.13333333333333333,2.48375,4.98
653,fixed,high_duty,spike__rescue_guard8__block_refine2,12,96,222000,16,99200,15,1,1,0,6,80,0.16666666666666666,0.44684684684684683,0.16666666666666666,0.9262162162162162,0.9262162162162162,0.004087879727216367,15.0,140000.0,0.0,0.9969166666666668,60,0.15,2.48375,4.98
653,fixed,high_duty,spike__rescue_periodic__block_refine2,12,96,222000,16,99200,16,0,0,0,6,80,0.16666666666666666,0.44684684684684683,0.16666666666666666,0.9262837837837837,0.9262837837837838,0.004053818435429501,37.0,140000.0,0.0,0.9969166666666668,60,0.15,2.48375,4.98
653,fixed,low_snr,analog_delta__current_guard8__block_refine2,12,97,222000,4,115320,3,1,1,0,0,93,0.041237113402061855,0.5194594594594595,0.04050925925925926,0.9447072072072072,0.9447072072072072,0.00168983244478294,6.0,150000.0,0.0,0.9947777777777779,59,0.0,2.337422680412371,4.989999999999999
653,fixed,low_snr,analog_delta__current_periodic__block_refine2,12,97,222000,5,114080,5,0,0,0,1,92,0.05154639175257732,0.5138738738738738,0.05092592592592593,0.9447972972972973,0.9447972972972972,0.0014805575656015538,37.0,140000.0,0.0,0.9950555555555556,59,0.01694915254237288,2.337422680412371,4.989999999999999
653,fixed,low_snr,analog_delta__lag_guard8__block_refine2,12,97,222000,9,109120,9,0,0,0,1,88,0.09278350515463918,0.4915315315315315,0.09143518518518519,0.9388828828828829,0.9388828828828829,0.007920188866042191,6.0,147500.0,0.16666666666666666,0.9603888888888888,59,0.0847457627118644,2.337422680412371,4.989999999999999
653,fixed,low_snr,analog_delta__lag_periodic__block_refine2,12,97,222000,12,105400,11,1,1,0,0,85,0.12371134020618557,0.47477477477477475,0.12268518518518519,0.9376756756756757,0.9376756756756756,0.00912033511043412,37.0,138333.33333333334,0.25,0.9527777777777776,59,0.13559322033898305,2.337422680412371,4.989999999999999
653,fixed,low_snr,analog_delta__refresh_guard8__block_refine2,12,97,222000,4,115320,3,1,1,0,0,93,0.041237113402061855,0.5194594594594595,0.04050925925925926,0.9449189189189189,0.944918918918919,0.001390052555411684,14.75,138333.33333333334,0.0,0.9945277777777779,59,0.0,2.337422680412371,4.989999999999999
653,fixed,low_snr,analog_delta__rescue_guard8__block_refine2,12,97,222000,6,112840,5,1,1,0,0,91,0.061855670103092786,0.5082882882882883,0.061342592592592594,0.9428513513513513,0.9428513513513513,0.005241996806326515,14.75,153333.33333333334,0.0,0.9967222222222224,59,0.03389830508474576,2.337422680412371,4.989999999999999
653,fixed,low_snr,analog_delta__rescue_periodic__block_refine2,12,97,222000,6,112840,5,1,1,0,0,91,0.061855670103092786,0.5082882882882883,0.061342592592592594,0.9430765765765766,0.9430765765765766,0.005193484623864371,37.0,155000.0,0.0,0.9970833333333333,59,0.03389830508474576,2.337422680412371,4.989999999999999
653,fixed,low_snr,raw__raw__block_refine2,12,97,222000,52,55800,52,0,0,0,0,45,0.5360824742268041,0.25135135135135134,0.5358796296296297,0.8525720720720721,0.8525720720720722,0.14742792792792792,0.0,0.0,0.3333333333333333,0.7111111111111111,59,0.6440677966101694,2.337422680412371,4.989999999999999
653,fixed,low_snr,rule__rule__block_refine2,12,97,222000,7,111600,7,0,0,0,0,90,0.07216494845360824,0.5027027027027027,0.07060185185185185,0.9399414414414414,0.9399414414414416,0.011881084971777096,0.0,185000.0,0.0,0.9965833333333335,59,0.06779661016949153,2.337422680412371,4.989999999999999
653,fixed,low_snr,spike__current_guard8__block_refine2,12,97,222000,8,110360,8,0,0,0,1,89,0.08247422680412371,0.4971171171171171,0.08217592592592593,0.9368288288288288,0.9368288288288289,0.010052930200677811,5.333333333333333,147500.0,0.08333333333333333,0.9475555555555557,59,0.05084745762711865,2.337422680412371,4.989999999999999
653,fixed,low_snr,spike__current_periodic__block_refine2,12,97,222000,4,115320,4,0,0,0,1,93,0.041237113402061855,0.5194594594594595,0.04050925925925926,0.9443738738738738,0.9443738738738738,0.0017379628218802377,37.0,146250.0,0.0,0.9946111111111112,59,0.0,2.337422680412371,4.989999999999999
653,fixed,low_snr,spike__lag_guard8__block_refine2,12,97,222000,9,109120,9,0,0,0,1,88,0.09278350515463918,0.4915315315315315,0.0925925925925926,0.9329009009009009,0.9329009009009009,0.014353702646106987,5.333333333333333,145000.0,0.08333333333333333,0.9237777777777779,59,0.05084745762711865,2.337422680412371,4.989999999999999
653,fixed,low_snr,spike__lag_periodic__block_refine2,12,97,222000,8,110360,7,1,1,0,0,89,0.08247422680412371,0.4971171171171171,0.08217592592592593,0.9402747747747747,0.940274774774775,0.006298080584964582,37.0,144583.33333333334,0.08333333333333333,0.9710833333333332,59,0.06779661016949153,2.337422680412371,4.989999999999999
653,fixed,low_snr,spike__refresh_guard8__block_refine2,12,97,222000,4,115320,3,1,1,0,0,93,0.041237113402061855,0.5194594594594595,0.04050925925925926,0.9447657657657658,0.9447657657657659,0.0015899310712517614,14.25,143333.33333333334,0.0,0.9947500000000001,59,0.0,2.337422680412371,4.989999999999999
653,fixed,low_snr,spike__rescue_guard8__block_refine2,12,97,222000,6,112840,5,1,1,0,0,91,0.061855670103092786,0.5082882882882883,0.061342592592592594,0.9427972972972973,0.9427972972972972,0.005336843706041136,14.25,157083.33333333334,0.0,0.9967222222222224,59,0.03389830508474576,2.337422680412371,4.989999999999999
653,fixed,low_snr,spike__rescue_periodic__block_refine2,12,97,222000,6,112840,5,1,1,0,0,91,0.061855670103092786,0.5082882882882883,0.061342592592592594,0.9428108108108109,0.9428108108108108,0.005360401459854015,37.0,160000.0,0.0,0.99675,59,0.03389830508474576,2.337422680412371,4.989999999999999
653,fixed,nominal,analog_delta__current_guard8__block_refine2,12,96,222000,2,116560,2,0,0,0,0,94,0.020833333333333332,0.525045045045045,0.020833333333333332,0.9456531531531531,0.945653153153153,0.0004999047800418968,6.0,130000.0,0.0,0.9954444444444447,60,0.0,2.6325000000000003,4.930000000000001
653,fixed,nominal,analog_delta__current_periodic__block_refine2,12,96,222000,2,116560,2,0,0,0,0,94,0.020833333333333332,0.525045045045045,0.020833333333333332,0.9458873873873874,0.9458873873873874,0.0002523328889735289,37.0,120000.0,0.0,0.9954444444444447,60,0.0,2.6325000000000003,4.930000000000001
653,fixed,nominal,analog_delta__lag_guard8__block_refine2,12,96,222000,7,110360,7,0,0,0,1,89,0.07291666666666667,0.4971171171171171,0.07291666666666667,0.9398873873873874,0.9398873873873875,0.006329053642182262,6.0,130000.0,0.16666666666666666,0.9626388888888889,60,0.08333333333333333,2.6325000000000003,4.930000000000001
653,fixed,nominal,analog_delta__lag_periodic__block_refine2,12,96,222000,7,110360,7,0,0,0,1,89,0.07291666666666667,0.4971171171171171,0.07291666666666667,0.9401711711711712,0.9401711711711712,0.006029030783297775,37.0,120000.0,0.16666666666666666,0.9626388888888889,60,0.08333333333333333,2.6325000000000003,4.930000000000001
653,fixed,nominal,analog_delta__refresh_guard8__block_refine2,12,96,222000,2,116560,2,0,0,0,0,94,0.020833333333333332,0.525045045045045,0.020833333333333332,0.9458873873873874,0.9458873873873874,0.0002523328889735289,15.5,120000.0,0.0,0.9954444444444447,60,0.0,2.6325000000000003,4.930000000000001
653,fixed,nominal,analog_delta__rescue_guard8__block_refine2,12,96,222000,3,115320,3,0,0,0,0,93,0.03125,0.5194594594594595,0.03125,0.9446621621621621,0.9446621621621621,0.0018134567055060544,15.5,140000.0,0.0,0.9971388888888889,60,0.016666666666666666,2.6325000000000003,4.930000000000001
653,fixed,nominal,analog_delta__rescue_periodic__block_refine2,12,96,222000,3,115320,3,0,0,0,0,93,0.03125,0.5194594594594595,0.03125,0.9446621621621621,0.9446621621621621,0.0018134567055060544,37.0,140000.0,0.0,0.9971388888888889,60,0.016666666666666666,2.6325000000000003,4.930000000000001
653,fixed,nominal,raw__raw__block_refine2,12,96,222000,34,76880,34,0,0,0,0,62,0.3541666666666667,0.3463063063063063,0.3541666666666667,0.8922792792792793,0.8922792792792794,0.10772072072072073,0.0,0.0,0.16666666666666666,0.7943611111111112,60,0.4,2.6325000000000003,4.930000000000001
653,fixed,nominal,rule__rule__block_refine2,12,96,222000,4,114080,4,0,0,0,0,92,0.041666666666666664,0.5138738738738738,0.041666666666666664,0.9433288288288288,0.9433288288288287,0.005192103063008284,0.0,185000.0,0.0,0.9976111111111111,60,0.016666666666666666,2.6325000000000003,4.930000000000001
653,fixed,nominal,spike__current_guard8__block_refine2,12,96,222000,5,112840,5,0,0,0,1,91,0.052083333333333336,0.5082882882882883,0.052083333333333336,0.9439594594594595,0.9439594594594595,0.002859725923106205,6.166666666666667,118750.0,0.08333333333333333,0.9824722222222224,60,0.016666666666666666,2.6325000000000003,4.930000000000001
653,fixed,nominal,spike__current_periodic__block_refine2,12,96,222000,2,116560,2,0,0,0,0,94,0.020833333333333332,0.525045045045045,0.020833333333333332,0.9458873873873874,0.9458873873873874,0.0002523328889735289,37.0,120000.0,0.0,0.9954444444444447,60,0.0,2.6325000000000003,4.930000000000001
653,fixed,nominal,spike__lag_guard8__block_refine2,12,96,222000,9,107880,9,0,0,0,1,87,0.09375,0.4859459459459459,0.09375,0.9389324324324324,0.9389324324324324,0.008849094643944004,6.166666666666667,118750.0,0.16666666666666666,0.94925,60,0.08333333333333333,2.6325000000000003,4.930000000000001
653,fixed,nominal,spike__lag_periodic__block_refine2,12,96,222000,7,110360,7,0,0,0,1,89,0.07291666666666667,0.4971171171171171,0.07291666666666667,0.9401711711711712,0.9401711711711712,0.006029030783297775,37.0,120000.0,0.16666666666666666,0.9626388888888889,60,0.08333333333333333,2.6325000000000003,4.930000000000001
653,fixed,nominal,spike__refresh_guard8__block_refine2,12,96,222000,2,116560,2,0,0,0,0,94,0.020833333333333332,0.525045045045045,0.020833333333333332,0.9458873873873874,0.9458873873873874,0.0002523328889735289,15.5,120000.0,0.0,0.9954444444444447,60,0.0,2.6325000000000003,4.930000000000001
653,fixed,nominal,spike__rescue_guard8__block_refine2,12,96,222000,3,115320,3,0,0,0,0,93,0.03125,0.5194594594594595,0.03125,0.9446621621621621,0.9446621621621621,0.0018134567055060544,15.5,140000.0,0.0,0.9971388888888889,60,0.016666666666666666,2.6325000000000003,4.930000000000001
653,fixed,nominal,spike__rescue_periodic__block_refine2,12,96,222000,3,115320,3,0,0,0,0,93,0.03125,0.5194594594594595,0.03125,0.9446621621621621,0.9446621621621621,0.0018134567055060544,37.0,140000.0,0.0,0.9971388888888889,60,0.016666666666666666,2.6325000000000003,4.930000000000001
653,fixed,short_dwell,analog_delta__current_guard8__block_refine2,12,44,114000,0,54560,0,0,0,0,0,44,0.0,0.4785964912280702,0.0,0.9448070175438597,0.9448070175438595,0.00027845328482058325,3.0,80000.0,0.0,0.990111111111111,44,0.0,3.258863636363636,4.81
653,fixed,short_dwell,analog_delta__current_periodic__block_refine2,12,44,114000,0,54560,0,0,0,0,0,44,0.0,0.4785964912280702,0.0,0.9448333333333333,0.9448333333333333,0.00025060795633852494,19.0,60000.0,0.0,0.990111111111111,44,0.0,3.258863636363636,4.81
653,fixed,short_dwell,analog_delta__lag_guard8__block_refine2,12,44,114000,4,49600,4,0,0,0,0,40,0.09090909090909091,0.43508771929824563,0.08333333333333333,0.9343947368421053,0.9343947368421053,0.011350980100980101,3.0,75000.0,0.3333333333333333,0.9242777777777776,44,0.09090909090909091,3.258863636363636,4.81
653,fixed,short_dwell,analog_delta__lag_periodic__block_refine2,12,44,114000,4,49600,4,0,0,0,0,40,0.09090909090909091,0.43508771929824563,0.08333333333333333,0.9341666666666667,0.9341666666666667,0.011592292842292842,19.0,60000.0,0.3333333333333333,0.9242777777777776,44,0.09090909090909091,3.258863636363636,4.81
653,fixed,short_dwell,analog_delta__refresh_guard8__block_refine2,12,44,114000,0,54560,0,0,0,0,0,44,0.0,0.4785964912280702,0.0,0.9448333333333333,0.9448333333333333,0.00025060795633852494,12.333333333333334,60000.0,0.0,0.990111111111111,44,0.0,3.258863636363636,4.81
653,fixed,short_dwell,analog_delta__rescue_guard8__block_refine2,12,44,114000,2,52080,2,0,0,0,0,42,0.045454545454545456,0.4568421052631579,0.041666666666666664,0.9411666666666667,0.9411666666666667,0.006785403513968859,12.333333333333334,80000.0,0.0,0.9937222222222223,44,0.045454545454545456,3.258863636363636,4.81
653,fixed,short_dwell,analog_delta__rescue_periodic__block_refine2,12,44,114000,2,52080,2,0,0,0,0,42,0.045454545454545456,0.4568421052631579,0.041666666666666664,0.9411666666666667,0.9411666666666667,0.006785403513968859,19.0,80000.0,0.0,0.9937222222222223,44,0.045454545454545456,3.258863636363636,4.81
653,fixed,short_dwell,raw__raw__block_refine2,12,44,114000,21,28520,21,0,0,0,0,23,0.4772727272727273,0.2501754385964912,0.4791666666666667,0.8986578947368421,0.8986578947368421,0.1013421052631579,0.0,0.0,0.5833333333333334,0.8021666666666666,44,0.4772727272727273,3.258863636363636,4.81
653,fixed,short_dwell,rule__rule__block_refine2,12,44,114000,2,52080,2,0,0,0,0,42,0.045454545454545456,0.4568421052631579,0.041666666666666664,0.9388157894736842,0.9388157894736843,0.009917018973699548,0.0,95000.0,0.0,0.9943333333333332,44,0.045454545454545456,3.258863636363636,4.81
653,fixed,short_dwell,spike__current_guard8__block_refine2,12,44,114000,3,50840,3,0,0,0,0,41,0.06818181818181818,0.44596491228070173,0.0625,0.9440964912280702,0.9440964912280702,0.013410945091209093,3.0,70416.66666666667,0.08333333333333333,0.9528333333333333,44,0.06818181818181818,3.258863636363636,4.81
653,fixed,short_dwell,spike__current_periodic__block_refine2,12,44,114000,0,54560,0,0,0,0,0,44,0.0,0.4785964912280702,0.0,0.9448333333333333,0.9448333333333333,0.00025060795633852494,19.0,59583.333333333336,0.0,0.990111111111111,44,0.0,3.258863636363636,4.81
653,fixed,short_dwell,spike__lag_guard8__block_refine2,12,44,114000,7,45880,7,0,0,0,0,37,0.1590909090909091,0.4024561403508772,0.14583333333333334,0.9387192982456141,0.9387192982456142,0.025018221574344024,3.0,65833.33333333333,0.3333333333333333,0.9012777777777776,44,0.1590909090909091,3.258863636363636,4.81
653,fixed,short_dwell,spike__lag_periodic__block_refine2,12,44,114000,4,49600,4,0,0,0,0,40,0.09090909090909091,0.43508771929824563,0.08333333333333333,0.9342105263157895,0.9342105263157895,0.011545886545886546,19.0,59583.333333333336,0.3333333333333333,0.9242777777777776,44,0.09090909090909091,3.258863636363636,4.81
653,fixed,short_dwell,spike__refresh_guard8__block_refine2,12,44,114000,0,54560,0,0,0,0,0,44,0.0,0.4785964912280702,0.0,0.9448333333333333,0.9448333333333333,0.00025060795633852494,12.333333333333334,59583.333333333336,0.0,0.990111111111111,44,0.0,3.258863636363636,4.81
653,fixed,short_dwell,spike__rescue_guard8__block_refine2,12,44,114000,2,52080,2,0,0,0,0,42,0.045454545454545456,0.4568421052631579,0.041666666666666664,0.9411666666666667,0.9411666666666667,0.006785403513968859,12.333333333333334,80000.0,0.0,0.9937222222222223,44,0.045454545454545456,3.258863636363636,4.81
653,fixed,short_dwell,spike__rescue_periodic__block_refine2,12,44,114000,2,52080,2,0,0,0,0,42,0.045454545454545456,0.4568421052631579,0.041666666666666664,0.9411666666666667,0.9411666666666667,0.006785403513968859,19.0,80000.0,0.0,0.9937222222222223,44,0.045454545454545456,3.258863636363636,4.81
653,fixed,strong_pulse,analog_delta__current_guard8__block_refine2,12,96,222000,5,112840,5,0,0,0,0,91,0.052083333333333336,0.5082882882882883,0.052083333333333336,0.9415135135135135,0.9415135135135135,0.0008031206975676916,6.0,130000.0,0.0,0.9952222222222221,59,0.03389830508474576,2.5695833333333336,4.989999999999999
653,fixed,strong_pulse,analog_delta__current_periodic__block_refine2,12,96,222000,5,112840,5,0,0,0,0,91,0.052083333333333336,0.5082882882882883,0.052083333333333336,0.9417207207207208,0.9417207207207207,0.0005832186018051094,37.0,120000.0,0.0,0.9952222222222221,59,0.03389830508474576,2.5695833333333336,4.989999999999999
653,fixed,strong_pulse,analog_delta__lag_guard8__block_refine2,12,96,222000,13,102920,13,0,0,0,1,83,0.13541666666666666,0.4636036036036036,0.13541666666666666,0.9346126126126126,0.9346126126126126,0.007823259372609028,6.0,130000.0,0.0,0.9560833333333333,59,0.1016949152542373,2.5695833333333336,4.989999999999999
653,fixed,strong_pulse,analog_delta__lag_periodic__block_refine2,12,96,222000,13,102920,13,0,0,0,1,83,0.13541666666666666,0.4636036036036036,0.13541666666666666,0.9348693693693694,0.9348693693693694,0.0075506885998469775,37.0,120000.0,0.0,0.9560833333333333,59,0.1016949152542373,2.5695833333333336,4.989999999999999
653,fixed,strong_pulse,analog_delta__refresh_guard8__block_refine2,12,96,222000,5,112840,5,0,0,0,0,91,0.052083333333333336,0.5082882882882883,0.052083333333333336,0.9417207207207208,0.9417207207207207,0.0005832186018051094,16.0,120000.0,0.0,0.9952222222222221,59,0.03389830508474576,2.5695833333333336,4.989999999999999
653,fixed,strong_pulse,analog_delta__rescue_guard8__block_refine2,12,96,222000,13,102920,12,1,1,0,0,83,0.13541666666666666,0.4636036036036036,0.13541666666666666,0.935036036036036,0.935036036036036,0.010289125376663997,16.0,140000.0,0.0,0.9967777777777779,59,0.11864406779661017,2.5695833333333336,4.989999999999999
653,fixed,strong_pulse,analog_delta__rescue_periodic__block_refine2,12,96,222000,13,102920,12,1,1,0,0,83,0.13541666666666666,0.4636036036036036,0.13541666666666666,0.935036036036036,0.935036036036036,0.010289125376663997,37.0,140000.0,0.0,0.9967777777777779,59,0.11864406779661017,2.5695833333333336,4.989999999999999
653,fixed,strong_pulse,raw__raw__block_refine2,12,96,222000,38,71920,38,0,0,0,0,58,0.3958333333333333,0.323963963963964,0.3958333333333333,0.8743423423423423,0.8743423423423423,0.12565765765765766,0.0,0.0,0.0,0.7612222222222221,59,0.4576271186440678,2.5695833333333336,4.989999999999999
653,fixed,strong_pulse,rule__rule__block_refine2,12,96,222000,14,101680,14,0,0,0,0,82,0.14583333333333334,0.458018018018018,0.14583333333333334,0.9220135135135135,0.9220135135135133,0.029514679107874375,0.0,185000.0,0.0,0.9968611111111111,59,0.1694915254237288,2.5695833333333336,4.989999999999999
653,fixed,strong_pulse,spike__current_guard8__block_refine2,12,96,222000,14,101680,13,1,1,0,0,82,0.14583333333333334,0.458018018018018,0.14583333333333334,0.925027027027027,0.925027027027027,0.019312320916905445,5.916666666666667,112083.33333333333,0.0,0.8932222222222223,59,0.11864406779661017,2.5695833333333336,4.989999999999999
653,fixed,strong_pulse,spike__current_periodic__block_refine2,12,96,222000,5,112840,5,0,0,0,0,91,0.052083333333333336,0.5082882882882883,0.052083333333333336,0.9417207207207208,0.9417207207207207,0.0005832186018051094,37.0,120000.0,0.0,0.9952222222222221,59,0.03389830508474576,2.5695833333333336,4.989999999999999
653,fixed,strong_pulse,spike__lag_guard8__block_refine2,12,96,222000,14,101680,14,0,0,0,1,82,0.14583333333333334,0.458018018018018,0.14583333333333334,0.9188828828828829,0.9188828828828829,0.026272577996715927,5.916666666666667,112083.33333333333,0.0,0.8597222222222222,59,0.1016949152542373,2.5695833333333336,4.989999999999999
653,fixed,strong_pulse,spike__lag_periodic__block_refine2,12,96,222000,13,102920,13,0,0,0,1,83,0.13541666666666666,0.4636036036036036,0.13541666666666666,0.9348693693693694,0.9348693693693694,0.0075506885998469775,37.0,120000.0,0.0,0.9560833333333333,59,0.1016949152542373,2.5695833333333336,4.989999999999999
653,fixed,strong_pulse,spike__refresh_guard8__block_refine2,12,96,222000,5,112840,5,0,0,0,0,91,0.052083333333333336,0.5082882882882883,0.052083333333333336,0.9417207207207208,0.9417207207207207,0.0005832186018051094,15.916666666666666,120000.0,0.0,0.9952222222222221,59,0.03389830508474576,2.5695833333333336,4.989999999999999
653,fixed,strong_pulse,spike__rescue_guard8__block_refine2,12,96,222000,13,102920,12,1,1,0,0,83,0.13541666666666666,0.4636036036036036,0.13541666666666666,0.935036036036036,0.935036036036036,0.010289125376663997,15.916666666666666,140000.0,0.0,0.9967777777777779,59,0.11864406779661017,2.5695833333333336,4.989999999999999
653,fixed,strong_pulse,spike__rescue_periodic__block_refine2,12,96,222000,13,102920,12,1,1,0,0,83,0.13541666666666666,0.4636036036036036,0.13541666666666666,0.935036036036036,0.935036036036036,0.010289125376663997,37.0,140000.0,0.0,0.9967777777777779,59,0.11864406779661017,2.5695833333333336,4.989999999999999
653,random,clean,analog_delta__current_guard8__block_refine2,12,95,220000,0,117800,0,0,0,0,0,95,0.0,0.5354545454545454,0.0,1.0,1.0,0.0,5.083333333333333,0.0,0.0,,0,,2.4354736842105265,4.95
653,random,clean,analog_delta__current_periodic__block_refine2,12,95,220000,0,117800,0,0,0,0,0,95,0.0,0.5354545454545454,0.0,1.0,1.0,0.0,36.666666666666664,0.0,0.0,,0,,2.4354736842105265,4.95
653,random,clean,analog_delta__lag_guard8__block_refine2,12,95,220000,0,117800,0,0,0,0,0,95,0.0,0.5354545454545454,0.0,1.0,1.0,0.0,5.083333333333333,0.0,0.0,,0,,2.4354736842105265,4.95
653,random,clean,analog_delta__lag_periodic__block_refine2,12,95,220000,0,117800,0,0,0,0,0,95,0.0,0.5354545454545454,0.0,1.0,1.0,0.0,36.666666666666664,0.0,0.0,,0,,2.4354736842105265,4.95
653,random,clean,analog_delta__refresh_guard8__block_refine2,12,95,220000,0,117800,0,0,0,0,0,95,0.0,0.5354545454545454,0.0,1.0,1.0,0.0,6.0,0.0,0.0,,0,,2.4354736842105265,4.95
653,random,clean,analog_delta__rescue_guard8__block_refine2,12,95,220000,0,117800,0,0,0,0,0,95,0.0,0.5354545454545454,0.0,1.0,1.0,0.0,6.0,10000.0,0.0,,0,,2.4354736842105265,4.95
653,random,clean,analog_delta__rescue_periodic__block_refine2,12,95,220000,0,117800,0,0,0,0,0,95,0.0,0.5354545454545454,0.0,1.0,1.0,0.0,36.666666666666664,10000.0,0.0,,0,,2.4354736842105265,4.95
653,random,clean,raw__raw__block_refine2,12,95,220000,0,117800,0,0,0,0,0,95,0.0,0.5354545454545454,0.0,1.0,1.0,0.0,0.0,0.0,0.0,,0,,2.4354736842105265,4.95
653,random,clean,rule__rule__block_refine2,12,95,220000,0,117800,0,0,0,0,0,95,0.0,0.5354545454545454,0.0,1.0,1.0,0.0,0.0,183333.33333333334,0.0,,0,,2.4354736842105265,4.95
653,random,clean,spike__current_guard8__block_refine2,12,95,220000,0,117800,0,0,0,0,0,95,0.0,0.5354545454545454,0.0,1.0,1.0,0.0,6.166666666666667,0.0,0.0,,0,,2.4354736842105265,4.95
653,random,clean,spike__current_periodic__block_refine2,12,95,220000,0,117800,0,0,0,0,0,95,0.0,0.5354545454545454,0.0,1.0,1.0,0.0,36.666666666666664,0.0,0.0,,0,,2.4354736842105265,4.95
653,random,clean,spike__lag_guard8__block_refine2,12,95,220000,0,117800,0,0,0,0,0,95,0.0,0.5354545454545454,0.0,1.0,1.0,0.0,6.166666666666667,0.0,0.0,,0,,2.4354736842105265,4.95
653,random,clean,spike__lag_periodic__block_refine2,12,95,220000,0,117800,0,0,0,0,0,95,0.0,0.5354545454545454,0.0,1.0,1.0,0.0,36.666666666666664,0.0,0.0,,0,,2.4354736842105265,4.95
653,random,clean,spike__refresh_guard8__block_refine2,12,95,220000,0,117800,0,0,0,0,0,95,0.0,0.5354545454545454,0.0,1.0,1.0,0.0,6.916666666666667,0.0,0.0,,0,,2.4354736842105265,4.95
653,random,clean,spike__rescue_guard8__block_refine2,12,95,220000,0,117800,0,0,0,0,0,95,0.0,0.5354545454545454,0.0,1.0,1.0,0.0,6.916666666666667,10000.0,0.0,,0,,2.4354736842105265,4.95
653,random,clean,spike__rescue_periodic__block_refine2,12,95,220000,0,117800,0,0,0,0,0,95,0.0,0.5354545454545454,0.0,1.0,1.0,0.0,36.666666666666664,10000.0,0.0,,0,,2.4354736842105265,4.95
653,random,high_duty,analog_delta__current_guard8__block_refine2,12,98,225000,18,99200,18,0,0,0,5,80,0.1836734693877551,0.4408888888888889,0.18320105820105817,0.9397911111111111,0.9395024278952685,0.008008069056108088,7.0,131250.0,0.0,0.9887341287110667,60,0.2,2.3686734693877547,4.96
653,random,high_duty,analog_delta__current_periodic__block_refine2,12,98,225000,17,100440,17,0,0,0,5,81,0.17346938775510204,0.4464,0.17394179894179895,0.9385466666666666,0.9382023896157411,0.007459108855047941,37.5,120000.0,0.0,0.9903716111060933,60,0.18333333333333332,2.3686734693877547,4.96
653,random,high_duty,analog_delta__lag_guard8__block_refine2,12,98,225000,18,99200,18,0,0,0,5,80,0.1836734693877551,0.4408888888888889,0.18320105820105817,0.9404711111111111,0.9401884042353855,0.008258033069626186,6.833333333333333,130416.66666666667,0.0,0.9935747175141803,60,0.2,2.3686734693877547,4.96
653,random,high_duty,analog_delta__lag_periodic__block_refine2,12,98,225000,18,99200,18,0,0,0,5,80,0.1836734693877551,0.4408888888888889,0.18320105820105817,0.9407111111111112,0.9404202653147311,0.008042141571685663,37.5,120000.0,0.0,0.9935747175141803,60,0.2,2.3686734693877547,4.96
653,random,high_duty,analog_delta__refresh_guard8__block_refine2,12,98,225000,17,100440,17,0,0,0,5,81,0.17346938775510204,0.4464,0.17394179894179895,0.9397911111111111,0.9394543325029004,0.007113744787949364,12.416666666666666,122083.33333333333,0.0,0.9903716111060933,60,0.18333333333333332,2.3686734693877547,4.96
653,random,high_duty,analog_delta__rescue_guard8__block_refine2,12,98,225000,17,100440,17,0,0,0,5,81,0.17346938775510204,0.4464,0.17394179894179895,0.94088,0.9405490345698163,0.007380246820961027,12.416666666666666,148750.0,0.0,0.9917167587501557,60,0.18333333333333332,2.3686734693877547,4.96
653,random,high_duty,analog_delta__rescue_periodic__block_refine2,12,98,225000,17,100440,17,0,0,0,5,81,0.17346938775510204,0.4464,0.17394179894179895,0.9397022222222222,0.9393614464011523,0.00769223548847338,37.5,146666.66666666666,0.0,0.9917167587501557,60,0.18333333333333332,2.3686734693877547,4.96
653,random,high_duty,raw__raw__block_refine2,12,98,225000,24,91760,24,0,0,0,0,74,0.24489795918367346,0.4078222222222222,0.24107142857142858,0.9644222222222222,0.9651746272975762,0.03557777777777778,0.0,0.0,0.0,0.9696911660558328,60,0.2833333333333333,2.3686734693877547,4.96
653,random,high_duty,rule__rule__block_refine2,12,98,225000,17,100440,17,0,0,0,5,81,0.17346938775510204,0.4464,0.17394179894179895,0.9419822222222223,0.9416627732638568,0.007669113791295228,0.0,187500.0,0.0,0.9916891099998794,60,0.18333333333333332,2.3686734693877547,4.96
653,random,high_duty,spike__current_guard8__block_refine2,12,98,225000,18,99200,18,0,0,0,5,80,0.1836734693877551,0.4408888888888889,0.18320105820105817,0.9386177777777778,0.938414206648301,0.010472111852462704,7.083333333333333,115416.66666666667,0.0,0.9849010533142454,60,0.2,2.3686734693877547,4.96
653,random,high_duty,spike__current_periodic__block_refine2,12,98,225000,17,100440,17,0,0,0,5,81,0.17346938775510204,0.4464,0.17394179894179895,0.9427422222222223,0.9423196558728293,0.009132441421577786,37.5,115000.0,0.0,0.9912309776163354,60,0.18333333333333332,2.3686734693877547,4.96
653,random,high_duty,spike__lag_guard8__block_refine2,12,98,225000,19,97960,19,0,0,0,5,79,0.19387755102040816,0.43537777777777775,0.19246031746031744,0.9390488888888889,0.9389052516942997,0.010870379386539829,6.25,121250.0,0.0,0.9817439431477961,60,0.2,2.3686734693877547,4.96
653,random,high_duty,spike__lag_periodic__block_refine2,12,98,225000,18,99200,18,0,0,0,5,80,0.1836734693877551,0.4408888888888889,0.18320105820105817,0.9440933333333333,0.9437193426756121,0.009489125974558884,37.5,115000.0,0.0,0.9941954774866034,60,0.2,2.3686734693877547,4.96
653,random,high_duty,spike__refresh_guard8__block_refine2,12,98,225000,17,100440,17,0,0,0,5,81,0.17346938775510204,0.4464,0.17394179894179895,0.9404177777777778,0.9401035847916265,0.008202714864256788,13.0,117500.0,0.0,0.9912309776163354,60,0.18333333333333332,2.3686734693877547,4.96
653,random,high_duty,spike__rescue_guard8__block_refine2,12,98,225000,17,100440,17,0,0,0,5,81,0.17346938775510204,0.4464,0.17394179894179895,0.9407466666666666,0.9404153113729352,0.008190576151741201,13.0,145416.66666666666,0.0,0.9917167587501557,60,0.18333333333333332,2.3686734693877547,4.96
653,random,high_duty,spike__rescue_periodic__block_refine2,12,98,225000,17,100440,17,0,0,0,5,81,0.17346938775510204,0.4464,0.17394179894179895,0.9429777777777778,0.9425369859708481,0.009107042779749674,37.5,142916.66666666666,0.0,0.9917167587501557,60,0.18333333333333332,2.3686734693877547,4.96
653,random,low_snr,analog_delta__current_guard8__block_refine2,12,93,217000,7,106640,7,0,0,0,1,86,0.07526881720430108,0.49142857142857144,0.07589285714285714,0.9388663594470046,0.9393224296987768,0.0032193040823515597,6.333333333333333,138750.0,0.08333333333333333,0.9768455043309597,60,0.06666666666666667,2.517096774193548,4.930000000000001
653,random,low_snr,analog_delta__current_periodic__block_refine2,12,93,217000,5,109120,5,0,0,0,1,88,0.053763440860215055,0.5028571428571429,0.05654761904761905,0.940036866359447,0.9403504112850265,0.002640225299225534,36.166666666666664,125416.66666666667,0.0,0.9827400525736056,60,0.05,2.517096774193548,4.930000000000001
653,random,low_snr,analog_delta__lag_guard8__block_refine2,12,93,217000,7,106640,7,0,0,0,1,86,0.07526881720430108,0.49142857142857144,0.07738095238095238,0.9390829493087558,0.9394413687380818,0.00458675263774912,6.333333333333333,137500.0,0.08333333333333333,0.9725859818444657,60,0.06666666666666667,2.517096774193548,4.930000000000001
653,random,low_snr,analog_delta__lag_periodic__block_refine2,12,93,217000,8,105400,7,1,1,0,1,85,0.08602150537634409,0.4857142857142857,0.08779761904761905,0.9390599078341014,0.9394461896221635,0.004416650381082666,36.166666666666664,125000.0,0.08333333333333333,0.970963825216841,60,0.08333333333333333,2.517096774193548,4.930000000000001
653,random,low_snr,analog_delta__refresh_guard8__block_refine2,12,93,217000,7,106640,6,1,1,0,1,86,0.07526881720430108,0.49142857142857144,0.07738095238095238,0.9399907834101382,0.9403051803989673,0.002689118360322303,12.0,125416.66666666667,0.0,0.9827057166307406,60,0.06666666666666667,2.517096774193548,4.930000000000001
653,random,low_snr,analog_delta__rescue_guard8__block_refine2,12,93,217000,8,105400,7,1,1,0,1,85,0.08602150537634409,0.4857142857142857,0.08779761904761905,0.937520737327189,0.9379603565042421,0.00339969432143277,12.0,148750.0,0.0,0.9771234547333268,60,0.08333333333333333,2.517096774193548,4.930000000000001
653,random,low_snr,analog_delta__rescue_periodic__block_refine2,12,93,217000,8,105400,7,1,1,0,1,85,0.08602150537634409,0.4857142857142857,0.08779761904761905,0.9374930875576036,0.9379369336005947,0.003429086491358702,36.166666666666664,148750.0,0.0,0.9771234547333268,60,0.08333333333333333,2.517096774193548,4.930000000000001
653,random,low_snr,raw__raw__block_refine2,12,93,217000,38,68200,38,0,0,0,0,55,0.40860215053763443,0.3142857142857143,0.41683201058201064,0.9316451612903226,0.9309024228238975,0.06835483870967742,0.0,0.0,0.08333333333333333,0.9032849364509188,60,0.4,2.517096774193548,4.930000000000001
653,random,low_snr,rule__rule__block_refine2,12,93,217000,6,107880,5,1,1,0,1,87,0.06451612903225806,0.49714285714285716,0.06547619047619048,0.9386497695852535,0.9391797935646059,0.004851475473910494,0.0,180833.33333333334,0.0,0.9772229160487864,60,0.06666666666666667,2.517096774193548,4.930000000000001
653,random,low_snr,spike__current_guard8__block_refine2,12,93,217000,10,102920,9,1,1,0,1,83,0.10752688172043011,0.4742857142857143,0.11011904761904762,0.9378940092165898,0.9381484161866053,0.00755344464383241,5.75,119583.33333333333,0.08333333333333333,0.9679857003675916,60,0.08333333333333333,2.517096774193548,4.930000000000001
653,random,low_snr,spike__current_periodic__block_refine2,12,93,217000,7,106640,6,1,1,0,1,86,0.07526881720430108,0.49142857142857144,0.07886904761904762,0.9392995391705069,0.9395984215567209,0.00299354333789865,36.166666666666664,126250.0,0.0,0.9832550917165804,60,0.06666666666666667,2.517096774193548,4.930000000000001
653,random,low_snr,spike__lag_guard8__block_refine2,12,93,217000,10,102920,10,0,0,0,1,83,0.10752688172043011,0.4742857142857143,0.10863095238095237,0.9360230414746544,0.9363584527721623,0.009224030281745102,5.5,118750.0,0.08333333333333333,0.95320716819078,60,0.08333333333333333,2.517096774193548,4.930000000000001
653,random,low_snr,spike__lag_periodic__block_refine2,12,93,217000,9,104160,8,1,1,0,1,84,0.0967741935483871,0.48,0.09821428571428571,0.9382258064516129,0.9385989024036688,0.00510652853792025,36.166666666666664,125833.33333333333,0.08333333333333333,0.9718390848464425,60,0.08333333333333333,2.517096774193548,4.930000000000001
653,random,low_snr,spike__refresh_guard8__block_refine2,12,93,217000,8,105400,7,1,1,0,1,85,0.08602150537634409,0.4857142857142857,0.08928571428571429,0.9393271889400922,0.9396319711066791,0.0029641948738016043,12.166666666666666,125416.66666666667,0.0,0.9832550917165804,60,0.06666666666666667,2.517096774193548,4.930000000000001
653,random,low_snr,spike__rescue_guard8__block_refine2,12,93,217000,8,105400,7,1,1,0,1,85,0.08602150537634409,0.4857142857142857,0.08779761904761905,0.937520737327189,0.9379580881849071,0.0033606364633955166,12.166666666666666,149583.33333333334,0.0,0.9771234547333268,60,0.08333333333333333,2.517096774193548,4.930000000000001
653,random,low_snr,spike__rescue_periodic__block_refine2,12,93,217000,8,105400,8,0,0,0,1,85,0.08602150537634409,0.4857142857142857,0.08779761904761905,0.937331797235023,0.9377673994149615,0.003405260269677015,36.166666666666664,150416.66666666666,0.0,0.9771234547333268,60,0.08333333333333333,2.517096774193548,4.930000000000001
653,random,nominal,analog_delta__current_guard8__block_refine2,12,91,211500,6,105400,6,0,0,0,3,85,0.06593406593406594,0.4983451536643026,0.06845238095238095,0.9298014184397163,0.9296007724314709,0.003279270146984288,6.166666666666667,118750.0,0.08333333333333333,0.9608190840413636,60,0.06666666666666667,2.376923076923077,4.98
653,random,nominal,analog_delta__current_periodic__block_refine2,12,91,211500,5,106640,4,1,1,0,3,86,0.054945054945054944,0.5042080378250591,0.05654761904761905,0.9283735224586288,0.9282338345683935,0.0024234356900440994,35.25,112500.0,0.0,0.9623117622138487,60,0.05,2.376923076923077,4.98
653,random,nominal,analog_delta__lag_guard8__block_refine2,12,91,211500,6,105400,6,0,0,0,3,85,0.06593406593406594,0.4983451536643026,0.06845238095238095,0.9322884160756502,0.9318920093738107,0.004970630386952221,6.416666666666667,121666.66666666667,0.08333333333333333,0.9749956565048854,60,0.06666666666666667,2.376923076923077,4.98
653,random,nominal,analog_delta__lag_periodic__block_refine2,12,91,211500,6,105400,5,1,1,0,3,85,0.06593406593406594,0.4983451536643026,0.06845238095238095,0.9313664302600473,0.9309678414733561,0.004185792570723717,35.25,112500.0,0.08333333333333333,0.9747699738147477,60,0.06666666666666667,2.376923076923077,4.98
653,random,nominal,analog_delta__refresh_guard8__block_refine2,12,91,211500,5,106640,4,1,1,0,3,86,0.054945054945054944,0.5042080378250591,0.05654761904761905,0.9290354609929078,0.9288676471624999,0.0017932982463270406,11.583333333333334,114166.66666666667,0.0,0.9623117622138487,60,0.05,2.376923076923077,4.98
653,random,nominal,analog_delta__rescue_guard8__block_refine2,12,91,211500,4,107880,2,2,2,0,2,87,0.04395604395604396,0.5100709219858156,0.044642857142857144,0.931016548463357,0.9309540751169428,0.0009639776763064434,11.583333333333334,141666.66666666666,0.0,0.9692128961289286,60,0.03333333333333333,2.376923076923077,4.98
653,random,nominal,analog_delta__rescue_periodic__block_refine2,12,91,211500,4,107880,2,2,2,0,2,87,0.04395604395604396,0.5100709219858156,0.044642857142857144,0.9301891252955082,0.9301486938953852,0.0016492438851111336,35.25,140000.0,0.0,0.9692128961289286,60,0.03333333333333333,2.376923076923077,4.98
653,random,nominal,raw__raw__block_refine2,12,91,211500,25,81840,25,0,0,0,0,66,0.27472527472527475,0.3869503546099291,0.28125,0.9490591016548463,0.9468665487858502,0.05094089834515366,0.0,0.0,0.08333333333333333,0.9314204000520349,60,0.3,2.376923076923077,4.98
653,random,nominal,rule__rule__block_refine2,12,91,211500,3,109120,2,1,1,0,2,88,0.03296703296703297,0.5159338061465721,0.03422619047619047,0.9325390070921986,0.9324318303742937,0.0011546642357945912,0.0,176250.0,0.0,0.9692098583359448,60,0.03333333333333333,2.376923076923077,4.98
653,random,nominal,spike__current_guard8__block_refine2,12,91,211500,7,104160,6,1,1,0,1,84,0.07692307692307693,0.4924822695035461,0.08035714285714285,0.9300520094562648,0.9297318571540997,0.0067159506352380376,6.083333333333333,107916.66666666667,0.08333333333333333,0.9632740002973977,60,0.06666666666666667,2.376923076923077,4.98
653,random,nominal,spike__current_periodic__block_refine2,12,91,211500,5,106640,4,1,1,0,1,86,0.054945054945054944,0.5042080378250591,0.05654761904761905,0.9312056737588652,0.9310262505334198,0.00375331323472877,35.25,110833.33333333333,0.0,0.9631554214435035,60,0.05,2.376923076923077,4.98
653,random,nominal,spike__lag_guard8__block_refine2,12,91,211500,7,104160,6,1,1,0,1,84,0.07692307692307693,0.4924822695035461,0.08035714285714285,0.9315886524822695,0.9311064629825659,0.008159998389142822,5.916666666666667,110833.33333333333,0.08333333333333333,0.9632867698633102,60,0.06666666666666667,2.376923076923077,4.98
653,random,nominal,spike__lag_periodic__block_refine2,12,91,211500,6,105400,4,2,2,0,1,85,0.06593406593406594,0.4983451536643026,0.06845238095238095,0.9347659574468085,0.9343920936237112,0.0056581567988412095,35.25,110833.33333333333,0.08333333333333333,0.9764988566790925,60,0.06666666666666667,2.376923076923077,4.98
653,random,nominal,spike__refresh_guard8__block_refine2,12,91,211500,5,106640,3,2,2,0,2,86,0.054945054945054944,0.5042080378250591,0.05654761904761905,0.927806146572104,0.9275866746817115,0.002506049083995852,12.333333333333334,112500.0,0.0,0.9631554214435035,60,0.05,2.376923076923077,4.98
653,random,nominal,spike__rescue_guard8__block_refine2,12,91,211500,4,107880,3,1,1,0,2,87,0.04395604395604396,0.5100709219858156,0.044642857142857144,0.9295224586288416,0.9294023501179751,0.0016757733948122118,12.333333333333334,140000.0,0.0,0.9692128961289286,60,0.03333333333333333,2.376923076923077,4.98
653,random,nominal,spike__rescue_periodic__block_refine2,12,91,211500,4,107880,3,1,1,0,1,87,0.04395604395604396,0.5100709219858156,0.044642857142857144,0.9330780141843972,0.9329895194301446,0.0029203128473555507,35.25,138333.33333333334,0.0,0.9692128961289286,60,0.03333333333333333,2.376923076923077,4.98
653,random,short_dwell,analog_delta__current_guard8__block_refine2,12,41,110500,6,43400,6,0,0,0,0,35,0.14634146341463414,0.3927601809954751,0.14583333333333334,0.9184886877828055,0.918198988074762,0.020082453921388778,4.0,62083.333333333336,0.25,0.8838274395197185,41,0.14634146341463414,3.018048780487805,4.91
653,random,short_dwell,analog_delta__current_periodic__block_refine2,12,41,110500,0,50840,0,0,0,0,0,41,0.0,0.46009049773755656,0.0,0.9152036199095023,0.9148532421740626,0.003399852180339985,18.416666666666668,53750.0,0.0,0.8941523446590133,41,0.0,3.018048780487805,4.91
653,random,short_dwell,analog_delta__lag_guard8__block_refine2,12,41,110500,6,43400,6,0,0,0,0,35,0.14634146341463414,0.3927601809954751,0.14583333333333334,0.9278280542986426,0.9274730105492489,0.02390608934079744,4.083333333333333,61666.666666666664,0.25,0.9370209234085763,41,0.14634146341463414,3.018048780487805,4.91
653,random,short_dwell,analog_delta__lag_periodic__block_refine2,12,41,110500,3,47120,3,0,0,0,0,38,0.07317073170731707,0.42642533936651583,0.07638888888888888,0.928579185520362,0.9282396571494095,0.006545060222299679,18.416666666666668,53750.0,0.25,0.9609689081481837,41,0.07317073170731707,3.018048780487805,4.91
653,random,short_dwell,analog_delta__refresh_guard8__block_refine2,12,41,110500,0,50840,0,0,0,0,0,41,0.0,0.46009049773755656,0.0,0.9172488687782805,0.9168901702786377,0.0010151884012261111,11.833333333333334,55000.0,0.0,0.8941523446590133,41,0.0,3.018048780487805,4.91
653,random,short_dwell,analog_delta__rescue_guard8__block_refine2,12,41,110500,1,49600,1,0,0,0,0,40,0.024390243902439025,0.448868778280543,0.020833333333333332,0.9178371040723982,0.9175091560600848,0.001712682710763325,11.833333333333334,83333.33333333333,0.0,0.8957479065556089,41,0.024390243902439025,3.018048780487805,4.91
653,random,short_dwell,analog_delta__rescue_periodic__block_refine2,12,41,110500,1,49600,1,0,0,0,0,40,0.024390243902439025,0.448868778280543,0.020833333333333332,0.9158552036199095,0.9155364981080151,0.004103563310010923,18.416666666666668,82083.33333333333,0.0,0.8957479065556089,41,0.024390243902439025,3.018048780487805,4.91
653,random,short_dwell,raw__raw__block_refine2,12,41,110500,15,32240,15,0,0,0,0,26,0.36585365853658536,0.2917647058823529,0.3819444444444444,0.9441266968325792,0.9436517343194587,0.05587330316742081,0.0,0.0,0.25,0.9311626182014258,41,0.36585365853658536,3.018048780487805,4.91
653,random,short_dwell,rule__rule__block_refine2,12,41,110500,1,49600,1,0,0,0,0,40,0.024390243902439025,0.448868778280543,0.020833333333333332,0.9168778280542986,0.9165643160188051,0.002441834132508886,0.0,92083.33333333333,0.0,0.8957479065556089,41,0.024390243902439025,3.018048780487805,4.91
653,random,short_dwell,spike__current_guard8__block_refine2,12,41,110500,8,40920,8,0,0,0,0,33,0.1951219512195122,0.370316742081448,0.20138888888888887,0.922027149321267,0.921974633069602,0.027518207069019824,4.166666666666667,50833.333333333336,0.25,0.8965915970277184,41,0.1951219512195122,3.018048780487805,4.91
653,random,short_dwell,spike__current_periodic__block_refine2,12,41,110500,0,50840,0,0,0,0,0,41,0.0,0.46009049773755656,0.0,0.9143710407239819,0.9140013903222108,0.004463449961080293,18.416666666666668,52500.0,0.0,0.8941523446590133,41,0.0,3.018048780487805,4.91
653,random,short_dwell,spike__lag_guard8__block_refine2,12,41,110500,8,40920,8,0,0,0,0,33,0.1951219512195122,0.370316742081448,0.20138888888888887,0.9301176470588235,0.9298930225891525,0.030286447522361024,3.9166666666666665,50000.0,0.25,0.9287641441582446,41,0.1951219512195122,3.018048780487805,4.91
653,random,short_dwell,spike__lag_periodic__block_refine2,12,41,110500,4,45880,4,0,0,0,0,37,0.0975609756097561,0.4152036199095023,0.10416666666666667,0.9288325791855203,0.9284989164086688,0.008271170718509644,18.416666666666668,52500.0,0.25,0.9609689081481837,41,0.0975609756097561,3.018048780487805,4.91
653,random,short_dwell,spike__refresh_guard8__block_refine2,12,41,110500,0,50840,0,0,0,0,0,41,0.0,0.46009049773755656,0.0,0.9160090497737556,0.9156773162481368,0.002758647868451906,11.75,53750.0,0.0,0.8941523446590133,41,0.0,3.018048780487805,4.91
653,random,short_dwell,spike__rescue_guard8__block_refine2,12,41,110500,1,49600,1,0,0,0,0,40,0.024390243902439025,0.448868778280543,0.020833333333333332,0.9163891402714932,0.9160827944043112,0.0034445089606440246,11.75,82500.0,0.0,0.8957479065556089,41,0.024390243902439025,3.018048780487805,4.91
653,random,short_dwell,spike__rescue_periodic__block_refine2,12,41,110500,1,49600,1,0,0,0,0,40,0.024390243902439025,0.448868778280543,0.020833333333333332,0.9149864253393665,0.9146476092191261,0.005126590374605174,18.416666666666668,81250.0,0.0,0.8957479065556089,41,0.024390243902439025,3.018048780487805,4.91
653,random,strong_pulse,analog_delta__current_guard8__block_refine2,12,93,217000,15,96720,15,0,0,0,6,78,0.16129032258064516,0.44571428571428573,0.16170634920634921,0.9197649769585253,0.9196279633679015,0.009385546952551121,6.333333333333333,126250.0,0.08333333333333333,0.9306287317706629,60,0.13333333333333333,3.0918279569892477,4.96
653,random,strong_pulse,analog_delta__current_periodic__block_refine2,12,93,217000,10,102920,10,0,0,0,6,83,0.10752688172043011,0.4742857142857143,0.10780423280423279,0.9239907834101383,0.9238890527686968,0.0020605216006370696,36.166666666666664,112916.66666666667,0.0,0.9609876153825004,60,0.06666666666666667,3.0918279569892477,4.96
653,random,strong_pulse,analog_delta__lag_guard8__block_refine2,12,93,217000,15,96720,15,0,0,0,5,78,0.16129032258064516,0.44571428571428573,0.16170634920634921,0.9233594470046083,0.9231740893695228,0.010621173217460004,6.333333333333333,124166.66666666667,0.08333333333333333,0.9542678460369048,60,0.13333333333333333,3.0918279569892477,4.96
653,random,strong_pulse,analog_delta__lag_periodic__block_refine2,12,93,217000,13,99200,13,0,0,0,6,80,0.13978494623655913,0.45714285714285713,0.13789682539682538,0.9265760368663595,0.9264156940124432,0.004776471054090441,36.166666666666664,112916.66666666667,0.0,0.9752302227288068,60,0.1,3.0918279569892477,4.96
653,random,strong_pulse,analog_delta__refresh_guard8__block_refine2,12,93,217000,10,102920,10,0,0,0,6,83,0.10752688172043011,0.4742857142857143,0.10780423280423279,0.9241059907834102,0.9240133882285585,0.0017373556352050976,13.25,114583.33333333333,0.0,0.9609876153825004,60,0.06666666666666667,3.0918279569892477,4.96
653,random,strong_pulse,analog_delta__rescue_guard8__block_refine2,12,93,217000,11,101680,11,0,0,0,7,82,0.11827956989247312,0.4685714285714286,0.11822089947089946,0.9227926267281106,0.9226980620285573,0.004781122022981194,13.25,142500.0,0.0,0.9662278317273741,60,0.1,3.0918279569892477,4.96
653,random,strong_pulse,analog_delta__rescue_periodic__block_refine2,12,93,217000,11,101680,11,0,0,0,7,82,0.11827956989247312,0.4685714285714286,0.11822089947089946,0.9225299539170507,0.922426110052658,0.005103967875318066,36.166666666666664,140833.33333333334,0.0,0.9662278317273741,60,0.1,3.0918279569892477,4.96
653,random,strong_pulse,raw__raw__block_refine2,12,93,217000,35,71920,35,0,0,0,0,58,0.3763440860215054,0.3314285714285714,0.37285052910052907,0.9250046082949309,0.9262191649366572,0.07499539170506912,0.0,0.0,0.08333333333333333,0.9037952289771312,60,0.35,3.0918279569892477,4.96
653,random,strong_pulse,rule__rule__block_refine2,12,93,217000,13,99200,13,0,0,0,4,80,0.13978494623655913,0.45714285714285713,0.136739417989418,0.9212027649769585,0.9213192638258426,0.012698052076336482,0.0,180833.33333333334,0.0,0.9662004284609048,60,0.11666666666666667,3.0918279569892477,4.96
653,random,strong_pulse,spike__current_guard8__block_refine2,12,93,217000,15,96720,15,0,0,0,6,78,0.16129032258064516,0.44571428571428573,0.16021825396825395,0.9212304147465438,0.9212789767565309,0.00938057482656095,6.333333333333333,115000.0,0.08333333333333333,0.9358441267754203,60,0.13333333333333333,3.0918279569892477,4.96
653,random,strong_pulse,spike__current_periodic__block_refine2,12,93,217000,10,102920,9,1,1,0,6,83,0.10752688172043011,0.4742857142857143,0.10780423280423279,0.9238202764976958,0.9237295030963762,0.002284400382226469,36.166666666666664,112916.66666666667,0.0,0.9615547499351731,60,0.06666666666666667,3.0918279569892477,4.96
653,random,strong_pulse,spike__lag_guard8__block_refine2,12,93,217000,16,95480,16,0,0,0,6,77,0.17204301075268819,0.44,0.17212301587301584,0.9228755760368663,0.9229761361932414,0.01219319706416226,6.083333333333333,115833.33333333333,0.08333333333333333,0.9412143555968796,60,0.15,3.0918279569892477,4.96
653,random,strong_pulse,spike__lag_periodic__block_refine2,12,93,217000,13,99200,13,0,0,0,6,80,0.13978494623655913,0.45714285714285713,0.13789682539682538,0.926557603686636,0.9263876074189542,0.005032660332541568,36.166666666666664,112916.66666666667,0.0,0.976342464940242,60,0.1,3.0918279569892477,4.96
653,random,strong_pulse,spike__refresh_guard8__block_refine2,12,93,217000,10,102920,8,2,2,0,6,83,0.10752688172043011,0.4742857142857143,0.10780423280423279,0.9237096774193548,0.9236096585446432,0.002284673276788914,13.5,113333.33333333333,0.0,0.9615547499351731,60,0.06666666666666667,3.0918279569892477,4.96
653,random,strong_pulse,spike__rescue_guard8__block_refine2,12,93,217000,12,100440,12,0,0,0,7,81,0.12903225806451613,0.46285714285714286,0.12748015873015872,0.9224654377880185,0.9223801323948382,0.0051735448473282444,13.5,141250.0,0.0,0.9662278317273741,60,0.1,3.0918279569892477,4.96
653,random,strong_pulse,spike__rescue_periodic__block_refine2,12,93,217000,12,100440,12,0,0,0,7,81,0.12903225806451613,0.46285714285714286,0.12748015873015872,0.9223594470046083,0.9222651689555715,0.005208747514910537,36.166666666666664,140833.33333333334,0.0,0.9662278317273741,60,0.1,3.0918279569892477,4.96
661,fixed,clean,analog_delta__current_guard8__block_refine2,12,97,222000,0,120280,0,0,0,0,0,97,0.0,0.5418018018018018,0.0,1.0,1.0,0.0,5.0,0.0,0.0,,0,,2.6278350515463913,4.989999999999999
661,fixed,clean,analog_delta__current_periodic__block_refine2,12,97,222000,0,120280,0,0,0,0,0,97,0.0,0.5418018018018018,0.0,1.0,1.0,0.0,37.0,0.0,0.0,,0,,2.6278350515463913,4.989999999999999
661,fixed,clean,analog_delta__lag_guard8__block_refine2,12,97,222000,0,120280,0,0,0,0,0,97,0.0,0.5418018018018018,0.0,1.0,1.0,0.0,5.0,0.0,0.0,,0,,2.6278350515463913,4.989999999999999
661,fixed,clean,analog_delta__lag_periodic__block_refine2,12,97,222000,0,120280,0,0,0,0,0,97,0.0,0.5418018018018018,0.0,1.0,1.0,0.0,37.0,0.0,0.0,,0,,2.6278350515463913,4.989999999999999
661,fixed,clean,analog_delta__refresh_guard8__block_refine2,12,97,222000,0,120280,0,0,0,0,0,97,0.0,0.5418018018018018,0.0,1.0,1.0,0.0,6.083333333333333,0.0,0.0,,0,,2.6278350515463913,4.989999999999999
661,fixed,clean,analog_delta__rescue_guard8__block_refine2,12,97,222000,0,120280,0,0,0,0,0,97,0.0,0.5418018018018018,0.0,1.0,1.0,0.0,6.083333333333333,10000.0,0.0,,0,,2.6278350515463913,4.989999999999999
661,fixed,clean,analog_delta__rescue_periodic__block_refine2,12,97,222000,0,120280,0,0,0,0,0,97,0.0,0.5418018018018018,0.0,1.0,1.0,0.0,37.0,10000.0,0.0,,0,,2.6278350515463913,4.989999999999999
661,fixed,clean,raw__raw__block_refine2,12,97,222000,0,120280,0,0,0,0,0,97,0.0,0.5418018018018018,0.0,1.0,1.0,0.0,0.0,0.0,0.0,,0,,2.6278350515463913,4.989999999999999
661,fixed,clean,rule__rule__block_refine2,12,97,222000,0,120280,0,0,0,0,0,97,0.0,0.5418018018018018,0.0,1.0,1.0,0.0,0.0,185000.0,0.0,,0,,2.6278350515463913,4.989999999999999
661,fixed,clean,spike__current_guard8__block_refine2,12,97,222000,0,120280,0,0,0,0,0,97,0.0,0.5418018018018018,0.0,1.0,1.0,0.0,5.916666666666667,0.0,0.0,,0,,2.6278350515463913,4.989999999999999
661,fixed,clean,spike__current_periodic__block_refine2,12,97,222000,0,120280,0,0,0,0,0,97,0.0,0.5418018018018018,0.0,1.0,1.0,0.0,37.0,0.0,0.0,,0,,2.6278350515463913,4.989999999999999
661,fixed,clean,spike__lag_guard8__block_refine2,12,97,222000,0,120280,0,0,0,0,0,97,0.0,0.5418018018018018,0.0,1.0,1.0,0.0,5.916666666666667,0.0,0.0,,0,,2.6278350515463913,4.989999999999999
661,fixed,clean,spike__lag_periodic__block_refine2,12,97,222000,0,120280,0,0,0,0,0,97,0.0,0.5418018018018018,0.0,1.0,1.0,0.0,37.0,0.0,0.0,,0,,2.6278350515463913,4.989999999999999
661,fixed,clean,spike__refresh_guard8__block_refine2,12,97,222000,0,120280,0,0,0,0,0,97,0.0,0.5418018018018018,0.0,1.0,1.0,0.0,6.833333333333333,0.0,0.0,,0,,2.6278350515463913,4.989999999999999
661,fixed,clean,spike__rescue_guard8__block_refine2,12,97,222000,0,120280,0,0,0,0,0,97,0.0,0.5418018018018018,0.0,1.0,1.0,0.0,6.833333333333333,10000.0,0.0,,0,,2.6278350515463913,4.989999999999999
661,fixed,clean,spike__rescue_periodic__block_refine2,12,97,222000,0,120280,0,0,0,0,0,97,0.0,0.5418018018018018,0.0,1.0,1.0,0.0,37.0,10000.0,0.0,,0,,2.6278350515463913,4.989999999999999
661,fixed,high_duty,analog_delta__current_guard8__block_refine2,12,98,222000,13,105400,13,0,0,0,9,85,0.1326530612244898,0.47477477477477475,0.13310185185185186,0.9270765765765766,0.9270765765765766,0.003201402611492115,6.0,130000.0,0.0,0.9948611111111112,60,0.06666666666666667,2.5444897959183677,4.91
661,fixed,high_duty,analog_delta__current_periodic__block_refine2,12,98,222000,13,105400,13,0,0,0,9,85,0.1326530612244898,0.47477477477477475,0.13310185185185186,0.9273288288288288,0.9273288288288288,0.002930179394784765,37.0,120000.0,0.0,0.9948611111111112,60,0.06666666666666667,2.5444897959183677,4.91
661,fixed,high_duty,analog_delta__lag_guard8__block_refine2,12,98,222000,16,101680,15,1,1,0,8,82,0.16326530612244897,0.458018018018018,0.16319444444444445,0.9234594594594595,0.9234594594594595,0.0086270261905683,6.0,130000.0,0.0,0.9669444444444445,60,0.11666666666666667,2.5444897959183677,4.91
661,fixed,high_duty,analog_delta__lag_periodic__block_refine2,12,98,222000,16,101680,15,1,1,0,8,82,0.16326530612244897,0.458018018018018,0.16319444444444445,0.9238063063063063,0.9238063063063064,0.008254671360594221,37.0,120000.0,0.0,0.9669444444444445,60,0.11666666666666667,2.5444897959183677,4.91
661,fixed,high_duty,analog_delta__refresh_guard8__block_refine2,12,98,222000,13,105400,13,0,0,0,9,85,0.1326530612244898,0.47477477477477475,0.13310185185185186,0.9271036036036036,0.9271036036036037,0.002824612403100775,15.0,120000.0,0.0,0.9948611111111112,60,0.06666666666666667,2.5444897959183677,4.91
661,fixed,high_duty,analog_delta__rescue_guard8__block_refine2,12,98,222000,13,105400,13,0,0,0,9,85,0.1326530612244898,0.47477477477477475,0.13310185185185186,0.9271891891891892,0.9271891891891894,0.0067747539085118704,15.0,140000.0,0.0,0.9972777777777778,60,0.06666666666666667,2.5444897959183677,4.91
661,fixed,high_duty,analog_delta__rescue_periodic__block_refine2,12,98,222000,13,105400,13,0,0,0,9,85,0.1326530612244898,0.47477477477477475,0.13310185185185186,0.9273828828828828,0.927382882882883,0.006873962875776637,37.0,140000.0,0.0,0.9972777777777778,60,0.06666666666666667,2.5444897959183677,4.91
661,fixed,high_duty,raw__raw__block_refine2,12,98,222000,34,79360,34,0,0,0,0,64,0.3469387755102041,0.3574774774774775,0.34259259259259256,0.9056936936936937,0.9056936936936938,0.0943063063063063,0.0,0.0,0.0,0.8323055555555555,60,0.38333333333333336,2.5444897959183677,4.91
661,fixed,high_duty,rule__rule__block_refine2,12,98,222000,15,102920,15,0,0,0,6,83,0.15306122448979592,0.4636036036036036,0.15162037037037038,0.9262342342342342,0.9262342342342342,0.012752064528519302,0.0,185000.0,0.0,0.9969166666666668,60,0.1,2.5444897959183677,4.91
661,fixed,high_duty,spike__current_guard8__block_refine2,12,98,222000,17,100440,17,0,0,0,9,81,0.17346938775510204,0.4524324324324324,0.17245370370370372,0.9227792792792793,0.9227792792792794,0.009050539839789483,6.0,115000.0,0.0,0.96175,60,0.13333333333333333,2.5444897959183677,4.91
661,fixed,high_duty,spike__current_periodic__block_refine2,12,98,222000,13,105400,13,0,0,0,9,85,0.1326530612244898,0.47477477477477475,0.13310185185185186,0.9272927927927928,0.9272927927927928,0.002968925568600101,37.0,120000.0,0.0,0.9948611111111112,60,0.06666666666666667,2.5444897959183677,4.91
661,fixed,high_duty,spike__lag_guard8__block_refine2,12,98,222000,19,97960,19,0,0,0,9,79,0.19387755102040816,0.44126126126126125,0.19212962962962962,0.9199144144144145,0.9199144144144143,0.014643725633998534,6.0,115000.0,0.0,0.9350555555555556,60,0.16666666666666666,2.5444897959183677,4.91
661,fixed,high_duty,spike__lag_periodic__block_refine2,12,98,222000,16,101680,16,0,0,0,9,82,0.16326530612244897,0.458018018018018,0.16319444444444445,0.9237702702702703,0.9237702702702704,0.008293357576695424,37.0,120000.0,0.0,0.9669444444444445,60,0.11666666666666667,2.5444897959183677,4.91
661,fixed,high_duty,spike__refresh_guard8__block_refine2,12,98,222000,13,105400,13,0,0,0,9,85,0.1326530612244898,0.47477477477477475,0.13310185185185186,0.9270585585585586,0.9270585585585586,0.0029117088484942443,14.916666666666666,120000.0,0.0,0.9948611111111112,60,0.06666666666666667,2.5444897959183677,4.91
661,fixed,high_duty,spike__rescue_guard8__block_refine2,12,98,222000,13,105400,13,0,0,0,9,85,0.1326530612244898,0.47477477477477475,0.13310185185185186,0.9271756756756757,0.9271756756756758,0.006827568902956844,14.916666666666666,140000.0,0.0,0.9972777777777778,60,0.06666666666666667,2.5444897959183677,4.91
661,fixed,high_duty,spike__rescue_periodic__block_refine2,12,98,222000,13,105400,13,0,0,0,9,85,0.1326530612244898,0.47477477477477475,0.13310185185185186,0.9272927927927928,0.9272927927927928,0.006855461211887302,37.0,140000.0,0.0,0.9972777777777778,60,0.06666666666666667,2.5444897959183677,4.91
661,fixed,low_snr,analog_delta__current_guard8__block_refine2,12,98,222000,1,120280,1,0,0,0,0,97,0.01020408163265306,0.5418018018018018,0.010416666666666666,0.9457882882882883,0.9457882882882883,0.0018397733323191603,6.0,155833.33333333334,0.0,0.9947499999999999,60,0.016666666666666666,2.352857142857143,4.84
661,fixed,low_snr,analog_delta__current_periodic__block_refine2,12,98,222000,1,120280,1,0,0,0,0,97,0.01020408163265306,0.5418018018018018,0.010416666666666666,0.9462117117117117,0.9462117117117117,0.0013169405142248593,37.0,145833.33333333334,0.0,0.9945555555555557,60,0.016666666666666666,2.352857142857143,4.84
661,fixed,low_snr,analog_delta__lag_guard8__block_refine2,12,98,222000,6,114080,6,0,0,0,0,92,0.061224489795918366,0.5138738738738738,0.061342592592592594,0.9415945945945946,0.9415945945945947,0.0066057103752423674,6.0,154166.66666666666,0.25,0.9682499999999999,60,0.08333333333333333,2.352857142857143,4.84
661,fixed,low_snr,analog_delta__lag_periodic__block_refine2,12,98,222000,7,112840,7,0,0,0,0,91,0.07142857142857142,0.5082882882882883,0.07175925925925926,0.9396216216216217,0.9396216216216217,0.008724908759124088,37.0,143750.0,0.3333333333333333,0.9543333333333334,60,0.1,2.352857142857143,4.84
661,fixed,low_snr,analog_delta__refresh_guard8__block_refine2,12,98,222000,1,120280,1,0,0,0,0,97,0.01020408163265306,0.5418018018018018,0.010416666666666666,0.9461621621621622,0.9461621621621621,0.0013692377909630307,14.5,144166.66666666666,0.0,0.9946111111111112,60,0.016666666666666666,2.352857142857143,4.84
661,fixed,low_snr,analog_delta__rescue_guard8__block_refine2,12,98,222000,3,117800,3,0,0,0,0,95,0.030612244897959183,0.5306306306306307,0.03125,0.9440045045045045,0.9440045045045045,0.004366044620120862,14.5,155416.66666666666,0.0,0.9963888888888889,60,0.03333333333333333,2.352857142857143,4.84
661,fixed,low_snr,analog_delta__rescue_periodic__block_refine2,12,98,222000,3,117800,3,0,0,0,0,95,0.030612244897959183,0.5306306306306307,0.03125,0.9441441441441442,0.9441441441441442,0.004370131103933118,37.0,157083.33333333334,0.0,0.9965277777777778,60,0.03333333333333333,2.352857142857143,4.84
661,fixed,low_snr,raw__raw__block_refine2,12,98,222000,49,60760,49,0,0,0,0,49,0.5,0.2736936936936937,0.5011574074074073,0.8383198198198198,0.8383198198198197,0.16168018018018018,0.0,0.0,0.4166666666666667,0.6745555555555556,60,0.55,2.352857142857143,4.84
661,fixed,low_snr,rule__rule__block_refine2,12,98,222000,5,115320,5,0,0,0,0,93,0.05102040816326531,0.5194594594594595,0.052083333333333336,0.9399594594594595,0.9399594594594597,0.010099620493358634,0.0,185000.0,0.0,0.9964722222222222,60,0.06666666666666667,2.352857142857143,4.84
661,fixed,low_snr,spike__current_guard8__block_refine2,12,98,222000,9,110360,9,0,0,0,0,89,0.09183673469387756,0.4971171171171171,0.09375,0.9346846846846847,0.9346846846846845,0.014045691260881133,5.5,158750.0,0.3333333333333333,0.9285555555555555,60,0.08333333333333333,2.352857142857143,4.84
661,fixed,low_snr,spike__current_periodic__block_refine2,12,98,222000,1,120280,1,0,0,0,0,97,0.01020408163265306,0.5418018018018018,0.010416666666666666,0.9459189189189189,0.9459189189189189,0.0018157964786857817,37.0,155000.0,0.0,0.9945833333333334,60,0.016666666666666666,2.352857142857143,4.84
661,fixed,low_snr,spike__lag_guard8__block_refine2,12,98,222000,10,109120,10,0,0,0,0,88,0.10204081632653061,0.4915315315315315,0.10416666666666667,0.9303783783783783,0.9303783783783782,0.018177669607544873,5.5,155416.66666666666,0.3333333333333333,0.9034444444444443,60,0.08333333333333333,2.352857142857143,4.84
661,fixed,low_snr,spike__lag_periodic__block_refine2,12,98,222000,5,115320,5,0,0,0,0,93,0.05102040816326531,0.5194594594594595,0.052083333333333336,0.9418693693693694,0.9418693693693695,0.006466909947922607,37.0,152500.0,0.25,0.9692222222222222,60,0.06666666666666667,2.352857142857143,4.84
661,fixed,low_snr,spike__refresh_guard8__block_refine2,12,98,222000,1,120280,1,0,0,0,0,97,0.01020408163265306,0.5418018018018018,0.010416666666666666,0.9455720720720721,0.9455720720720722,0.00203000798691667,14.416666666666666,159166.66666666666,0.0,0.9945,60,0.016666666666666666,2.352857142857143,4.84
661,fixed,low_snr,spike__rescue_guard8__block_refine2,12,98,222000,3,117800,3,0,0,0,0,95,0.030612244897959183,0.5306306306306307,0.03125,0.9436396396396396,0.9436396396396396,0.004864330774492665,14.416666666666666,167500.0,0.0,0.9964444444444446,60,0.03333333333333333,2.352857142857143,4.84
661,fixed,low_snr,spike__rescue_periodic__block_refine2,12,98,222000,3,117800,3,0,0,0,0,95,0.030612244897959183,0.5306306306306307,0.03125,0.9438828828828829,0.943882882882883,0.004721282820990234,37.0,163333.33333333334,0.0,0.9964166666666667,60,0.03333333333333333,2.352857142857143,4.84
661,fixed,nominal,analog_delta__current_guard8__block_refine2,12,97,222000,2,117800,1,1,1,0,0,95,0.020618556701030927,0.5306306306306307,0.020833333333333332,0.9455495495495495,0.9455495495495496,0.000609407731860598,6.0,130000.0,0.0,0.9949722222222223,60,0.0,2.428762886597938,4.9399999999999995
661,fixed,nominal,analog_delta__current_periodic__block_refine2,12,97,222000,2,117800,1,1,1,0,0,95,0.020618556701030927,0.5306306306306307,0.020833333333333332,0.9458108108108109,0.9458108108108108,0.00033326985336126454,37.0,120000.0,0.0,0.9949722222222223,60,0.0,2.428762886597938,4.9399999999999995
661,fixed,nominal,analog_delta__lag_guard8__block_refine2,12,97,222000,8,110360,7,1,1,0,1,89,0.08247422680412371,0.4971171171171171,0.08333333333333333,0.9375450450450451,0.937545045045045,0.007936129647283127,6.0,130000.0,0.08333333333333333,0.9536111111111113,60,0.1,2.428762886597938,4.9399999999999995
661,fixed,nominal,analog_delta__lag_periodic__block_refine2,12,97,222000,8,110360,7,1,1,0,1,89,0.08247422680412371,0.4971171171171171,0.08333333333333333,0.9378108108108109,0.9378108108108107,0.00765490943755958,37.0,120000.0,0.08333333333333333,0.9536111111111113,60,0.1,2.428762886597938,4.9399999999999995
661,fixed,nominal,analog_delta__refresh_guard8__block_refine2,12,97,222000,2,117800,1,1,1,0,0,95,0.020618556701030927,0.5306306306306307,0.020833333333333332,0.9458108108108109,0.9458108108108108,0.00033326985336126454,15.25,120000.0,0.0,0.9949722222222223,60,0.0,2.428762886597938,4.9399999999999995
661,fixed,nominal,analog_delta__rescue_guard8__block_refine2,12,97,222000,5,114080,4,1,1,0,0,92,0.05154639175257732,0.5138738738738738,0.052083333333333336,0.9416801801801802,0.9416801801801801,0.005494557771350282,15.25,140000.0,0.0,0.9964722222222222,60,0.03333333333333333,2.428762886597938,4.9399999999999995
661,fixed,nominal,analog_delta__rescue_periodic__block_refine2,12,97,222000,5,114080,4,1,1,0,0,92,0.05154639175257732,0.5138738738738738,0.052083333333333336,0.9416801801801802,0.9416801801801801,0.005494557771350282,37.0,140000.0,0.0,0.9964722222222222,60,0.03333333333333333,2.428762886597938,4.9399999999999995
661,fixed,nominal,raw__raw__block_refine2,12,97,222000,37,74400,37,0,0,0,0,60,0.38144329896907214,0.33513513513513515,0.38425925925925924,0.8736126126126126,0.8736126126126126,0.1263873873873874,0.0,0.0,0.08333333333333333,0.75325,60,0.43333333333333335,2.428762886597938,4.9399999999999995
661,fixed,nominal,rule__rule__block_refine2,12,97,222000,6,112840,6,0,0,0,0,91,0.061855670103092786,0.5082882882882883,0.0625,0.9349459459459459,0.9349459459459459,0.015379506641366223,0.0,185000.0,0.0,0.9967777777777777,60,0.06666666666666667,2.428762886597938,4.9399999999999995
661,fixed,nominal,spike__current_guard8__block_refine2,12,97,222000,7,111600,7,0,0,0,1,90,0.07216494845360824,0.5027027027027027,0.07291666666666667,0.9351711711711712,0.9351711711711711,0.01090063650569806,5.75,117083.33333333333,0.08333333333333333,0.9347222222222223,60,0.06666666666666667,2.428762886597938,4.9399999999999995
661,fixed,nominal,spike__current_periodic__block_refine2,12,97,222000,2,117800,1,1,1,0,0,95,0.020618556701030927,0.5306306306306307,0.020833333333333332,0.9458108108108109,0.9458108108108108,0.00033326985336126454,37.0,120000.0,0.0,0.9949722222222223,60,0.0,2.428762886597938,4.9399999999999995
661,fixed,nominal,spike__lag_guard8__block_refine2,12,97,222000,9,109120,9,0,0,0,0,88,0.09278350515463918,0.4915315315315315,0.09375,0.9288693693693694,0.9288693693693694,0.01850106617927043,5.75,117083.33333333333,0.08333333333333333,0.8941111111111111,60,0.1,2.428762886597938,4.9399999999999995
661,fixed,nominal,spike__lag_periodic__block_refine2,12,97,222000,8,110360,7,1,1,0,1,89,0.08247422680412371,0.4971171171171171,0.08333333333333333,0.9378108108108109,0.9378108108108107,0.00765490943755958,37.0,120000.0,0.08333333333333333,0.9536111111111113,60,0.1,2.428762886597938,4.9399999999999995
661,fixed,nominal,spike__refresh_guard8__block_refine2,12,97,222000,2,117800,1,1,1,0,0,95,0.020618556701030927,0.5306306306306307,0.020833333333333332,0.9458108108108109,0.9458108108108108,0.00033326985336126454,14.916666666666666,120000.0,0.0,0.9949722222222223,60,0.0,2.428762886597938,4.9399999999999995
661,fixed,nominal,spike__rescue_guard8__block_refine2,12,97,222000,5,114080,4,1,1,0,0,92,0.05154639175257732,0.5138738738738738,0.052083333333333336,0.9416801801801802,0.9416801801801801,0.005494557771350282,14.916666666666666,140000.0,0.0,0.9964722222222222,60,0.03333333333333333,2.428762886597938,4.9399999999999995
661,fixed,nominal,spike__rescue_periodic__block_refine2,12,97,222000,5,114080,4,1,1,0,0,92,0.05154639175257732,0.5138738738738738,0.052083333333333336,0.9416801801801802,0.9416801801801801,0.005494557771350282,37.0,140000.0,0.0,0.9964722222222222,60,0.03333333333333333,2.428762886597938,4.9399999999999995
661,fixed,short_dwell,analog_delta__current_guard8__block_refine2,12,43,114000,1,52080,1,0,0,0,0,42,0.023255813953488372,0.4568421052631579,0.027777777777777776,0.9504122807017544,0.9504122807017544,0.002256151466038014,3.0,74583.33333333333,0.08333333333333333,0.9908888888888887,43,0.023255813953488372,2.4211627906976743,4.52
661,fixed,short_dwell,analog_delta__current_periodic__block_refine2,12,43,114000,0,53320,0,0,0,0,0,43,0.0,0.46771929824561403,0.0,0.9461140350877193,0.9461140350877192,0.00037072393115656596,19.0,60000.0,0.0,0.9906111111111109,43,0.0,2.4211627906976743,4.52
661,fixed,short_dwell,analog_delta__lag_guard8__block_refine2,12,43,114000,4,48360,4,0,0,0,0,39,0.09302325581395349,0.4242105263157895,0.09027777777777778,0.9462456140350877,0.9462456140350878,0.009767202761254314,3.0,70000.0,0.3333333333333333,0.9525000000000001,43,0.09302325581395349,2.4211627906976743,4.52
661,fixed,short_dwell,analog_delta__lag_periodic__block_refine2,12,43,114000,3,49600,3,0,0,0,0,40,0.06976744186046512,0.43508771929824563,0.0625,0.9398596491228071,0.939859649122807,0.007337681589089831,19.0,60000.0,0.25,0.9522222222222223,43,0.06976744186046512,2.4211627906976743,4.52
661,fixed,short_dwell,analog_delta__refresh_guard8__block_refine2,12,43,114000,0,53320,0,0,0,0,0,43,0.0,0.46771929824561403,0.0,0.9461140350877193,0.9461140350877192,0.00037072393115656596,12.333333333333334,60000.0,0.0,0.9906111111111109,43,0.0,2.4211627906976743,4.52
661,fixed,short_dwell,analog_delta__rescue_guard8__block_refine2,12,43,114000,2,50840,2,0,0,0,0,41,0.046511627906976744,0.44596491228070173,0.041666666666666664,0.9421052631578948,0.9421052631578947,0.006852165228729159,12.333333333333334,80000.0,0.0,0.9941666666666668,43,0.046511627906976744,2.4211627906976743,4.52
661,fixed,short_dwell,analog_delta__rescue_periodic__block_refine2,12,43,114000,2,50840,2,0,0,0,0,41,0.046511627906976744,0.44596491228070173,0.041666666666666664,0.9421052631578948,0.9421052631578947,0.006852165228729159,19.0,80000.0,0.0,0.9941666666666668,43,0.046511627906976744,2.4211627906976743,4.52
661,fixed,short_dwell,raw__raw__block_refine2,12,43,114000,14,35960,14,0,0,0,0,29,0.32558139534883723,0.3154385964912281,0.3194444444444444,0.931061403508772,0.9310614035087722,0.06893859649122808,0.0,0.0,0.4166666666666667,0.8774444444444445,43,0.32558139534883723,2.4211627906976743,4.52
661,fixed,short_dwell,rule__rule__block_refine2,12,43,114000,2,50840,2,0,0,0,0,41,0.046511627906976744,0.44596491228070173,0.041666666666666664,0.9407192982456141,0.9407192982456141,0.009915432623065844,0.0,95000.0,0.0,0.9944444444444444,43,0.046511627906976744,2.4211627906976743,4.52
661,fixed,short_dwell,spike__current_guard8__block_refine2,12,43,114000,4,48360,4,0,0,0,0,39,0.09302325581395349,0.4242105263157895,0.09722222222222221,0.9574122807017544,0.9574122807017543,0.019397326241644506,3.1666666666666665,59583.333333333336,0.25,0.9517777777777777,43,0.09302325581395349,2.4211627906976743,4.52
661,fixed,short_dwell,spike__current_periodic__block_refine2,12,43,114000,0,53320,0,0,0,0,0,43,0.0,0.46771929824561403,0.0,0.9461140350877193,0.9461140350877192,0.00037072393115656596,19.0,59583.333333333336,0.0,0.9906111111111109,43,0.0,2.4211627906976743,4.52
661,fixed,short_dwell,spike__lag_guard8__block_refine2,12,43,114000,7,44640,7,0,0,0,0,36,0.16279069767441862,0.391578947368421,0.1597222222222222,0.9586929824561403,0.9586929824561404,0.027867715078630898,3.1666666666666665,54583.333333333336,0.4166666666666667,0.9265,43,0.16279069767441862,2.4211627906976743,4.52
661,fixed,short_dwell,spike__lag_periodic__block_refine2,12,43,114000,3,49600,3,0,0,0,0,40,0.06976744186046512,0.43508771929824563,0.0625,0.9398947368421052,0.9398947368421053,0.007300622591165135,19.0,59583.333333333336,0.25,0.9522222222222223,43,0.06976744186046512,2.4211627906976743,4.52
661,fixed,short_dwell,spike__refresh_guard8__block_refine2,12,43,114000,0,53320,0,0,0,0,0,43,0.0,0.46771929824561403,0.0,0.9461140350877193,0.9461140350877192,0.00037072393115656596,12.333333333333334,59583.333333333336,0.0,0.9906111111111109,43,0.0,2.4211627906976743,4.52
661,fixed,short_dwell,spike__rescue_guard8__block_refine2,12,43,114000,2,50840,2,0,0,0,0,41,0.046511627906976744,0.44596491228070173,0.041666666666666664,0.9421052631578948,0.9421052631578947,0.006852165228729159,12.333333333333334,80000.0,0.0,0.9941666666666668,43,0.046511627906976744,2.4211627906976743,4.52
661,fixed,short_dwell,spike__rescue_periodic__block_refine2,12,43,114000,2,50840,2,0,0,0,0,41,0.046511627906976744,0.44596491228070173,0.041666666666666664,0.9421052631578948,0.9421052631578947,0.006852165228729159,19.0,80000.0,0.0,0.9941666666666668,43,0.046511627906976744,2.4211627906976743,4.52
661,fixed,strong_pulse,analog_delta__current_guard8__block_refine2,12,97,222000,5,114080,4,1,1,0,0,92,0.05154639175257732,0.5138738738738738,0.05092592592592593,0.9335810810810811,0.9335810810810812,0.008766643709825528,5.833333333333333,125416.66666666667,0.0,0.9553333333333334,60,0.05,2.542886597938144,4.9399999999999995
661,fixed,strong_pulse,analog_delta__current_periodic__block_refine2,12,97,222000,2,117800,1,1,1,0,0,95,0.020618556701030927,0.5306306306306307,0.019675925925925927,0.9410990990990991,0.9410990990990991,0.0004018984919237541,37.0,120000.0,0.0,0.9950000000000001,60,0.0,2.542886597938144,4.9399999999999995
661,fixed,strong_pulse,analog_delta__lag_guard8__block_refine2,12,97,222000,11,106640,11,0,0,0,0,86,0.1134020618556701,0.48036036036036034,0.11226851851851853,0.9271306306306306,0.9271306306306305,0.015464755854890556,5.833333333333333,125416.66666666667,0.16666666666666666,0.9230000000000002,60,0.13333333333333333,2.542886597938144,4.9399999999999995
661,fixed,strong_pulse,analog_delta__lag_periodic__block_refine2,12,97,222000,10,107880,10,0,0,0,0,87,0.10309278350515463,0.4859459459459459,0.10185185185185186,0.9329774774774775,0.9329774774774776,0.0073566060884901465,37.0,120000.0,0.16666666666666666,0.9562777777777779,60,0.11666666666666667,2.542886597938144,4.9399999999999995
661,fixed,strong_pulse,analog_delta__refresh_guard8__block_refine2,12,97,222000,2,117800,1,1,1,0,0,95,0.020618556701030927,0.5306306306306307,0.019675925925925927,0.9410990990990991,0.9410990990990991,0.0004018984919237541,16.083333333333332,120000.0,0.0,0.9950000000000001,60,0.0,2.542886597938144,4.9399999999999995
661,fixed,strong_pulse,analog_delta__rescue_guard8__block_refine2,12,97,222000,11,106640,10,1,1,0,0,86,0.1134020618556701,0.48036036036036034,0.11342592592592593,0.9349414414414414,0.9349414414414413,0.009671539812199405,16.083333333333332,140000.0,0.0,0.9972500000000001,60,0.13333333333333333,2.542886597938144,4.9399999999999995
661,fixed,strong_pulse,analog_delta__rescue_periodic__block_refine2,12,97,222000,11,106640,10,1,1,0,0,86,0.1134020618556701,0.48036036036036034,0.11342592592592593,0.9349414414414414,0.9349414414414413,0.009671539812199405,37.0,140000.0,0.0,0.9972500000000001,60,0.13333333333333333,2.542886597938144,4.9399999999999995
661,fixed,strong_pulse,raw__raw__block_refine2,12,97,222000,44,65720,44,0,0,0,0,53,0.4536082474226804,0.296036036036036,0.4525462962962963,0.8780810810810811,0.878081081081081,0.12191891891891891,0.0,0.0,0.16666666666666666,0.7682222222222223,60,0.5666666666666667,2.542886597938144,4.9399999999999995
661,fixed,strong_pulse,rule__rule__block_refine2,12,97,222000,14,102920,14,0,0,0,0,83,0.14432989690721648,0.4636036036036036,0.14351851851851852,0.9241396396396396,0.9241396396396396,0.028050975933295433,0.0,185000.0,0.0,0.9979444444444444,60,0.18333333333333332,2.542886597938144,4.9399999999999995
661,fixed,strong_pulse,spike__current_guard8__block_refine2,12,97,222000,11,106640,10,1,1,0,0,86,0.1134020618556701,0.48036036036036034,0.1111111111111111,0.9240765765765766,0.9240765765765766,0.020095341816653293,6.083333333333333,107500.0,0.08333333333333333,0.8913333333333334,60,0.11666666666666667,2.542886597938144,4.9399999999999995
661,fixed,strong_pulse,spike__current_periodic__block_refine2,12,97,222000,2,117800,1,1,1,0,0,95,0.020618556701030927,0.5306306306306307,0.019675925925925927,0.9410990990990991,0.9410990990990991,0.0004018984919237541,37.0,120000.0,0.0,0.9950000000000001,60,0.0,2.542886597938144,4.9399999999999995
661,fixed,strong_pulse,spike__lag_guard8__block_refine2,12,97,222000,15,101680,15,0,0,0,0,82,0.15463917525773196,0.458018018018018,0.1539351851851852,0.9192072072072072,0.9192072072072072,0.027340324118207818,6.083333333333333,107500.0,0.16666666666666666,0.8592222222222222,60,0.18333333333333332,2.542886597938144,4.9399999999999995
661,fixed,strong_pulse,spike__lag_periodic__block_refine2,12,97,222000,10,107880,10,0,0,0,0,87,0.10309278350515463,0.4859459459459459,0.10185185185185186,0.9329774774774775,0.9329774774774776,0.0073566060884901465,37.0,120000.0,0.16666666666666666,0.9562777777777779,60,0.11666666666666667,2.542886597938144,4.9399999999999995
661,fixed,strong_pulse,spike__refresh_guard8__block_refine2,12,97,222000,2,117800,1,1,1,0,0,95,0.020618556701030927,0.5306306306306307,0.019675925925925927,0.9410990990990991,0.9410990990990991,0.0004018984919237541,15.5,120000.0,0.0,0.9950000000000001,60,0.0,2.542886597938144,4.9399999999999995
661,fixed,strong_pulse,spike__rescue_guard8__block_refine2,12,97,222000,11,106640,10,1,1,0,0,86,0.1134020618556701,0.48036036036036034,0.11342592592592593,0.9349414414414414,0.9349414414414413,0.009671539812199405,15.5,140000.0,0.0,0.9972500000000001,60,0.13333333333333333,2.542886597938144,4.9399999999999995
661,fixed,strong_pulse,spike__rescue_periodic__block_refine2,12,97,222000,11,106640,10,1,1,0,0,86,0.1134020618556701,0.48036036036036034,0.11342592592592593,0.9349414414414414,0.9349414414414413,0.009671539812199405,37.0,140000.0,0.0,0.9972500000000001,60,0.13333333333333333,2.542886597938144,4.9399999999999995
661,random,clean,analog_delta__current_guard8__block_refine2,12,97,223000,0,120280,0,0,0,0,0,97,0.0,0.539372197309417,0.0,1.0,1.0,0.0,5.0,0.0,0.0,,0,,2.5709278350515463,4.9399999999999995
661,random,clean,analog_delta__current_periodic__block_refine2,12,97,223000,0,120280,0,0,0,0,0,97,0.0,0.539372197309417,0.0,1.0,1.0,0.0,37.166666666666664,0.0,0.0,,0,,2.5709278350515463,4.9399999999999995
661,random,clean,analog_delta__lag_guard8__block_refine2,12,97,223000,0,120280,0,0,0,0,0,97,0.0,0.539372197309417,0.0,1.0,1.0,0.0,5.0,0.0,0.0,,0,,2.5709278350515463,4.9399999999999995
661,random,clean,analog_delta__lag_periodic__block_refine2,12,97,223000,0,120280,0,0,0,0,0,97,0.0,0.539372197309417,0.0,1.0,1.0,0.0,37.166666666666664,0.0,0.0,,0,,2.5709278350515463,4.9399999999999995
661,random,clean,analog_delta__refresh_guard8__block_refine2,12,97,223000,0,120280,0,0,0,0,0,97,0.0,0.539372197309417,0.0,1.0,1.0,0.0,6.0,0.0,0.0,,0,,2.5709278350515463,4.9399999999999995
661,random,clean,analog_delta__rescue_guard8__block_refine2,12,97,223000,0,120280,0,0,0,0,0,97,0.0,0.539372197309417,0.0,1.0,1.0,0.0,6.0,10000.0,0.0,,0,,2.5709278350515463,4.9399999999999995
661,random,clean,analog_delta__rescue_periodic__block_refine2,12,97,223000,0,120280,0,0,0,0,0,97,0.0,0.539372197309417,0.0,1.0,1.0,0.0,37.166666666666664,10000.0,0.0,,0,,2.5709278350515463,4.9399999999999995
661,random,clean,raw__raw__block_refine2,12,97,223000,0,120280,0,0,0,0,0,97,0.0,0.539372197309417,0.0,1.0,1.0,0.0,0.0,0.0,0.0,,0,,2.5709278350515463,4.9399999999999995
661,random,clean,rule__rule__block_refine2,12,97,223000,0,120280,0,0,0,0,0,97,0.0,0.539372197309417,0.0,1.0,1.0,0.0,0.0,185833.33333333334,0.0,,0,,2.5709278350515463,4.9399999999999995
661,random,clean,spike__current_guard8__block_refine2,12,97,223000,0,120280,0,0,0,0,0,97,0.0,0.539372197309417,0.0,1.0,1.0,0.0,6.333333333333333,0.0,0.0,,0,,2.5709278350515463,4.9399999999999995
661,random,clean,spike__current_periodic__block_refine2,12,97,223000,0,120280,0,0,0,0,0,97,0.0,0.539372197309417,0.0,0.9999955156950673,0.9999953703703705,4.484304932735426e-06,37.166666666666664,416.6666666666667,0.0,,0,,2.5709278350515463,4.9399999999999995
661,random,clean,spike__lag_guard8__block_refine2,12,97,223000,0,120280,0,0,0,0,0,97,0.0,0.539372197309417,0.0,1.0,1.0,0.0,6.333333333333333,0.0,0.0,,0,,2.5709278350515463,4.9399999999999995
661,random,clean,spike__lag_periodic__block_refine2,12,97,223000,0,120280,0,0,0,0,0,97,0.0,0.539372197309417,0.0,0.9999686098654709,0.9999675925925926,3.139013452914798e-05,37.166666666666664,416.6666666666667,0.0,,0,,2.5709278350515463,4.9399999999999995
661,random,clean,spike__refresh_guard8__block_refine2,12,97,223000,0,120280,0,0,0,0,0,97,0.0,0.539372197309417,0.0,1.0,1.0,0.0,7.166666666666667,0.0,0.0,,0,,2.5709278350515463,4.9399999999999995
661,random,clean,spike__rescue_guard8__block_refine2,12,97,223000,0,120280,0,0,0,0,0,97,0.0,0.539372197309417,0.0,1.0,1.0,0.0,7.166666666666667,10000.0,0.0,,0,,2.5709278350515463,4.9399999999999995
661,random,clean,spike__rescue_periodic__block_refine2,12,97,223000,0,120280,0,0,0,0,0,97,0.0,0.539372197309417,0.0,0.9999955156950673,0.9999953703703705,4.484304932735426e-06,37.166666666666664,10416.666666666666,0.0,,0,,2.5709278350515463,4.9399999999999995
661,random,high_duty,analog_delta__current_guard8__block_refine2,12,93,217000,18,93000,18,0,0,0,5,75,0.1935483870967742,0.42857142857142855,0.19262566137566137,0.926442396313364,0.9260255012731458,0.010250098463962189,6.416666666666667,125833.33333333333,0.16666666666666666,0.9615029265559526,60,0.2,2.8023655913978494,4.98
661,random,high_duty,analog_delta__current_periodic__block_refine2,12,93,217000,16,95480,16,0,0,0,4,77,0.17204301075268819,0.44,0.1703042328042328,0.9266866359447005,0.9263278879483976,0.009716148603395973,36.166666666666664,112916.66666666667,0.0,0.9624950472060579,60,0.16666666666666666,2.8023655913978494,4.98
661,random,high_duty,analog_delta__lag_guard8__block_refine2,12,93,217000,18,93000,18,0,0,0,5,75,0.1935483870967742,0.42857142857142855,0.19262566137566137,0.9316405529953917,0.9312836042850505,0.010658497435696669,6.25,127500.0,0.16666666666666666,0.99089054061617,60,0.2,2.8023655913978494,4.98
661,random,high_duty,analog_delta__lag_periodic__block_refine2,12,93,217000,18,93000,17,1,1,0,4,75,0.1935483870967742,0.42857142857142855,0.19262566137566137,0.9325898617511521,0.9322605693502696,0.010425223956499629,36.166666666666664,112916.66666666667,0.16666666666666666,0.99089054061617,60,0.2,2.8023655913978494,4.98
661,random,high_duty,analog_delta__refresh_guard8__block_refine2,12,93,217000,16,95480,16,0,0,0,5,77,0.17204301075268819,0.44,0.1703042328042328,0.9256589861751152,0.9252660468264945,0.009565697605617136,12.583333333333334,114166.66666666667,0.0,0.9624950472060579,60,0.16666666666666666,2.8023655913978494,4.98
661,random,high_duty,analog_delta__rescue_guard8__block_refine2,12,93,217000,16,95480,15,1,1,0,4,77,0.17204301075268819,0.44,0.1703042328042328,0.927221198156682,0.9267692182816916,0.010470354487154266,12.583333333333334,141250.0,0.0,0.9641407184017375,60,0.16666666666666666,2.8023655913978494,4.98
661,random,high_duty,analog_delta__rescue_periodic__block_refine2,12,93,217000,16,95480,16,0,0,0,3,77,0.17204301075268819,0.44,0.1703042328042328,0.928221198156682,0.9278063379090589,0.010609871109713927,36.166666666666664,140000.0,0.0,0.9641407184017375,60,0.16666666666666666,2.8023655913978494,4.98
661,random,high_duty,raw__raw__block_refine2,12,93,217000,33,74400,33,0,0,0,0,60,0.3548387096774194,0.34285714285714286,0.3551587301587302,0.9585023041474654,0.9588860561913028,0.041497695852534565,0.0,0.0,0.16666666666666666,0.9671334354459172,60,0.4,2.8023655913978494,4.98
661,random,high_duty,rule__rule__block_refine2,12,93,217000,16,95480,16,0,0,0,4,77,0.17204301075268819,0.44,0.1703042328042328,0.9274331797235023,0.9270161005990185,0.01265257663173594,0.0,180833.33333333334,0.0,0.9641407184017375,60,0.16666666666666666,2.8023655913978494,4.98
661,random,high_duty,spike__current_guard8__block_refine2,12,93,217000,21,89280,21,0,0,0,4,72,0.22580645161290322,0.4114285714285714,0.22685185185185186,0.9282027649769585,0.9276188357152395,0.015003325378506318,6.666666666666667,109583.33333333333,0.16666666666666666,0.9671082486747814,60,0.23333333333333334,2.8023655913978494,4.98
661,random,high_duty,spike__current_periodic__block_refine2,12,93,217000,16,95480,16,0,0,0,3,77,0.17204301075268819,0.44,0.1703042328042328,0.9298110599078341,0.9295691158619165,0.010819900380436915,36.166666666666664,110416.66666666667,0.0,0.9631676326244061,60,0.16666666666666666,2.8023655913978494,4.98
661,random,high_duty,spike__lag_guard8__block_refine2,12,93,217000,20,90520,20,0,0,0,4,73,0.21505376344086022,0.41714285714285715,0.21345899470899474,0.9388571428571428,0.9386000095192032,0.012620192307692308,6.583333333333333,114583.33333333333,0.16666666666666666,0.9888831029339294,60,0.23333333333333334,2.8023655913978494,4.98
661,random,high_duty,spike__lag_periodic__block_refine2,12,93,217000,18,93000,18,0,0,0,3,75,0.1935483870967742,0.42857142857142855,0.19262566137566137,0.9352304147465438,0.9349779587667203,0.011490277831898063,36.166666666666664,110416.66666666667,0.16666666666666666,0.99089054061617,60,0.2,2.8023655913978494,4.98
661,random,high_duty,spike__refresh_guard8__block_refine2,12,93,217000,16,95480,16,0,0,0,5,77,0.17204301075268819,0.44,0.1703042328042328,0.9258433179723502,0.9254783402430923,0.009563811326707682,13.166666666666666,112916.66666666667,0.0,0.9631676326244061,60,0.16666666666666666,2.8023655913978494,4.98
661,random,high_duty,spike__rescue_guard8__block_refine2,12,93,217000,16,95480,15,1,1,0,4,77,0.17204301075268819,0.44,0.1703042328042328,0.9274101382488479,0.9269673079680166,0.01046337817638266,13.166666666666666,140833.33333333334,0.0,0.9648133038200856,60,0.16666666666666666,2.8023655913978494,4.98
661,random,high_duty,spike__rescue_periodic__block_refine2,12,93,217000,16,95480,16,0,0,0,2,77,0.17204301075268819,0.44,0.1703042328042328,0.9311658986175115,0.9308592167941359,0.011704229760926556,36.166666666666664,138333.33333333334,0.0,0.9648133038200856,60,0.16666666666666666,2.8023655913978494,4.98
661,random,low_snr,analog_delta__current_guard8__block_refine2,12,96,220500,6,111600,6,0,0,0,3,90,0.0625,0.5061224489795918,0.06398809523809523,0.9302222222222222,0.9299968418034208,0.0035463749247002583,6.333333333333333,126666.66666666667,0.0,0.9869453542817207,60,0.05,2.4595833333333332,4.96
661,random,low_snr,analog_delta__current_periodic__block_refine2,12,96,220500,7,110360,7,0,0,0,3,89,0.07291666666666667,0.500498866213152,0.0744047619047619,0.9325804988662132,0.9323607434719277,0.0034988078854019267,36.75,115416.66666666667,0.0,0.9878501678901174,60,0.06666666666666667,2.4595833333333332,4.96
661,random,low_snr,analog_delta__lag_guard8__block_refine2,12,96,220500,7,110360,7,0,0,0,3,89,0.07291666666666667,0.500498866213152,0.0744047619047619,0.9289931972789116,0.9287755572643729,0.0043598716827063285,6.083333333333333,126666.66666666667,0.08333333333333333,0.9798551182946006,60,0.06666666666666667,2.4595833333333332,4.96
661,random,low_snr,analog_delta__lag_periodic__block_refine2,12,96,220500,7,110360,7,0,0,0,3,89,0.07291666666666667,0.500498866213152,0.0744047619047619,0.9296643990929705,0.9294418671241041,0.003640517157577525,36.75,115416.66666666667,0.08333333333333333,0.9798551182946006,60,0.06666666666666667,2.4595833333333332,4.96
661,random,low_snr,analog_delta__refresh_guard8__block_refine2,12,96,220500,7,110360,7,0,0,0,3,89,0.07291666666666667,0.500498866213152,0.0744047619047619,0.9325578231292517,0.9323423936443672,0.0034457691189299215,12.0,115833.33333333333,0.0,0.9878501678901174,60,0.06666666666666667,2.4595833333333332,4.96
661,random,low_snr,analog_delta__rescue_guard8__block_refine2,12,96,220500,5,112840,5,0,0,0,3,91,0.052083333333333336,0.5117460317460317,0.05357142857142857,0.9312108843537414,0.9310350496968917,0.000973084483194831,12.0,142916.66666666666,0.0,0.9908731206707428,60,0.03333333333333333,2.4595833333333332,4.96
661,random,low_snr,analog_delta__rescue_periodic__block_refine2,12,96,220500,4,114080,4,0,0,0,3,92,0.041666666666666664,0.5173696145124717,0.0431547619047619,0.9311791383219955,0.9309996610115031,0.0010460251046025104,36.75,142500.0,0.0,0.9908731206707428,60,0.016666666666666666,2.4595833333333332,4.96
661,random,low_snr,raw__raw__block_refine2,12,96,220500,36,74400,36,0,0,0,0,60,0.375,0.33741496598639453,0.3786375661375661,0.9493605442176871,0.9487979744670533,0.05063945578231292,0.0,0.0,0.08333333333333333,0.9414956586052278,60,0.36666666666666664,2.4595833333333332,4.96
661,random,low_snr,rule__rule__block_refine2,12,96,220500,5,112840,5,0,0,0,3,91,0.052083333333333336,0.5117460317460317,0.05357142857142857,0.9323083900226757,0.9320975590686117,0.0011563951567449906,0.0,183750.0,0.0,0.9907303488129874,60,0.03333333333333333,2.4595833333333332,4.96
661,random,low_snr,spike__current_guard8__block_refine2,12,96,220500,7,110360,7,0,0,0,3,89,0.07291666666666667,0.500498866213152,0.07589285714285714,0.9308117913832199,0.9305895307178201,0.00396001164709308,5.75,123750.0,0.0,0.9829193338435577,60,0.05,2.4595833333333332,4.96
661,random,low_snr,spike__current_periodic__block_refine2,12,96,220500,8,109120,8,0,0,0,2,88,0.08333333333333333,0.494875283446712,0.08482142857142856,0.9354467120181406,0.9350951820596558,0.006253492898575861,36.75,115833.33333333333,0.08333333333333333,0.9880004062331283,60,0.08333333333333333,2.4595833333333332,4.96
661,random,low_snr,spike__lag_guard8__block_refine2,12,96,220500,8,109120,8,0,0,0,3,88,0.08333333333333333,0.494875283446712,0.0863095238095238,0.9286621315192743,0.928405414030414,0.00560400924612964,5.583333333333333,123333.33333333333,0.08333333333333333,0.9714689757586967,60,0.06666666666666667,2.4595833333333332,4.96
661,random,low_snr,spike__lag_periodic__block_refine2,12,96,220500,9,107880,9,0,0,0,2,87,0.09375,0.48925170068027213,0.09523809523809523,0.9317052154195011,0.9313548540397224,0.006398599369329284,36.75,115416.66666666667,0.08333333333333333,0.9803701486356826,60,0.1,2.4595833333333332,4.96
661,random,low_snr,spike__refresh_guard8__block_refine2,12,96,220500,7,110360,7,0,0,0,2,89,0.07291666666666667,0.500498866213152,0.0744047619047619,0.9362675736961451,0.9358910853522695,0.006606678856702916,11.916666666666666,118750.0,0.0,0.9880788825679317,60,0.06666666666666667,2.4595833333333332,4.96
661,random,low_snr,spike__rescue_guard8__block_refine2,12,96,220500,5,112840,5,0,0,0,2,91,0.052083333333333336,0.5117460317460317,0.05357142857142857,0.9339410430839002,0.9336621347706872,0.0030112899165359516,11.916666666666666,146250.0,0.0,0.9908731206707428,60,0.03333333333333333,2.4595833333333332,4.96
661,random,low_snr,spike__rescue_periodic__block_refine2,12,96,220500,5,112840,5,0,0,0,2,91,0.052083333333333336,0.5117460317460317,0.05357142857142857,0.9334013605442177,0.9331317076685496,0.0026603477350700703,36.75,143333.33333333334,0.0,0.9908731206707428,60,0.03333333333333333,2.4595833333333332,4.96
661,random,nominal,analog_delta__current_guard8__block_refine2,12,98,225500,7,112840,7,0,0,0,5,91,0.07142857142857142,0.5003991130820399,0.07787698412698411,0.9366962305986696,0.9363447795531569,0.0022814442534056342,6.416666666666667,126250.0,0.08333333333333333,0.9665172922406026,60,0.08333333333333333,2.4817346938775513,4.96
661,random,nominal,analog_delta__current_periodic__block_refine2,12,98,225500,6,114080,6,0,0,0,5,92,0.061224489795918366,0.5058980044345898,0.06746031746031746,0.9352372505543237,0.9348146825027066,0.0012691557273020022,37.583333333333336,119583.33333333333,0.0,0.9622287432349563,60,0.06666666666666667,2.4817346938775513,4.96
661,random,nominal,analog_delta__lag_guard8__block_refine2,12,98,225500,10,109120,10,0,0,0,5,88,0.10204081632653061,0.48390243902439023,0.11061507936507936,0.9375521064301552,0.9372571644258327,0.004454615659904692,6.416666666666667,129583.33333333333,0.25,0.9763200833603168,60,0.11666666666666667,2.4817346938775513,4.96
661,random,nominal,analog_delta__lag_periodic__block_refine2,12,98,225500,9,110360,9,0,0,0,5,89,0.09183673469387756,0.4894013303769401,0.10019841269841269,0.9385543237250554,0.9382341474148221,0.0037281816641247245,37.583333333333336,119583.33333333333,0.25,0.9797558654692624,60,0.11666666666666667,2.4817346938775513,4.96
661,random,nominal,analog_delta__refresh_guard8__block_refine2,12,98,225500,6,114080,6,0,0,0,5,92,0.061224489795918366,0.5058980044345898,0.06746031746031746,0.9351219512195122,0.9347064203944445,0.0012787723785166241,12.416666666666666,120416.66666666667,0.0,0.9622287432349563,60,0.06666666666666667,2.4817346938775513,4.96
661,random,nominal,analog_delta__rescue_guard8__block_refine2,12,98,225500,7,112840,6,1,1,0,4,91,0.07142857142857142,0.5003991130820399,0.07936507936507936,0.9336407982261641,0.9331221587529742,0.0033515744825888547,12.416666666666666,147500.0,0.0,0.9654847783534138,60,0.08333333333333333,2.4817346938775513,4.96
661,random,nominal,analog_delta__rescue_periodic__block_refine2,12,98,225500,7,112840,6,1,1,0,4,91,0.07142857142857142,0.5003991130820399,0.07936507936507936,0.9337516629711752,0.9332301868360023,0.0033464604199405492,37.583333333333336,146666.66666666666,0.0,0.9654847783534138,60,0.08333333333333333,2.4817346938775513,4.96
661,random,nominal,raw__raw__block_refine2,12,98,225500,31,83080,31,0,0,0,0,67,0.3163265306122449,0.36842572062084256,0.32341269841269843,0.9436053215077606,0.9427243795530539,0.05639467849223947,0.0,0.0,0.25,0.9225729145647286,60,0.35,2.4817346938775513,4.96
661,random,nominal,rule__rule__block_refine2,12,98,225500,8,111600,6,2,2,0,1,90,0.08163265306122448,0.49490022172949,0.08978174603174603,0.9306075388026608,0.9301446917626727,0.009178643600445712,0.0,187916.66666666666,0.0,0.9647651868956607,60,0.1,2.4817346938775513,4.96
661,random,nominal,spike__current_guard8__block_refine2,12,98,225500,10,109120,10,0,0,0,5,88,0.10204081632653061,0.48390243902439023,0.11359126984126984,0.9302172949002218,0.929210779492351,0.008508063753757728,6.583333333333333,124583.33333333333,0.16666666666666666,0.9370646892214114,60,0.11666666666666667,2.4817346938775513,4.96
661,random,nominal,spike__current_periodic__block_refine2,12,98,225500,6,114080,6,0,0,0,5,92,0.061224489795918366,0.5058980044345898,0.06746031746031746,0.9341640798226164,0.9336584690759445,0.0013179602905201676,37.583333333333336,119583.33333333333,0.0,0.9618425793870177,60,0.06666666666666667,2.4817346938775513,4.96
661,random,nominal,spike__lag_guard8__block_refine2,12,98,225500,11,107880,11,0,0,0,5,87,0.11224489795918367,0.47840354767184035,0.12400793650793651,0.9327671840354768,0.9318642932258756,0.01039294653442987,6.583333333333333,124583.33333333333,0.25,0.9516255158551274,60,0.13333333333333333,2.4817346938775513,4.96
661,random,nominal,spike__lag_periodic__block_refine2,12,98,225500,9,110360,9,0,0,0,5,89,0.09183673469387756,0.4894013303769401,0.10019841269841269,0.9380665188470066,0.9376819040848706,0.003833330193832765,37.583333333333336,119583.33333333333,0.25,0.979448756241928,60,0.11666666666666667,2.4817346938775513,4.96
661,random,nominal,spike__refresh_guard8__block_refine2,12,98,225500,7,112840,7,0,0,0,5,91,0.07142857142857142,0.5003991130820399,0.07936507936507936,0.935059866962306,0.9346217457553582,0.0013450790944397083,12.833333333333334,120000.0,0.0,0.961610453110323,60,0.08333333333333333,2.4817346938775513,4.96
661,random,nominal,spike__rescue_guard8__block_refine2,12,98,225500,7,112840,7,0,0,0,5,91,0.07142857142857142,0.5003991130820399,0.07936507936507936,0.9342305986696231,0.9337495845951059,0.0034767554067094285,12.833333333333334,147500.0,0.0,0.9651133763107026,60,0.08333333333333333,2.4817346938775513,4.96
661,random,nominal,spike__rescue_periodic__block_refine2,12,98,225500,7,112840,7,0,0,0,5,91,0.07142857142857142,0.5003991130820399,0.07936507936507936,0.9332594235033259,0.9326990010995125,0.0034567667392745526,37.583333333333336,147083.33333333334,0.0,0.9652990773320583,60,0.08333333333333333,2.4817346938775513,4.96
661,random,short_dwell,analog_delta__current_guard8__block_refine2,12,43,110000,1,52080,1,0,0,0,0,42,0.023255813953488372,0.47345454545454546,0.020833333333333332,0.9272181818181818,0.9267116643733516,0.003526940550046407,4.0,68333.33333333333,0.08333333333333333,0.907427974037193,43,0.023255813953488372,2.490697674418605,4.97
661,random,short_dwell,analog_delta__current_periodic__block_refine2,12,43,110000,1,52080,1,0,0,0,0,42,0.023255813953488372,0.47345454545454546,0.020833333333333332,0.9241909090909091,0.9237448228414173,0.0023454367026496566,18.333333333333332,52500.0,0.08333333333333333,0.9008710613482505,43,0.023255813953488372,2.490697674418605,4.97
661,random,short_dwell,analog_delta__lag_guard8__block_refine2,12,43,110000,2,50840,2,0,0,0,0,41,0.046511627906976744,0.4621818181818182,0.041666666666666664,0.9377545454545455,0.9373722537553034,0.0054282849319295,4.0,63333.333333333336,0.08333333333333333,0.9713560932743648,43,0.046511627906976744,2.490697674418605,4.97
661,random,short_dwell,analog_delta__lag_periodic__block_refine2,12,43,110000,2,50840,2,0,0,0,0,41,0.046511627906976744,0.4621818181818182,0.041666666666666664,0.9361727272727273,0.9359316506134618,0.004456689868522815,18.333333333333332,52500.0,0.08333333333333333,0.9704925354159882,43,0.046511627906976744,2.490697674418605,4.97
661,random,short_dwell,analog_delta__refresh_guard8__block_refine2,12,43,110000,1,52080,1,0,0,0,0,42,0.023255813953488372,0.47345454545454546,0.020833333333333332,0.9235363636363636,0.9231459838321294,0.0020334787221501826,11.75,54583.333333333336,0.08333333333333333,0.9008710613482505,43,0.023255813953488372,2.490697674418605,4.97
661,random,short_dwell,analog_delta__rescue_guard8__block_refine2,12,43,110000,1,52080,1,0,0,0,0,42,0.023255813953488372,0.47345454545454546,0.020833333333333332,0.9277454545454545,0.9276029297098957,0.003077163539031133,11.75,83750.0,0.0,0.9290189350203254,43,0.023255813953488372,2.490697674418605,4.97
661,random,short_dwell,analog_delta__rescue_periodic__block_refine2,12,43,110000,1,52080,1,0,0,0,0,42,0.023255813953488372,0.47345454545454546,0.020833333333333332,0.9282636363636364,0.9280701897718152,0.0033770923820213754,18.333333333333332,81666.66666666667,0.0,0.9290189350203254,43,0.023255813953488372,2.490697674418605,4.97
661,random,short_dwell,raw__raw__block_refine2,12,43,110000,11,39680,11,0,0,0,0,32,0.2558139534883721,0.36072727272727273,0.2638888888888889,0.9695272727272727,0.9697874842334594,0.030472727272727273,0.0,0.0,0.25,0.9613587062951234,43,0.2558139534883721,2.490697674418605,4.97
661,random,short_dwell,rule__rule__block_refine2,12,43,110000,1,52080,1,0,0,0,0,42,0.023255813953488372,0.47345454545454546,0.020833333333333332,0.9272727272727272,0.9271532966402937,0.004674128358005055,0.0,91666.66666666667,0.0,0.9289736183646052,43,0.023255813953488372,2.490697674418605,4.97
661,random,short_dwell,spike__current_guard8__block_refine2,12,43,110000,3,49600,3,0,0,0,0,40,0.06976744186046512,0.4509090909090909,0.06944444444444443,0.9415636363636364,0.9416930999885333,0.007721933740826611,3.9166666666666665,53333.333333333336,0.08333333333333333,0.9545566373904083,43,0.06976744186046512,2.490697674418605,4.97
661,random,short_dwell,spike__current_periodic__block_refine2,12,43,110000,1,52080,1,0,0,0,0,42,0.023255813953488372,0.47345454545454546,0.020833333333333332,0.9216545454545455,0.9212545149638802,0.002577623863681083,18.333333333333332,52083.333333333336,0.08333333333333333,0.8997475638077767,43,0.023255813953488372,2.490697674418605,4.97
661,random,short_dwell,spike__lag_guard8__block_refine2,12,43,110000,3,49600,3,0,0,0,0,40,0.06976744186046512,0.4509090909090909,0.0625,0.9471636363636363,0.9474691663800022,0.010268930074380872,3.8333333333333335,52500.0,0.08333333333333333,0.9735324411895924,43,0.06976744186046512,2.490697674418605,4.97
661,random,short_dwell,spike__lag_periodic__block_refine2,12,43,110000,2,50840,2,0,0,0,0,41,0.046511627906976744,0.4621818181818182,0.041666666666666664,0.9337090909090909,0.9334628052975575,0.0051723135933050505,18.333333333333332,52083.333333333336,0.08333333333333333,0.9720260295338563,43,0.046511627906976744,2.490697674418605,4.97
661,random,short_dwell,spike__refresh_guard8__block_refine2,12,43,110000,1,52080,1,0,0,0,0,42,0.023255813953488372,0.47345454545454546,0.020833333333333332,0.9205454545454546,0.9201657636738906,0.0025217699672957956,11.666666666666666,52916.666666666664,0.08333333333333333,0.8997475638077767,43,0.023255813953488372,2.490697674418605,4.97
661,random,short_dwell,spike__rescue_guard8__block_refine2,12,43,110000,1,52080,1,0,0,0,0,42,0.023255813953488372,0.47345454545454546,0.020833333333333332,0.9261545454545455,0.9260231796812293,0.003306755368585824,11.666666666666666,82500.0,0.0,0.9290189350203254,43,0.023255813953488372,2.490697674418605,4.97
661,random,short_dwell,spike__rescue_periodic__block_refine2,12,43,110000,1,52080,1,0,0,0,0,42,0.023255813953488372,0.47345454545454546,0.020833333333333332,0.927409090909091,0.9272605377823644,0.0033607206010218935,18.333333333333332,81666.66666666667,0.0,0.9290189350203254,43,0.023255813953488372,2.490697674418605,4.97
661,random,strong_pulse,analog_delta__current_guard8__block_refine2,12,92,216500,10,101680,9,1,1,0,5,82,0.10869565217391304,0.46965357967667437,0.10863095238095238,0.9242078521939954,0.9245442643162846,0.005926948987500249,6.5,129166.66666666667,0.08333333333333333,0.9743529844042507,60,0.1,2.9002173913043476,4.930000000000001
661,random,strong_pulse,analog_delta__current_periodic__block_refine2,12,92,216500,8,104160,7,1,1,0,5,84,0.08695652173913043,0.481108545034642,0.08779761904761905,0.9221062355658198,0.9223295385666517,0.004666653371357916,36.083333333333336,116250.0,0.0,0.9777400378598343,60,0.06666666666666667,2.9002173913043476,4.930000000000001
661,random,strong_pulse,analog_delta__lag_guard8__block_refine2,12,92,216500,10,101680,10,0,0,0,5,82,0.10869565217391304,0.46965357967667437,0.10863095238095238,0.9272933025404158,0.9275895200264395,0.006281307541528897,6.583333333333333,127083.33333333333,0.08333333333333333,0.9866784882883172,60,0.1,2.9002173913043476,4.930000000000001
661,random,strong_pulse,analog_delta__lag_periodic__block_refine2,12,92,216500,9,102920,8,1,1,0,5,83,0.09782608695652174,0.4753810623556582,0.09821428571428571,0.9259076212471131,0.9261406056819758,0.0046920617266787154,36.083333333333336,116250.0,0.08333333333333333,0.9871000290196902,60,0.08333333333333333,2.9002173913043476,4.930000000000001
661,random,strong_pulse,analog_delta__refresh_guard8__block_refine2,12,92,216500,9,102920,8,1,1,0,5,83,0.09782608695652174,0.4753810623556582,0.09821428571428571,0.9233302540415704,0.9235720963333965,0.00362362182746177,14.083333333333334,117916.66666666667,0.0,0.9770813804670638,60,0.08333333333333333,2.9002173913043476,4.930000000000001
661,random,strong_pulse,analog_delta__rescue_guard8__block_refine2,12,92,216500,9,102920,9,0,0,0,5,83,0.09782608695652174,0.4753810623556582,0.09821428571428571,0.9252332563510393,0.9255712704079578,0.004665792141196112,14.083333333333334,145416.66666666666,0.0,0.9775390100203586,60,0.06666666666666667,2.9002173913043476,4.930000000000001
661,random,strong_pulse,analog_delta__rescue_periodic__block_refine2,12,92,216500,7,105400,7,0,0,0,5,85,0.07608695652173914,0.4868360277136259,0.07738095238095238,0.9242170900692841,0.9245489157224451,0.005758948979389025,36.083333333333336,143750.0,0.0,0.9780659359345751,60,0.05,2.9002173913043476,4.930000000000001
661,random,strong_pulse,raw__raw__block_refine2,12,92,216500,36,69440,36,0,0,0,0,56,0.391304347826087,0.3207390300230947,0.3839285714285714,0.9436304849884527,0.9457906561360122,0.05636951501154734,0.0,0.0,0.08333333333333333,0.9571811482390902,60,0.38333333333333336,2.9002173913043476,4.930000000000001
661,random,strong_pulse,rule__rule__block_refine2,12,92,216500,9,102920,8,1,1,0,3,83,0.09782608695652174,0.4753810623556582,0.09523809523809523,0.9283418013856813,0.9289567204477809,0.007711752276003713,0.0,180416.66666666666,0.0,0.9778379850027182,60,0.1,2.9002173913043476,4.930000000000001
661,random,strong_pulse,spike__current_guard8__block_refine2,12,92,216500,15,95480,14,1,1,0,5,77,0.16304347826086957,0.4410161662817552,0.16071428571428573,0.9244849884526559,0.925434151715847,0.014286980674901011,6.75,100833.33333333333,0.08333333333333333,0.9521735397925611,60,0.15,2.9002173913043476,4.930000000000001
661,random,strong_pulse,spike__current_periodic__block_refine2,12,92,216500,11,100440,10,1,1,0,5,81,0.11956521739130435,0.46392609699769055,0.11904761904761905,0.924554272517321,0.9248860964347806,0.007290364815806701,36.083333333333336,112083.33333333333,0.0,0.9769708178389642,60,0.11666666666666667,2.9002173913043476,4.930000000000001
661,random,strong_pulse,spike__lag_guard8__block_refine2,12,92,216500,17,93000,16,1,1,0,4,75,0.18478260869565216,0.4295612009237875,0.18303571428571427,0.9293210161662817,0.9302861867229902,0.015414880497974045,6.333333333333333,102500.0,0.08333333333333333,0.9564326437015035,60,0.18333333333333332,2.9002173913043476,4.930000000000001
661,random,strong_pulse,spike__lag_periodic__block_refine2,12,92,216500,12,99200,10,2,2,0,5,80,0.13043478260869565,0.4581986143187067,0.12946428571428573,0.9282817551963048,0.9285927865393035,0.006559565002471577,36.083333333333336,112083.33333333333,0.08333333333333333,0.9864772282167077,60,0.13333333333333333,2.9002173913043476,4.930000000000001
661,random,strong_pulse,spike__refresh_guard8__block_refine2,12,92,216500,11,100440,10,1,1,0,5,81,0.11956521739130435,0.46392609699769055,0.11904761904761905,0.9251316397228637,0.9254842292867836,0.006552189353808305,14.916666666666666,112916.66666666667,0.0,0.9769708178389642,60,0.11666666666666667,2.9002173913043476,4.930000000000001
661,random,strong_pulse,spike__rescue_guard8__block_refine2,12,92,216500,10,101680,10,0,0,0,5,82,0.10869565217391304,0.46965357967667437,0.10714285714285714,0.9273302540415704,0.9277809071676719,0.006517091902377229,14.916666666666666,141666.66666666666,0.0,0.9775390100203586,60,0.1,2.9002173913043476,4.930000000000001
661,random,strong_pulse,spike__rescue_periodic__block_refine2,12,92,216500,10,101680,10,0,0,0,5,82,0.10869565217391304,0.46965357967667437,0.10714285714285714,0.926715935334873,0.9271509222291731,0.007293130405525759,36.083333333333336,140833.33333333334,0.0,0.9775390100203586,60,0.1,2.9002173913043476,4.930000000000001
673,fixed,clean,analog_delta__current_guard8__block_refine2,12,97,222000,0,120280,0,0,0,0,0,97,0.0,0.5418018018018018,0.0,1.0,1.0,0.0,5.0,0.0,0.0,,0,,2.3360824742268043,4.9399999999999995
673,fixed,clean,analog_delta__current_periodic__block_refine2,12,97,222000,0,120280,0,0,0,0,0,97,0.0,0.5418018018018018,0.0,1.0,1.0,0.0,37.0,0.0,0.0,,0,,2.3360824742268043,4.9399999999999995
673,fixed,clean,analog_delta__lag_guard8__block_refine2,12,97,222000,0,120280,0,0,0,0,0,97,0.0,0.5418018018018018,0.0,1.0,1.0,0.0,5.0,0.0,0.0,,0,,2.3360824742268043,4.9399999999999995
673,fixed,clean,analog_delta__lag_periodic__block_refine2,12,97,222000,0,120280,0,0,0,0,0,97,0.0,0.5418018018018018,0.0,1.0,1.0,0.0,37.0,0.0,0.0,,0,,2.3360824742268043,4.9399999999999995
673,fixed,clean,analog_delta__refresh_guard8__block_refine2,12,97,222000,0,120280,0,0,0,0,0,97,0.0,0.5418018018018018,0.0,1.0,1.0,0.0,6.0,0.0,0.0,,0,,2.3360824742268043,4.9399999999999995
673,fixed,clean,analog_delta__rescue_guard8__block_refine2,12,97,222000,0,120280,0,0,0,0,0,97,0.0,0.5418018018018018,0.0,1.0,1.0,0.0,6.0,10000.0,0.0,,0,,2.3360824742268043,4.9399999999999995
673,fixed,clean,analog_delta__rescue_periodic__block_refine2,12,97,222000,0,120280,0,0,0,0,0,97,0.0,0.5418018018018018,0.0,1.0,1.0,0.0,37.0,10000.0,0.0,,0,,2.3360824742268043,4.9399999999999995
673,fixed,clean,raw__raw__block_refine2,12,97,222000,0,120280,0,0,0,0,0,97,0.0,0.5418018018018018,0.0,1.0,1.0,0.0,0.0,0.0,0.0,,0,,2.3360824742268043,4.9399999999999995
673,fixed,clean,rule__rule__block_refine2,12,97,222000,0,120280,0,0,0,0,0,97,0.0,0.5418018018018018,0.0,1.0,1.0,0.0,0.0,185000.0,0.0,,0,,2.3360824742268043,4.9399999999999995
673,fixed,clean,spike__current_guard8__block_refine2,12,97,222000,0,120280,0,0,0,0,0,97,0.0,0.5418018018018018,0.0,1.0,1.0,0.0,6.666666666666667,0.0,0.0,,0,,2.3360824742268043,4.9399999999999995
673,fixed,clean,spike__current_periodic__block_refine2,12,97,222000,0,120280,0,0,0,0,0,97,0.0,0.5418018018018018,0.0,1.0,1.0,0.0,37.0,0.0,0.0,,0,,2.3360824742268043,4.9399999999999995
673,fixed,clean,spike__lag_guard8__block_refine2,12,97,222000,0,120280,0,0,0,0,0,97,0.0,0.5418018018018018,0.0,1.0,1.0,0.0,6.666666666666667,0.0,0.0,,0,,2.3360824742268043,4.9399999999999995
673,fixed,clean,spike__lag_periodic__block_refine2,12,97,222000,0,120280,0,0,0,0,0,97,0.0,0.5418018018018018,0.0,1.0,1.0,0.0,37.0,0.0,0.0,,0,,2.3360824742268043,4.9399999999999995
673,fixed,clean,spike__refresh_guard8__block_refine2,12,97,222000,0,120280,0,0,0,0,0,97,0.0,0.5418018018018018,0.0,1.0,1.0,0.0,7.25,0.0,0.0,,0,,2.3360824742268043,4.9399999999999995
673,fixed,clean,spike__rescue_guard8__block_refine2,12,97,222000,0,120280,0,0,0,0,0,97,0.0,0.5418018018018018,0.0,1.0,1.0,0.0,7.25,10000.0,0.0,,0,,2.3360824742268043,4.9399999999999995
673,fixed,clean,spike__rescue_periodic__block_refine2,12,97,222000,0,120280,0,0,0,0,0,97,0.0,0.5418018018018018,0.0,1.0,1.0,0.0,37.0,10000.0,0.0,,0,,2.3360824742268043,4.9399999999999995
673,fixed,high_duty,analog_delta__current_guard8__block_refine2,12,97,222000,14,102920,14,0,0,0,10,83,0.14432989690721648,0.4636036036036036,0.14467592592592593,0.9252837837837837,0.9252837837837838,0.002462121212121212,6.0,130000.0,0.0,0.9954722222222222,60,0.11666666666666667,2.4097938144329896,4.97
673,fixed,high_duty,analog_delta__current_periodic__block_refine2,12,97,222000,14,102920,14,0,0,0,10,83,0.14432989690721648,0.4636036036036036,0.14467592592592593,0.925509009009009,0.925509009009009,0.0022193084693084694,37.0,120000.0,0.0,0.9954722222222222,60,0.11666666666666667,2.4097938144329896,4.97
673,fixed,high_duty,analog_delta__lag_guard8__block_refine2,12,97,222000,19,96720,19,0,0,0,10,78,0.1958762886597938,0.43567567567567567,0.19560185185185186,0.9173108108108108,0.9173108108108107,0.011978924080111784,6.0,130000.0,0.25,0.9426388888888888,60,0.2,2.4097938144329896,4.97
673,fixed,high_duty,analog_delta__lag_periodic__block_refine2,12,97,222000,19,96720,19,0,0,0,10,78,0.1958762886597938,0.43567567567567567,0.19560185185185186,0.917563063063063,0.917563063063063,0.011707227138643068,37.0,120000.0,0.25,0.9426388888888888,60,0.2,2.4097938144329896,4.97
673,fixed,high_duty,analog_delta__refresh_guard8__block_refine2,12,97,222000,14,102920,14,0,0,0,10,83,0.14432989690721648,0.4636036036036036,0.14467592592592593,0.925509009009009,0.925509009009009,0.0022193084693084694,14.75,120000.0,0.0,0.9954722222222222,60,0.11666666666666667,2.4097938144329896,4.97
673,fixed,high_duty,analog_delta__rescue_guard8__block_refine2,12,97,222000,14,102920,14,0,0,0,9,83,0.14432989690721648,0.4636036036036036,0.14467592592592593,0.924445945945946,0.924445945945946,0.004950351033706993,14.75,140000.0,0.0,0.9976944444444444,60,0.11666666666666667,2.4097938144329896,4.97
673,fixed,high_duty,analog_delta__rescue_periodic__block_refine2,12,97,222000,14,102920,14,0,0,0,9,83,0.14432989690721648,0.4636036036036036,0.14467592592592593,0.924445945945946,0.924445945945946,0.004950351033706993,37.0,140000.0,0.0,0.9976944444444444,60,0.11666666666666667,2.4097938144329896,4.97
673,fixed,high_duty,raw__raw__block_refine2,12,97,222000,45,64480,45,0,0,0,0,52,0.4639175257731959,0.2904504504504504,0.46296296296296297,0.8416531531531531,0.8416531531531531,0.15834684684684686,0.0,0.0,0.25,0.6778888888888889,60,0.5,2.4097938144329896,4.97
673,fixed,high_duty,rule__rule__block_refine2,12,97,222000,15,101680,15,0,0,0,9,82,0.15463917525773196,0.458018018018018,0.1550925925925926,0.9228018018018018,0.9228018018018017,0.010022422391464027,0.0,185000.0,0.0,0.9970277777777778,60,0.13333333333333333,2.4097938144329896,4.97
673,fixed,high_duty,spike__current_guard8__block_refine2,12,97,222000,20,95480,20,0,0,0,10,77,0.20618556701030927,0.4300900900900901,0.20717592592592593,0.909963963963964,0.909963963963964,0.019321138684997477,5.833333333333333,120000.0,0.25,0.8990277777777779,60,0.16666666666666666,2.4097938144329896,4.97
673,fixed,high_duty,spike__current_periodic__block_refine2,12,97,222000,14,102920,14,0,0,0,10,83,0.14432989690721648,0.4636036036036036,0.14467592592592593,0.925563063063063,0.9255630630630631,0.0022385595524823244,37.0,120000.0,0.0,0.9954722222222222,60,0.11666666666666667,2.4097938144329896,4.97
673,fixed,high_duty,spike__lag_guard8__block_refine2,12,97,222000,25,89280,25,0,0,0,10,72,0.25773195876288657,0.40216216216216216,0.25810185185185186,0.9018108108108108,0.9018108108108108,0.028937565480578947,5.833333333333333,120000.0,0.25,0.8462777777777778,60,0.25,2.4097938144329896,4.97
673,fixed,high_duty,spike__lag_periodic__block_refine2,12,97,222000,19,96720,19,0,0,0,10,78,0.1958762886597938,0.43567567567567567,0.19560185185185186,0.917563063063063,0.917563063063063,0.011707227138643068,37.0,120000.0,0.25,0.9426388888888888,60,0.2,2.4097938144329896,4.97
673,fixed,high_duty,spike__refresh_guard8__block_refine2,12,97,222000,14,102920,14,0,0,0,10,83,0.14432989690721648,0.4636036036036036,0.14467592592592593,0.925563063063063,0.9255630630630631,0.0022385595524823244,15.0,120000.0,0.0,0.9954722222222222,60,0.11666666666666667,2.4097938144329896,4.97
673,fixed,high_duty,spike__rescue_guard8__block_refine2,12,97,222000,14,102920,14,0,0,0,9,83,0.14432989690721648,0.4636036036036036,0.14467592592592593,0.924445945945946,0.924445945945946,0.004950351033706993,15.0,140000.0,0.0,0.9976944444444444,60,0.11666666666666667,2.4097938144329896,4.97
673,fixed,high_duty,spike__rescue_periodic__block_refine2,12,97,222000,14,102920,14,0,0,0,9,83,0.14432989690721648,0.4636036036036036,0.14467592592592593,0.924445945945946,0.924445945945946,0.004950351033706993,37.0,140000.0,0.0,0.9976944444444444,60,0.11666666666666667,2.4097938144329896,4.97
673,fixed,low_snr,analog_delta__current_guard8__block_refine2,12,98,222000,0,121520,0,0,0,0,0,98,0.0,0.5473873873873873,0.0,0.9471576576576577,0.9471576576576578,0.0014958401398016943,6.0,150416.66666666666,0.0,0.9950555555555556,60,0.0,2.454387755102041,4.95
673,fixed,low_snr,analog_delta__current_periodic__block_refine2,12,98,222000,1,120280,1,0,0,0,0,97,0.01020408163265306,0.5418018018018018,0.010416666666666666,0.9467882882882883,0.9467882882882882,0.001695607568964207,37.0,150416.66666666666,0.0,0.9948055555555557,60,0.016666666666666666,2.454387755102041,4.95
673,fixed,low_snr,analog_delta__lag_guard8__block_refine2,12,98,222000,6,114080,6,0,0,0,0,92,0.061224489795918366,0.5138738738738738,0.0625,0.9436531531531531,0.9436531531531531,0.005039135225502488,6.0,148333.33333333334,0.25,0.9757222222222222,60,0.1,2.454387755102041,4.95
673,fixed,low_snr,analog_delta__lag_periodic__block_refine2,12,98,222000,4,116560,4,0,0,0,0,94,0.04081632653061224,0.525045045045045,0.041666666666666664,0.9446891891891892,0.9446891891891891,0.0037953638609158273,37.0,147916.66666666666,0.08333333333333333,0.9834166666666667,60,0.06666666666666667,2.454387755102041,4.95
673,fixed,low_snr,analog_delta__refresh_guard8__block_refine2,12,98,222000,1,120280,1,0,0,0,0,97,0.01020408163265306,0.5418018018018018,0.010416666666666666,0.9468918918918919,0.9468918918918918,0.0016622340425531915,14.75,147083.33333333334,0.0,0.9948055555555556,60,0.016666666666666666,2.454387755102041,4.95
673,fixed,low_snr,analog_delta__rescue_guard8__block_refine2,12,98,222000,2,119040,2,0,0,0,0,96,0.02040816326530612,0.5362162162162162,0.020833333333333332,0.9450990990990991,0.9450990990990992,0.003968706087881205,14.75,158750.0,0.0,0.9965277777777778,60,0.03333333333333333,2.454387755102041,4.95
673,fixed,low_snr,analog_delta__rescue_periodic__block_refine2,12,98,222000,2,119040,2,0,0,0,0,96,0.02040816326530612,0.5362162162162162,0.020833333333333332,0.9450315315315315,0.9450315315315315,0.003964259941509362,37.0,162083.33333333334,0.0,0.9966388888888891,60,0.03333333333333333,2.454387755102041,4.95
673,fixed,low_snr,raw__raw__block_refine2,12,98,222000,49,60760,49,0,0,0,0,49,0.5,0.2736936936936937,0.5034722222222222,0.8576396396396396,0.8576396396396396,0.14236036036036037,0.0,0.0,0.25,0.7194722222222224,60,0.5333333333333333,2.454387755102041,4.95
673,fixed,low_snr,rule__rule__block_refine2,12,98,222000,4,116560,4,0,0,0,0,94,0.04081632653061224,0.525045045045045,0.041666666666666664,0.9417837837837838,0.9417837837837838,0.008216006982657205,0.0,185000.0,0.0,0.9966666666666666,60,0.06666666666666667,2.454387755102041,4.95
673,fixed,low_snr,spike__current_guard8__block_refine2,12,98,222000,3,117800,3,0,0,0,0,95,0.030612244897959183,0.5306306306306307,0.03125,0.9432612612612613,0.9432612612612612,0.00541454517820503,5.583333333333333,168333.33333333334,0.08333333333333333,0.9780000000000002,60,0.05,2.454387755102041,4.95
673,fixed,low_snr,spike__current_periodic__block_refine2,12,98,222000,2,119040,2,0,0,0,0,96,0.02040816326530612,0.5362162162162162,0.020833333333333332,0.9463153153153153,0.9463153153153154,0.001966783216783217,37.0,161666.66666666666,0.0,0.9947777777777779,60,0.03333333333333333,2.454387755102041,4.95
673,fixed,low_snr,spike__lag_guard8__block_refine2,12,98,222000,5,115320,5,0,0,0,0,93,0.05102040816326531,0.5194594594594595,0.052083333333333336,0.9422207207207207,0.9422207207207206,0.006775878442545109,5.583333333333333,165000.0,0.08333333333333333,0.9703333333333334,60,0.06666666666666667,2.454387755102041,4.95
673,fixed,low_snr,spike__lag_periodic__block_refine2,12,98,222000,4,116560,4,0,0,0,0,94,0.04081632653061224,0.525045045045045,0.041666666666666664,0.9430630630630631,0.9430630630630631,0.005321170657544659,37.0,157916.66666666666,0.08333333333333333,0.9767222222222224,60,0.06666666666666667,2.454387755102041,4.95
673,fixed,low_snr,spike__refresh_guard8__block_refine2,12,98,222000,1,120280,1,0,0,0,0,97,0.01020408163265306,0.5418018018018018,0.010416666666666666,0.9458648648648649,0.9458648648648649,0.0024039375166280265,14.583333333333334,170000.0,0.0,0.9946666666666668,60,0.016666666666666666,2.454387755102041,4.95
673,fixed,low_snr,spike__rescue_guard8__block_refine2,12,98,222000,2,119040,2,0,0,0,0,96,0.02040816326530612,0.5362162162162162,0.020833333333333332,0.9444684684684684,0.9444684684684685,0.004482090629391879,14.583333333333334,175000.0,0.0,0.9966388888888891,60,0.03333333333333333,2.454387755102041,4.95
673,fixed,low_snr,spike__rescue_periodic__block_refine2,12,98,222000,2,119040,2,0,0,0,0,96,0.02040816326530612,0.5362162162162162,0.020833333333333332,0.9448063063063064,0.9448063063063064,0.004012498100592615,37.0,166666.66666666666,0.0,0.9966666666666666,60,0.03333333333333333,2.454387755102041,4.95
673,fixed,nominal,analog_delta__current_guard8__block_refine2,12,97,222000,1,119040,1,0,0,0,0,96,0.010309278350515464,0.5362162162162162,0.009259259259259259,0.9448513513513513,0.9448513513513513,0.0005479530380422353,6.0,130000.0,0.0,0.9953333333333334,60,0.0,2.2995876288659796,4.890000000000001
673,fixed,nominal,analog_delta__current_periodic__block_refine2,12,97,222000,1,119040,1,0,0,0,0,96,0.010309278350515464,0.5362162162162162,0.009259259259259259,0.9451036036036036,0.9451036036036037,0.00028112373256079895,37.0,120000.0,0.0,0.9953333333333334,60,0.0,2.2995876288659796,4.890000000000001
673,fixed,nominal,analog_delta__lag_guard8__block_refine2,12,97,222000,7,111600,6,1,1,0,1,90,0.07216494845360824,0.5027027027027027,0.07060185185185185,0.9385270270270271,0.9385270270270271,0.0064424140693549,6.0,130000.0,0.08333333333333333,0.9629444444444445,60,0.1,2.2995876288659796,4.890000000000001
673,fixed,nominal,analog_delta__lag_periodic__block_refine2,12,97,222000,7,111600,6,1,1,0,1,90,0.07216494845360824,0.5027027027027027,0.07060185185185185,0.9388108108108109,0.938810810810811,0.006141990615343532,37.0,120000.0,0.08333333333333333,0.9629444444444445,60,0.1,2.2995876288659796,4.890000000000001
673,fixed,nominal,analog_delta__refresh_guard8__block_refine2,12,97,222000,1,119040,1,0,0,0,0,96,0.010309278350515464,0.5362162162162162,0.009259259259259259,0.9451036036036036,0.9451036036036037,0.00028112373256079895,15.5,120000.0,0.0,0.9953333333333334,60,0.0,2.2995876288659796,4.890000000000001
673,fixed,nominal,analog_delta__rescue_guard8__block_refine2,12,97,222000,5,114080,4,1,1,0,0,92,0.05154639175257732,0.5138738738738738,0.05092592592592593,0.9428738738738739,0.9428738738738739,0.0029817475136226803,15.5,140000.0,0.0,0.9970277777777777,60,0.06666666666666667,2.2995876288659796,4.890000000000001
673,fixed,nominal,analog_delta__rescue_periodic__block_refine2,12,97,222000,5,114080,4,1,1,0,0,92,0.05154639175257732,0.5138738738738738,0.05092592592592593,0.9428738738738739,0.9428738738738739,0.0029817475136226803,37.0,140000.0,0.0,0.9970277777777777,60,0.06666666666666667,2.2995876288659796,4.890000000000001
673,fixed,nominal,raw__raw__block_refine2,12,97,222000,44,65720,44,0,0,0,0,53,0.4536082474226804,0.296036036036036,0.4525462962962963,0.8947432432432433,0.8947432432432433,0.10525675675675676,0.0,0.0,0.08333333333333333,0.8020833333333335,60,0.5833333333333334,2.2995876288659796,4.890000000000001
673,fixed,nominal,rule__rule__block_refine2,12,97,222000,6,112840,6,0,0,0,0,91,0.061855670103092786,0.5082882882882883,0.06018518518518518,0.9401126126126126,0.9401126126126127,0.008056083650190114,0.0,185000.0,0.0,0.9973333333333333,60,0.08333333333333333,2.2995876288659796,4.890000000000001
673,fixed,nominal,spike__current_guard8__block_refine2,12,97,222000,9,109120,8,1,1,0,1,88,0.09278350515463918,0.4915315315315315,0.09143518518518519,0.9341531531531532,0.9341531531531532,0.012504285551026628,6.0,109583.33333333333,0.0,0.928,60,0.11666666666666667,2.2995876288659796,4.890000000000001
673,fixed,nominal,spike__current_periodic__block_refine2,12,97,222000,1,119040,1,0,0,0,0,96,0.010309278350515464,0.5362162162162162,0.009259259259259259,0.9451036036036036,0.9451036036036037,0.00028112373256079895,37.0,120000.0,0.0,0.9953333333333334,60,0.0,2.2995876288659796,4.890000000000001
673,fixed,nominal,spike__lag_guard8__block_refine2,12,97,222000,13,104160,12,1,1,0,1,84,0.13402061855670103,0.46918918918918917,0.13310185185185186,0.930454954954955,0.9304549549549549,0.01869394192763758,6.0,109583.33333333333,0.08333333333333333,0.8974722222222223,60,0.18333333333333332,2.2995876288659796,4.890000000000001
673,fixed,nominal,spike__lag_periodic__block_refine2,12,97,222000,7,111600,6,1,1,0,1,90,0.07216494845360824,0.5027027027027027,0.07060185185185185,0.9388108108108109,0.938810810810811,0.006141990615343532,37.0,120000.0,0.08333333333333333,0.9629444444444445,60,0.1,2.2995876288659796,4.890000000000001
673,fixed,nominal,spike__refresh_guard8__block_refine2,12,97,222000,1,119040,1,0,0,0,0,96,0.010309278350515464,0.5362162162162162,0.009259259259259259,0.9451036036036036,0.9451036036036037,0.00028112373256079895,15.333333333333334,120000.0,0.0,0.9953333333333334,60,0.0,2.2995876288659796,4.890000000000001
673,fixed,nominal,spike__rescue_guard8__block_refine2,12,97,222000,5,114080,4,1,1,0,0,92,0.05154639175257732,0.5138738738738738,0.05092592592592593,0.9428738738738739,0.9428738738738739,0.0029817475136226803,15.333333333333334,140000.0,0.0,0.9970277777777777,60,0.06666666666666667,2.2995876288659796,4.890000000000001
673,fixed,nominal,spike__rescue_periodic__block_refine2,12,97,222000,5,114080,4,1,1,0,0,92,0.05154639175257732,0.5138738738738738,0.05092592592592593,0.9428738738738739,0.9428738738738739,0.0029817475136226803,37.0,140000.0,0.0,0.9970277777777777,60,0.06666666666666667,2.2995876288659796,4.890000000000001
673,fixed,short_dwell,analog_delta__current_guard8__block_refine2,12,42,114000,2,49600,2,0,0,0,0,40,0.047619047619047616,0.43508771929824563,0.05555555555555555,0.94,0.94,0.011694396281403327,3.0,77916.66666666667,0.08333333333333333,0.9489999999999998,42,0.047619047619047616,2.6416666666666666,4.91
673,fixed,short_dwell,analog_delta__current_periodic__block_refine2,12,42,114000,0,52080,0,0,0,0,0,42,0.0,0.4568421052631579,0.0,0.9482017543859649,0.948201754385965,0.00034217437946213884,19.0,58333.333333333336,0.0,0.9913888888888888,42,0.0,2.6416666666666666,4.91
673,fixed,short_dwell,analog_delta__lag_guard8__block_refine2,12,42,114000,7,43400,7,0,0,0,0,35,0.16666666666666666,0.38070175438596493,0.18055555555555555,0.926921052631579,0.9269210526315789,0.02634343210968598,3.0,72916.66666666667,0.5,0.8727777777777778,42,0.16666666666666666,2.6416666666666666,4.91
673,fixed,short_dwell,analog_delta__lag_periodic__block_refine2,12,42,114000,6,44640,6,0,0,0,0,36,0.14285714285714285,0.391578947368421,0.15277777777777776,0.9333157894736842,0.9333157894736842,0.015635408185922583,19.0,58333.333333333336,0.5,0.9002222222222223,42,0.14285714285714285,2.6416666666666666,4.91
673,fixed,short_dwell,analog_delta__refresh_guard8__block_refine2,12,42,114000,0,52080,0,0,0,0,0,42,0.0,0.4568421052631579,0.0,0.9482017543859649,0.948201754385965,0.00034217437946213884,11.333333333333334,58333.333333333336,0.0,0.9913888888888888,42,0.0,2.6416666666666666,4.91
673,fixed,short_dwell,analog_delta__rescue_guard8__block_refine2,12,42,114000,2,49600,2,0,0,0,0,40,0.047619047619047616,0.43508771929824563,0.041666666666666664,0.9446228070175439,0.9446228070175439,0.004796406853594071,11.333333333333334,80000.0,0.0,0.9935,42,0.047619047619047616,2.6416666666666666,4.91
673,fixed,short_dwell,analog_delta__rescue_periodic__block_refine2,12,42,114000,2,49600,2,0,0,0,0,40,0.047619047619047616,0.43508771929824563,0.041666666666666664,0.9446228070175439,0.9446228070175439,0.004796406853594071,19.0,80000.0,0.0,0.9935,42,0.047619047619047616,2.6416666666666666,4.91
673,fixed,short_dwell,raw__raw__block_refine2,12,42,114000,23,23560,23,0,0,0,0,19,0.5476190476190477,0.20666666666666667,0.5694444444444444,0.8678859649122806,0.8678859649122805,0.1321140350877193,0.0,0.0,0.6666666666666666,0.7313333333333333,42,0.5476190476190477,2.6416666666666666,4.91
673,fixed,short_dwell,rule__rule__block_refine2,12,42,114000,2,49600,2,0,0,0,0,40,0.047619047619047616,0.43508771929824563,0.041666666666666664,0.9431228070175438,0.9431228070175438,0.0069365549982912614,0.0,95000.0,0.0,0.9940000000000002,42,0.047619047619047616,2.6416666666666666,4.91
673,fixed,short_dwell,spike__current_guard8__block_refine2,12,42,114000,4,47120,4,0,0,0,0,38,0.09523809523809523,0.41333333333333333,0.09722222222222221,0.9397105263157894,0.9397105263157894,0.019414543057996485,3.0833333333333335,72916.66666666667,0.16666666666666666,0.9338888888888888,42,0.09523809523809523,2.6416666666666666,4.91
673,fixed,short_dwell,spike__current_periodic__block_refine2,12,42,114000,0,52080,0,0,0,0,0,42,0.0,0.4568421052631579,0.0,0.9482017543859649,0.948201754385965,0.00034217437946213884,19.0,60000.0,0.0,0.9913888888888888,42,0.0,2.6416666666666666,4.91
673,fixed,short_dwell,spike__lag_guard8__block_refine2,12,42,114000,8,42160,8,0,0,0,0,34,0.19047619047619047,0.3698245614035088,0.20138888888888887,0.9279736842105263,0.9279736842105263,0.03420793163891323,3.0833333333333335,67916.66666666667,0.5,0.8636111111111111,42,0.19047619047619047,2.6416666666666666,4.91
673,fixed,short_dwell,spike__lag_periodic__block_refine2,12,42,114000,6,44640,6,0,0,0,0,36,0.14285714285714285,0.391578947368421,0.15277777777777776,0.9332631578947368,0.9332631578947369,0.015690918510843015,19.0,60000.0,0.5,0.9002222222222223,42,0.14285714285714285,2.6416666666666666,4.91
673,fixed,short_dwell,spike__refresh_guard8__block_refine2,12,42,114000,0,52080,0,0,0,0,0,42,0.0,0.4568421052631579,0.0,0.9482017543859649,0.948201754385965,0.00034217437946213884,11.5,60000.0,0.0,0.9913888888888888,42,0.0,2.6416666666666666,4.91
673,fixed,short_dwell,spike__rescue_guard8__block_refine2,12,42,114000,2,49600,2,0,0,0,0,40,0.047619047619047616,0.43508771929824563,0.041666666666666664,0.9446228070175439,0.9446228070175439,0.004796406853594071,11.5,80000.0,0.0,0.9935,42,0.047619047619047616,2.6416666666666666,4.91
673,fixed,short_dwell,spike__rescue_periodic__block_refine2,12,42,114000,2,49600,2,0,0,0,0,40,0.047619047619047616,0.43508771929824563,0.041666666666666664,0.9446228070175439,0.9446228070175439,0.004796406853594071,19.0,80000.0,0.0,0.9935,42,0.047619047619047616,2.6416666666666666,4.91
673,fixed,strong_pulse,analog_delta__current_guard8__block_refine2,12,96,222000,8,109120,7,1,1,0,0,88,0.08333333333333333,0.4915315315315315,0.08333333333333333,0.9395855855855856,0.9395855855855856,0.002505834194116072,5.916666666666667,129166.66666666667,0.0,0.9857222222222223,60,0.03333333333333333,2.450833333333333,4.97
673,fixed,strong_pulse,analog_delta__current_periodic__block_refine2,12,96,222000,7,110360,6,1,1,0,0,89,0.07291666666666667,0.4971171171171171,0.07291666666666667,0.9414504504504505,0.9414504504504504,0.0005642693190512625,37.0,120000.0,0.0,0.9954444444444445,60,0.016666666666666666,2.450833333333333,4.97
673,fixed,strong_pulse,analog_delta__lag_guard8__block_refine2,12,96,222000,10,106640,10,0,0,0,0,86,0.10416666666666667,0.48036036036036034,0.10416666666666667,0.9344684684684684,0.9344684684684684,0.007558651306976923,5.916666666666667,129166.66666666667,0.0,0.9572777777777778,60,0.06666666666666667,2.450833333333333,4.97
673,fixed,strong_pulse,analog_delta__lag_periodic__block_refine2,12,96,222000,10,106640,10,0,0,0,0,86,0.10416666666666667,0.48036036036036034,0.10416666666666667,0.9364414414414415,0.9364414414414415,0.0054632783497263575,37.0,120000.0,0.0,0.9680000000000001,60,0.06666666666666667,2.450833333333333,4.97
673,fixed,strong_pulse,analog_delta__refresh_guard8__block_refine2,12,96,222000,7,110360,6,1,1,0,0,89,0.07291666666666667,0.4971171171171171,0.07291666666666667,0.9414504504504505,0.9414504504504504,0.0005642693190512625,16.0,120000.0,0.0,0.9954444444444445,60,0.016666666666666666,2.450833333333333,4.97
673,fixed,strong_pulse,analog_delta__rescue_guard8__block_refine2,12,96,222000,11,105400,11,0,0,0,0,85,0.11458333333333333,0.47477477477477475,0.11458333333333333,0.9372387387387388,0.9372387387387389,0.007579081924676613,16.0,140000.0,0.0,0.9962777777777778,60,0.08333333333333333,2.450833333333333,4.97
673,fixed,strong_pulse,analog_delta__rescue_periodic__block_refine2,12,96,222000,11,105400,11,0,0,0,0,85,0.11458333333333333,0.47477477477477475,0.11458333333333333,0.9372387387387388,0.9372387387387389,0.007579081924676613,37.0,140000.0,0.0,0.9962777777777778,60,0.08333333333333333,2.450833333333333,4.97
673,fixed,strong_pulse,raw__raw__block_refine2,12,96,222000,34,76880,34,0,0,0,0,62,0.3541666666666667,0.3463063063063063,0.3541666666666667,0.9076621621621621,0.9076621621621621,0.09233783783783783,0.0,0.0,0.0,0.8331944444444445,60,0.3333333333333333,2.450833333333333,4.97
673,fixed,strong_pulse,rule__rule__block_refine2,12,96,222000,12,104160,12,0,0,0,0,84,0.125,0.46918918918918917,0.125,0.9311126126126126,0.9311126126126125,0.020531652767247915,0.0,185000.0,0.0,0.9965,60,0.16666666666666666,2.450833333333333,4.97
673,fixed,strong_pulse,spike__current_guard8__block_refine2,12,96,222000,10,106640,9,1,1,0,0,86,0.10416666666666667,0.48036036036036034,0.10416666666666667,0.940481981981982,0.9404819819819821,0.0027750181498605326,5.916666666666667,114166.66666666667,0.0,0.9850555555555557,60,0.03333333333333333,2.450833333333333,4.97
673,fixed,strong_pulse,spike__current_periodic__block_refine2,12,96,222000,7,110360,6,1,1,0,0,89,0.07291666666666667,0.4971171171171171,0.07291666666666667,0.9414504504504505,0.9414504504504504,0.0005642693190512625,37.0,120000.0,0.0,0.9954444444444445,60,0.016666666666666666,2.450833333333333,4.97
673,fixed,strong_pulse,spike__lag_guard8__block_refine2,12,96,222000,14,101680,14,0,0,0,0,82,0.14583333333333334,0.458018018018018,0.14583333333333334,0.9368963963963964,0.9368963963963962,0.007828003358265914,5.916666666666667,113750.0,0.0,0.9602222222222223,60,0.1,2.450833333333333,4.97
673,fixed,strong_pulse,spike__lag_periodic__block_refine2,12,96,222000,10,106640,10,0,0,0,0,86,0.10416666666666667,0.48036036036036034,0.10416666666666667,0.9364414414414415,0.9364414414414415,0.0054632783497263575,37.0,120000.0,0.0,0.9680000000000001,60,0.06666666666666667,2.450833333333333,4.97
673,fixed,strong_pulse,spike__refresh_guard8__block_refine2,12,96,222000,7,110360,6,1,1,0,0,89,0.07291666666666667,0.4971171171171171,0.07291666666666667,0.9414504504504505,0.9414504504504504,0.0005642693190512625,15.833333333333334,120000.0,0.0,0.9954444444444445,60,0.016666666666666666,2.450833333333333,4.97
673,fixed,strong_pulse,spike__rescue_guard8__block_refine2,12,96,222000,11,105400,11,0,0,0,0,85,0.11458333333333333,0.47477477477477475,0.11458333333333333,0.9372387387387388,0.9372387387387389,0.007579081924676613,15.833333333333334,140000.0,0.0,0.9962777777777778,60,0.08333333333333333,2.450833333333333,4.97
673,fixed,strong_pulse,spike__rescue_periodic__block_refine2,12,96,222000,11,105400,11,0,0,0,0,85,0.11458333333333333,0.47477477477477475,0.11458333333333333,0.9372387387387388,0.9372387387387389,0.007579081924676613,37.0,140000.0,0.0,0.9962777777777778,60,0.08333333333333333,2.450833333333333,4.97
673,random,clean,analog_delta__current_guard8__block_refine2,12,94,218500,0,116560,0,0,0,0,0,94,0.0,0.5334553775743707,0.0,1.0,1.0,0.0,4.916666666666667,0.0,0.0,,0,,2.448510638297872,4.91
673,random,clean,analog_delta__current_periodic__block_refine2,12,94,218500,0,116560,0,0,0,0,0,94,0.0,0.5334553775743707,0.0,1.0,1.0,0.0,36.416666666666664,0.0,0.0,,0,,2.448510638297872,4.91
673,random,clean,analog_delta__lag_guard8__block_refine2,12,94,218500,0,116560,0,0,0,0,0,94,0.0,0.5334553775743707,0.0,1.0,1.0,0.0,4.916666666666667,0.0,0.0,,0,,2.448510638297872,4.91
673,random,clean,analog_delta__lag_periodic__block_refine2,12,94,218500,0,116560,0,0,0,0,0,94,0.0,0.5334553775743707,0.0,1.0,1.0,0.0,36.416666666666664,0.0,0.0,,0,,2.448510638297872,4.91
673,random,clean,analog_delta__refresh_guard8__block_refine2,12,94,218500,0,116560,0,0,0,0,0,94,0.0,0.5334553775743707,0.0,1.0,1.0,0.0,5.916666666666667,0.0,0.0,,0,,2.448510638297872,4.91
673,random,clean,analog_delta__rescue_guard8__block_refine2,12,94,218500,0,116560,0,0,0,0,0,94,0.0,0.5334553775743707,0.0,1.0,1.0,0.0,5.916666666666667,10000.0,0.0,,0,,2.448510638297872,4.91
673,random,clean,analog_delta__rescue_periodic__block_refine2,12,94,218500,0,116560,0,0,0,0,0,94,0.0,0.5334553775743707,0.0,1.0,1.0,0.0,36.416666666666664,10000.0,0.0,,0,,2.448510638297872,4.91
673,random,clean,raw__raw__block_refine2,12,94,218500,0,116560,0,0,0,0,0,94,0.0,0.5334553775743707,0.0,1.0,1.0,0.0,0.0,0.0,0.0,,0,,2.448510638297872,4.91
673,random,clean,rule__rule__block_refine2,12,94,218500,0,116560,0,0,0,0,0,94,0.0,0.5334553775743707,0.0,1.0,1.0,0.0,0.0,182083.33333333334,0.0,,0,,2.448510638297872,4.91
673,random,clean,spike__current_guard8__block_refine2,12,94,218500,0,116560,0,0,0,0,0,94,0.0,0.5334553775743707,0.0,1.0,1.0,0.0,6.333333333333333,0.0,0.0,,0,,2.448510638297872,4.91
673,random,clean,spike__current_periodic__block_refine2,12,94,218500,0,116560,0,0,0,0,0,94,0.0,0.5334553775743707,0.0,1.0,1.0,0.0,36.416666666666664,0.0,0.0,,0,,2.448510638297872,4.91
673,random,clean,spike__lag_guard8__block_refine2,12,94,218500,0,116560,0,0,0,0,0,94,0.0,0.5334553775743707,0.0,1.0,1.0,0.0,6.333333333333333,0.0,0.0,,0,,2.448510638297872,4.91
673,random,clean,spike__lag_periodic__block_refine2,12,94,218500,0,116560,0,0,0,0,0,94,0.0,0.5334553775743707,0.0,1.0,1.0,0.0,36.416666666666664,0.0,0.0,,0,,2.448510638297872,4.91
673,random,clean,spike__refresh_guard8__block_refine2,12,94,218500,0,116560,0,0,0,0,0,94,0.0,0.5334553775743707,0.0,1.0,1.0,0.0,7.083333333333333,0.0,0.0,,0,,2.448510638297872,4.91
673,random,clean,spike__rescue_guard8__block_refine2,12,94,218500,0,116560,0,0,0,0,0,94,0.0,0.5334553775743707,0.0,1.0,1.0,0.0,7.083333333333333,10000.0,0.0,,0,,2.448510638297872,4.91
673,random,clean,spike__rescue_periodic__block_refine2,12,94,218500,0,116560,0,0,0,0,0,94,0.0,0.5334553775743707,0.0,1.0,1.0,0.0,36.416666666666664,10000.0,0.0,,0,,2.448510638297872,4.91
673,random,high_duty,analog_delta__current_guard8__block_refine2,12,99,222000,15,104160,14,1,1,0,6,84,0.15151515151515152,0.46918918918918917,0.15079365079365079,0.9270765765765766,0.9272437508502778,0.0063967634790668935,6.416666666666667,126250.0,0.0,0.9605694236860415,60,0.15,2.5356565656565655,4.989999999999999
673,random,high_duty,analog_delta__current_periodic__block_refine2,12,99,222000,14,105400,13,1,1,0,6,85,0.1414141414141414,0.47477477477477475,0.14037698412698413,0.9273513513513514,0.9275486009909951,0.005372395933985236,37.0,119583.33333333333,0.0,0.9638628107847795,60,0.13333333333333333,2.5356565656565655,4.989999999999999
673,random,high_duty,analog_delta__lag_guard8__block_refine2,12,99,222000,16,102920,15,1,1,0,6,83,0.16161616161616163,0.4636036036036036,0.16121031746031747,0.930018018018018,0.9302800616084116,0.008147578785549578,6.75,130416.66666666667,0.0,0.9810349166114002,60,0.15,2.5356565656565655,4.989999999999999
673,random,high_duty,analog_delta__lag_periodic__block_refine2,12,99,222000,16,102920,15,1,1,0,6,83,0.16161616161616163,0.4636036036036036,0.16121031746031747,0.9302432432432433,0.9305033259364927,0.007831116919056039,37.0,119583.33333333333,0.0,0.9810349166114002,60,0.15,2.5356565656565655,4.989999999999999
673,random,high_duty,analog_delta__refresh_guard8__block_refine2,12,99,222000,14,105400,13,1,1,0,6,85,0.1414141414141414,0.47477477477477475,0.14037698412698413,0.9275585585585585,0.9277662910494747,0.005073248038344092,12.083333333333334,120416.66666666667,0.0,0.9638628107847795,60,0.13333333333333333,2.5356565656565655,4.989999999999999
673,random,high_duty,analog_delta__rescue_guard8__block_refine2,12,99,222000,14,105400,13,1,1,0,6,85,0.1414141414141414,0.47477477477477475,0.14037698412698413,0.9288963963963964,0.929078003825138,0.004677002085103097,12.083333333333334,147916.66666666666,0.0,0.9676498231566825,60,0.13333333333333333,2.5356565656565655,4.989999999999999
673,random,high_duty,analog_delta__rescue_periodic__block_refine2,12,99,222000,14,105400,13,1,1,0,6,85,0.1414141414141414,0.47477477477477475,0.14037698412698413,0.9286576576576576,0.9288306841370289,0.004971234410595004,37.0,147083.33333333334,0.0,0.9676498231566825,60,0.13333333333333333,2.5356565656565655,4.989999999999999
673,random,high_duty,raw__raw__block_refine2,12,99,222000,34,80600,34,0,0,0,0,65,0.3434343434343434,0.3630630630630631,0.3449074074074074,0.9402837837837837,0.9401828866457747,0.059716216216216214,0.0,0.0,0.0,0.9264481669817278,60,0.4,2.5356565656565655,4.989999999999999
673,random,high_duty,rule__rule__block_refine2,12,99,222000,13,106640,12,1,1,0,6,86,0.13131313131313133,0.48036036036036034,0.13111772486772486,0.9295855855855856,0.9298098963805318,0.004860736054316797,0.0,185000.0,0.0,0.9676085242646204,60,0.11666666666666667,2.5356565656565655,4.989999999999999
673,random,high_duty,spike__current_guard8__block_refine2,12,99,222000,16,102920,15,1,1,0,6,83,0.16161616161616163,0.4636036036036036,0.16236772486772486,0.9266891891891892,0.9269131208019904,0.010061785425568773,5.916666666666667,119166.66666666667,0.0,0.9620238062934895,60,0.13333333333333333,2.5356565656565655,4.989999999999999
673,random,high_duty,spike__current_periodic__block_refine2,12,99,222000,15,104160,14,1,1,0,6,84,0.15151515151515152,0.46918918918918917,0.1519510582010582,0.9287882882882883,0.9289773102397453,0.007016682077361689,37.0,115833.33333333333,0.0,0.9641826486907951,60,0.15,2.5356565656565655,4.989999999999999
673,random,high_duty,spike__lag_guard8__block_refine2,12,99,222000,17,101680,16,1,1,0,6,82,0.1717171717171717,0.458018018018018,0.1727843915343915,0.9258243243243244,0.9260576523772599,0.0124303286565443,5.833333333333333,121666.66666666667,0.0,0.9582615290912843,60,0.15,2.5356565656565655,4.989999999999999
673,random,high_duty,spike__lag_periodic__block_refine2,12,99,222000,18,100440,17,1,1,0,6,81,0.18181818181818182,0.4524324324324324,0.18204365079365079,0.9314774774774774,0.931758641639406,0.008610439918689832,37.0,115833.33333333333,0.0,0.9811237228691977,60,0.18333333333333332,2.5356565656565655,4.989999999999999
673,random,high_duty,spike__refresh_guard8__block_refine2,12,99,222000,15,104160,14,1,1,0,6,84,0.15151515151515152,0.46918918918918917,0.1519510582010582,0.9276891891891892,0.9278616751238005,0.0071206803455723545,12.583333333333334,115416.66666666667,0.0,0.9641826486907951,60,0.13333333333333333,2.5356565656565655,4.989999999999999
673,random,high_duty,spike__rescue_guard8__block_refine2,12,99,222000,15,104160,14,1,1,0,6,84,0.15151515151515152,0.46918918918918917,0.1519510582010582,0.9295135135135135,0.9297184382445199,0.006203043729531882,12.583333333333334,144166.66666666666,0.0,0.9676498231566825,60,0.13333333333333333,2.5356565656565655,4.989999999999999
673,random,high_duty,spike__rescue_periodic__block_refine2,12,99,222000,15,104160,14,1,1,0,6,84,0.15151515151515152,0.46918918918918917,0.1519510582010582,0.9305405405405406,0.9307665257836292,0.006100611985681844,37.0,144583.33333333334,0.0,0.9676498231566825,60,0.15,2.5356565656565655,4.989999999999999
673,random,low_snr,analog_delta__current_guard8__block_refine2,12,93,215000,7,106640,6,1,1,0,1,86,0.07526881720430108,0.496,0.07738095238095238,0.9407767441860465,0.9407152511805762,0.0038463811512548757,6.666666666666667,131250.0,0.0,0.9926066873675702,60,0.06666666666666667,2.293440860215054,4.8999999999999995
673,random,low_snr,analog_delta__current_periodic__block_refine2,12,93,215000,5,109120,4,1,1,0,1,88,0.053763440860215055,0.5075348837209303,0.05505952380952381,0.9432837209302326,0.9432697560309015,0.0031947939603648944,35.833333333333336,116250.0,0.0,0.9925842678536251,60,0.05,2.293440860215054,4.8999999999999995
673,random,low_snr,analog_delta__lag_guard8__block_refine2,12,93,215000,9,104160,8,1,1,0,1,84,0.0967741935483871,0.48446511627906974,0.09970238095238095,0.9385023255813953,0.938487270259484,0.0064112664959621824,6.583333333333333,130833.33333333333,0.08333333333333333,0.9793914609889364,60,0.1,2.293440860215054,4.8999999999999995
673,random,low_snr,analog_delta__lag_periodic__block_refine2,12,93,215000,8,105400,8,0,0,0,1,85,0.08602150537634409,0.49023255813953487,0.08928571428571429,0.9387953488372093,0.9387862634320067,0.005905240346729708,35.833333333333336,116250.0,0.08333333333333333,0.9793914609889364,60,0.1,2.293440860215054,4.8999999999999995
673,random,low_snr,analog_delta__refresh_guard8__block_refine2,12,93,215000,6,107880,5,1,1,0,1,87,0.06451612903225806,0.5017674418604651,0.06547619047619048,0.9434,0.9433726065255477,0.0032678775012776663,11.166666666666666,117083.33333333333,0.0,0.9925842678536251,60,0.05,2.293440860215054,4.8999999999999995
673,random,low_snr,analog_delta__rescue_guard8__block_refine2,12,93,215000,5,109120,5,0,0,0,1,88,0.053763440860215055,0.5075348837209303,0.05505952380952381,0.9345674418604651,0.9343337718951497,0.0029969831692600825,11.166666666666666,143333.33333333334,0.0,0.9550869444764727,60,0.05,2.293440860215054,4.8999999999999995
673,random,low_snr,analog_delta__rescue_periodic__block_refine2,12,93,215000,5,109120,5,0,0,0,1,88,0.053763440860215055,0.5075348837209303,0.05505952380952381,0.9347023255813953,0.9344868255725842,0.002892668598420196,35.833333333333336,142500.0,0.0,0.9550869444764727,60,0.05,2.293440860215054,4.8999999999999995
673,random,low_snr,raw__raw__block_refine2,12,93,215000,33,74400,33,0,0,0,0,60,0.3548387096774194,0.34604651162790695,0.3548280423280424,0.928093023255814,0.9292169516074315,0.07190697674418604,0.0,0.0,0.08333333333333333,0.902319255839226,60,0.35,2.293440860215054,4.8999999999999995
673,random,low_snr,rule__rule__block_refine2,12,93,215000,8,105400,8,0,0,0,1,85,0.08602150537634409,0.49023255813953487,0.08928571428571429,0.9350790697674418,0.9348587847676083,0.0033610945865556216,0.0,179166.66666666666,0.0,0.9537692730362904,60,0.06666666666666667,2.293440860215054,4.8999999999999995
673,random,low_snr,spike__current_guard8__block_refine2,12,93,215000,11,101680,11,0,0,0,1,82,0.11827956989247312,0.47293023255813954,0.12053571428571429,0.9392232558139535,0.9392705516268984,0.01164395630212616,5.75,110416.66666666667,0.08333333333333333,0.9613696768450102,60,0.11666666666666667,2.293440860215054,4.8999999999999995
673,random,low_snr,spike__current_periodic__block_refine2,12,93,215000,7,106640,7,0,0,0,1,86,0.07526881720430108,0.496,0.07589285714285714,0.946953488372093,0.9470308294273465,0.0049120234604105575,35.833333333333336,110000.0,0.0,0.9917206275741947,60,0.06666666666666667,2.293440860215054,4.8999999999999995
673,random,low_snr,spike__lag_guard8__block_refine2,12,93,215000,13,99200,13,0,0,0,1,80,0.13978494623655913,0.4613953488372093,0.14285714285714288,0.9361395348837209,0.9362204767628143,0.014232818744612491,5.333333333333333,106250.0,0.08333333333333333,0.9467200591864332,60,0.11666666666666667,2.293440860215054,4.8999999999999995
673,random,low_snr,spike__lag_periodic__block_refine2,12,93,215000,10,102920,10,0,0,0,1,83,0.10752688172043011,0.47869767441860467,0.11011904761904762,0.9424604651162791,0.9425415486275392,0.007576796489303346,35.833333333333336,110000.0,0.08333333333333333,0.9787942474951058,60,0.11666666666666667,2.293440860215054,4.8999999999999995
673,random,low_snr,spike__refresh_guard8__block_refine2,12,93,215000,7,106640,7,0,0,0,1,86,0.07526881720430108,0.496,0.07589285714285714,0.9467674418604651,0.9468345555901282,0.00510752688172043,11.0,110000.0,0.0,0.9916490968159685,60,0.06666666666666667,2.293440860215054,4.8999999999999995
673,random,low_snr,spike__rescue_guard8__block_refine2,12,93,215000,7,106640,7,0,0,0,1,86,0.07526881720430108,0.496,0.07738095238095238,0.9369023255813953,0.9367382578042021,0.004576003162680371,11.0,137916.66666666666,0.0,0.9542274682809003,60,0.06666666666666667,2.293440860215054,4.8999999999999995
673,random,low_snr,spike__rescue_periodic__block_refine2,12,93,215000,6,107880,6,0,0,0,1,87,0.06451612903225806,0.5017674418604651,0.06547619047619048,0.9372279069767442,0.937073402119068,0.004308811321500574,35.833333333333336,137916.66666666666,0.0,0.9542989990391263,60,0.05,2.293440860215054,4.8999999999999995
673,random,nominal,analog_delta__current_guard8__block_refine2,12,94,217500,13,100440,12,1,1,0,4,81,0.13829787234042554,0.46179310344827584,0.14616402116402116,0.9257333333333333,0.925003447965174,0.005340170332167487,6.25,127916.66666666667,0.08333333333333333,0.9604592869072617,60,0.08333333333333333,2.642340425531915,4.98
673,random,nominal,analog_delta__current_periodic__block_refine2,12,94,217500,9,105400,8,1,1,0,4,85,0.09574468085106383,0.4845977011494253,0.10003306878306878,0.9264873563218391,0.9258477875341266,0.00393953773454337,36.25,117083.33333333333,0.0,0.9680042645370049,60,0.05,2.642340425531915,4.98
673,random,nominal,analog_delta__lag_guard8__block_refine2,12,94,217500,17,95480,17,0,0,0,4,77,0.18085106382978725,0.43898850574712645,0.18931878306878305,0.9253287356321839,0.9245927846426297,0.009259623904696269,6.416666666666667,127500.0,0.16666666666666666,0.9586749007172323,60,0.15,2.642340425531915,4.98
673,random,nominal,analog_delta__lag_periodic__block_refine2,12,94,217500,15,97960,14,1,1,0,4,79,0.1595744680851064,0.45039080459770114,0.1669973544973545,0.9256275862068966,0.9248827003126925,0.009056722647713178,36.25,117083.33333333333,0.16666666666666666,0.9586749007172323,60,0.13333333333333333,2.642340425531915,4.98
673,random,nominal,analog_delta__refresh_guard8__block_refine2,12,94,217500,10,104160,10,0,0,0,4,84,0.10638297872340426,0.4788965517241379,0.11044973544973542,0.9264229885057471,0.9257725239493041,0.003969352446861097,10.75,119583.33333333333,0.0,0.9680042645370049,60,0.06666666666666667,2.642340425531915,4.98
673,random,nominal,analog_delta__rescue_guard8__block_refine2,12,94,217500,10,104160,10,0,0,0,4,84,0.10638297872340426,0.4788965517241379,0.11193783068783068,0.9260643678160919,0.9253865770589454,0.00466980292937479,10.75,145416.66666666666,0.0,0.9732580728270324,60,0.05,2.642340425531915,4.98
673,random,nominal,analog_delta__rescue_periodic__block_refine2,12,94,217500,10,104160,10,0,0,0,4,84,0.10638297872340426,0.4788965517241379,0.11193783068783068,0.9259954022988506,0.9253220222921846,0.004665230197481566,36.25,142916.66666666666,0.0,0.9732580728270324,60,0.05,2.642340425531915,4.98
673,random,nominal,raw__raw__block_refine2,12,94,217500,43,63240,43,0,0,0,0,51,0.4574468085106383,0.2907586206896552,0.4723875661375661,0.9023540229885058,0.8991518631750443,0.09764597701149426,0.0,0.0,0.16666666666666666,0.8377632071105564,60,0.4666666666666667,2.642340425531915,4.98
673,random,nominal,rule__rule__block_refine2,12,94,217500,13,100440,11,2,2,0,4,81,0.13829787234042554,0.46179310344827584,0.1476521164021164,0.9240551724137931,0.9232652230081796,0.007927419195608822,0.0,181250.0,0.0,0.9722781737586814,60,0.08333333333333333,2.642340425531915,4.98
673,random,nominal,spike__current_guard8__block_refine2,12,94,217500,15,97960,15,0,0,0,4,79,0.1595744680851064,0.45039080459770114,0.16848544973544974,0.920896551724138,0.9199907260759815,0.011825824403528506,6.333333333333333,115833.33333333333,0.16666666666666666,0.9312560092074342,60,0.11666666666666667,2.642340425531915,4.98
673,random,nominal,spike__current_periodic__block_refine2,12,94,217500,10,104160,9,1,1,0,4,84,0.10638297872340426,0.4788965517241379,0.11044973544973542,0.9263586206896551,0.9257184106591616,0.004471608988675218,36.25,116250.0,0.0,0.9646392680798557,60,0.06666666666666667,2.642340425531915,4.98
673,random,nominal,spike__lag_guard8__block_refine2,12,94,217500,17,95480,15,2,2,0,3,77,0.18085106382978725,0.43898850574712645,0.19080687830687829,0.9207172413793103,0.9197839155653783,0.015631451660473073,6.166666666666667,117083.33333333333,0.16666666666666666,0.9264603937329622,60,0.13333333333333333,2.642340425531915,4.98
673,random,nominal,spike__lag_periodic__block_refine2,12,94,217500,15,97960,13,2,2,0,4,79,0.1595744680851064,0.45039080459770114,0.1669973544973545,0.9254298850574713,0.9246960325625574,0.00942439811807319,36.25,116250.0,0.16666666666666666,0.9548903377736765,60,0.13333333333333333,2.642340425531915,4.98
673,random,nominal,spike__refresh_guard8__block_refine2,12,94,217500,10,104160,10,0,0,0,4,84,0.10638297872340426,0.4788965517241379,0.11044973544973542,0.9265241379310345,0.9258941674415357,0.00421500998161801,11.25,117083.33333333333,0.0,0.9646392680798557,60,0.06666666666666667,2.642340425531915,4.98
673,random,nominal,spike__rescue_guard8__block_refine2,12,94,217500,10,104160,9,1,1,0,4,84,0.10638297872340426,0.4788965517241379,0.11193783068783068,0.9262528735632184,0.9255857509081192,0.004663939447836999,11.25,143333.33333333334,0.0,0.9730584720286292,60,0.05,2.642340425531915,4.98
673,random,nominal,spike__rescue_periodic__block_refine2,12,94,217500,10,104160,8,2,2,0,4,84,0.10638297872340426,0.4788965517241379,0.11193783068783068,0.9261977011494252,0.9255249460715792,0.004801897045746468,36.25,142500.0,0.0,0.9730584720286292,60,0.05,2.642340425531915,4.98
673,random,short_dwell,analog_delta__current_guard8__block_refine2,12,42,112000,2,49600,2,0,0,0,0,40,0.047619047619047616,0.44285714285714284,0.041666666666666664,0.9294553571428571,0.9292116987730766,0.006963721870856347,3.9166666666666665,70833.33333333333,0.08333333333333333,0.9575616568804043,42,0.047619047619047616,2.629047619047619,4.96
673,random,short_dwell,analog_delta__current_periodic__block_refine2,12,42,112000,1,50840,1,0,0,0,0,41,0.023809523809523808,0.4539285714285714,0.020833333333333332,0.9285267857142857,0.9284499656002754,0.0031345257951342956,18.666666666666668,57916.666666666664,0.0,0.9674490788503461,42,0.023809523809523808,2.629047619047619,4.96
673,random,short_dwell,analog_delta__lag_guard8__block_refine2,12,42,112000,4,47120,4,0,0,0,0,38,0.09523809523809523,0.4207142857142857,0.09027777777777778,0.9316607142857143,0.9314085827313382,0.009924851981175042,4.0,68333.33333333333,0.25,0.9589802069813985,42,0.09523809523809523,2.629047619047619,4.96
673,random,short_dwell,analog_delta__lag_periodic__block_refine2,12,42,112000,4,47120,4,0,0,0,0,38,0.09523809523809523,0.4207142857142857,0.09027777777777778,0.9282142857142858,0.9280264275885793,0.008847532606208528,18.666666666666668,57916.666666666664,0.25,0.9590262984268262,42,0.09523809523809523,2.629047619047619,4.96
673,random,short_dwell,analog_delta__refresh_guard8__block_refine2,12,42,112000,1,50840,1,0,0,0,0,41,0.023809523809523808,0.4539285714285714,0.020833333333333332,0.9284642857142857,0.9283880747620686,0.002895771406654521,10.5,58750.0,0.0,0.9674490788503461,42,0.023809523809523808,2.629047619047619,4.96
673,random,short_dwell,analog_delta__rescue_guard8__block_refine2,12,42,112000,1,50840,1,0,0,0,0,41,0.023809523809523808,0.4539285714285714,0.020833333333333332,0.9271160714285714,0.9269130718954249,0.004916147580258745,10.5,86250.0,0.0,0.9716503250200831,42,0.023809523809523808,2.629047619047619,4.96
673,random,short_dwell,analog_delta__rescue_periodic__block_refine2,12,42,112000,2,49600,2,0,0,0,0,40,0.047619047619047616,0.44285714285714284,0.041666666666666664,0.9270982142857143,0.9269018633184268,0.005087863863710404,18.666666666666668,85416.66666666667,0.0,0.9716503250200831,42,0.047619047619047616,2.629047619047619,4.96
673,random,short_dwell,raw__raw__block_refine2,12,42,112000,16,32240,16,0,0,0,0,26,0.38095238095238093,0.28785714285714287,0.3819444444444444,0.9382767857142857,0.9369009717922258,0.061723214285714284,0.0,0.0,0.4166666666666667,0.8992883459424084,42,0.38095238095238093,2.629047619047619,4.96
673,random,short_dwell,rule__rule__block_refine2,12,42,112000,2,49600,2,0,0,0,0,40,0.047619047619047616,0.44285714285714284,0.041666666666666664,0.9281785714285714,0.9279599042540992,0.005300928140847766,0.0,93333.33333333333,0.0,0.97173993075485,42,0.047619047619047616,2.629047619047619,4.96
673,random,short_dwell,spike__current_guard8__block_refine2,12,42,112000,4,47120,4,0,0,0,0,38,0.09523809523809523,0.4207142857142857,0.09027777777777778,0.9288660714285715,0.9285608215800941,0.014512385733908019,4.333333333333333,51666.666666666664,0.25,0.9332485385535385,42,0.09523809523809523,2.629047619047619,4.96
673,random,short_dwell,spike__current_periodic__block_refine2,12,42,112000,3,48360,3,0,0,0,0,39,0.07142857142857142,0.4317857142857143,0.0625,0.9284107142857143,0.9280602769177847,0.007900009541074325,18.666666666666668,53750.0,0.08333333333333333,0.9590366162864337,42,0.07142857142857142,2.629047619047619,4.96
673,random,short_dwell,spike__lag_guard8__block_refine2,12,42,112000,5,45880,5,0,0,0,0,37,0.11904761904761904,0.40964285714285714,0.11805555555555554,0.9329375,0.9325719355578489,0.016259320629660314,4.166666666666667,54583.333333333336,0.25,0.9372012119637491,42,0.11904761904761904,2.629047619047619,4.96
673,random,short_dwell,spike__lag_periodic__block_refine2,12,42,112000,5,45880,5,0,0,0,0,37,0.11904761904761904,0.40964285714285714,0.1111111111111111,0.9286696428571428,0.9282224314872148,0.011753192459714198,18.666666666666668,53750.0,0.25,0.9472764791932761,42,0.11904761904761904,2.629047619047619,4.96
673,random,short_dwell,spike__refresh_guard8__block_refine2,12,42,112000,3,48360,3,0,0,0,0,39,0.07142857142857142,0.4317857142857143,0.0625,0.9296428571428571,0.9292345659901389,0.008173141039074855,10.583333333333334,53750.0,0.08333333333333333,0.9590366162864337,42,0.07142857142857142,2.629047619047619,4.96
673,random,short_dwell,spike__rescue_guard8__block_refine2,12,42,112000,1,50840,1,0,0,0,0,41,0.023809523809523808,0.4539285714285714,0.020833333333333332,0.9269821428571429,0.9267336859305125,0.006507052496602936,10.583333333333334,84583.33333333333,0.0,0.9716503250200831,42,0.023809523809523808,2.629047619047619,4.96
673,random,short_dwell,spike__rescue_periodic__block_refine2,12,42,112000,2,49600,2,0,0,0,0,40,0.047619047619047616,0.44285714285714284,0.041666666666666664,0.9261517857142857,0.9259735007453274,0.006255867869939261,18.666666666666668,84583.33333333333,0.0,0.9716503250200831,42,0.047619047619047616,2.629047619047619,4.96
673,random,strong_pulse,analog_delta__current_guard8__block_refine2,12,92,218000,7,105400,6,1,1,0,4,85,0.07608695652173914,0.4834862385321101,0.07208994708994708,0.9315550458715597,0.9317688399291338,0.001970709652054256,6.166666666666667,127916.66666666667,0.0,0.9739804250836984,60,0.06666666666666667,2.262934782608696,4.859999999999999
673,random,strong_pulse,analog_delta__current_periodic__block_refine2,12,92,218000,6,106640,5,1,1,0,4,86,0.06521739130434782,0.4891743119266055,0.06283068783068783,0.9315550458715597,0.9317516405707581,0.0011067170345885964,36.333333333333336,116250.0,0.0,0.9754016532708883,60,0.05,2.262934782608696,4.859999999999999
673,random,strong_pulse,analog_delta__lag_guard8__block_refine2,12,92,218000,10,101680,10,0,0,0,5,82,0.10869565217391304,0.46642201834862385,0.10482804232804233,0.9327706422018348,0.932911229021523,0.0031765951605945333,6.083333333333333,129166.66666666667,0.0,0.9880416385777527,60,0.11666666666666667,2.262934782608696,4.859999999999999
673,random,strong_pulse,analog_delta__lag_periodic__block_refine2,12,92,218000,9,102920,8,1,1,0,4,83,0.09782608695652174,0.47211009174311924,0.09441137566137565,0.933302752293578,0.9334225478225479,0.0027643806610986943,36.333333333333336,116250.0,0.0,0.9880416385777527,60,0.1,2.262934782608696,4.859999999999999
673,random,strong_pulse,analog_delta__refresh_guard8__block_refine2,12,92,218000,6,106640,5,1,1,0,4,86,0.06521739130434782,0.4891743119266055,0.06283068783068783,0.9317018348623853,0.9319021978021977,0.0011065428650116065,14.0,116250.0,0.0,0.9754016532708883,60,0.05,2.262934782608696,4.859999999999999
673,random,strong_pulse,analog_delta__rescue_guard8__block_refine2,12,92,218000,9,102920,9,0,0,0,4,83,0.09782608695652174,0.47211009174311924,0.09556878306878307,0.931697247706422,0.931954937872585,0.0030726037617308673,14.0,140833.33333333334,0.0,0.9753957850002855,60,0.1,2.262934782608696,4.859999999999999
673,random,strong_pulse,analog_delta__rescue_periodic__block_refine2,12,92,218000,9,102920,8,1,1,0,4,83,0.09782608695652174,0.47211009174311924,0.09556878306878307,0.9316330275229358,0.9318928146472264,0.0031021754496191,36.333333333333336,140833.33333333334,0.0,0.9753957850002855,60,0.1,2.262934782608696,4.859999999999999
673,random,strong_pulse,raw__raw__block_refine2,12,92,218000,29,78120,29,0,0,0,0,63,0.31521739130434784,0.35834862385321103,0.31117724867724866,0.9583165137614679,0.9587246396849339,0.04168348623853211,0.0,0.0,0.0,0.9498805920115106,60,0.4,2.262934782608696,4.859999999999999
673,random,strong_pulse,rule__rule__block_refine2,12,92,218000,10,101680,9,1,1,0,2,82,0.10869565217391304,0.46642201834862385,0.10482804232804233,0.9330183486238532,0.9334245618760324,0.0061857483485126845,0.0,181666.66666666666,0.0,0.9751670828847908,60,0.11666666666666667,2.262934782608696,4.859999999999999
673,random,strong_pulse,spike__current_guard8__block_refine2,12,92,218000,11,100440,11,0,0,0,5,81,0.11956521739130435,0.46073394495412845,0.11408730158730158,0.9291009174311926,0.9292971659604014,0.0059678052610914805,6.5,108333.33333333333,0.0,0.964892769265249,60,0.13333333333333333,2.262934782608696,4.859999999999999
673,random,strong_pulse,spike__current_periodic__block_refine2,12,92,218000,8,104160,7,1,1,0,4,84,0.08695652173913043,0.4777981651376147,0.08366402116402116,0.930256880733945,0.9303976693241401,0.0019488956258120397,36.333333333333336,114166.66666666667,0.0,0.9705016532708884,60,0.08333333333333333,2.262934782608696,4.859999999999999
673,random,strong_pulse,spike__lag_guard8__block_refine2,12,92,218000,12,99200,12,0,0,0,4,80,0.13043478260869565,0.45504587155963305,0.12450396825396826,0.9313532110091743,0.9315741135770547,0.008153235891824293,6.25,108750.0,0.0,0.966988389080286,60,0.15,2.262934782608696,4.859999999999999
673,random,strong_pulse,spike__lag_periodic__block_refine2,12,92,218000,10,101680,9,1,1,0,4,82,0.10869565217391304,0.46642201834862385,0.10482804232804233,0.9322293577981652,0.9323398656898657,0.0037159777237430387,36.333333333333336,114166.66666666667,0.0,0.9820083052444194,60,0.11666666666666667,2.262934782608696,4.859999999999999
673,random,strong_pulse,spike__refresh_guard8__block_refine2,12,92,218000,8,104160,8,0,0,0,5,84,0.08695652173913043,0.4777981651376147,0.08366402116402116,0.9301743119266055,0.9303182024946731,0.0019588927826121195,14.333333333333334,115416.66666666667,0.0,0.9710568192362928,60,0.08333333333333333,2.262934782608696,4.859999999999999
673,random,strong_pulse,spike__rescue_guard8__block_refine2,12,92,218000,9,102920,9,0,0,0,4,83,0.09782608695652174,0.47211009174311924,0.09556878306878307,0.9309587155963303,0.9311740884387943,0.003158277338991709,14.333333333333334,141250.0,0.0,0.9759509509656898,60,0.1,2.262934782608696,4.859999999999999
673,random,strong_pulse,spike__rescue_periodic__block_refine2,12,92,218000,9,102920,9,0,0,0,4,83,0.09782608695652174,0.47211009174311924,0.09556878306878307,0.930954128440367,0.9311609932006992,0.003163189123344729,36.333333333333336,140000.0,0.0,0.9753957850002855,60,0.1,2.262934782608696,4.859999999999999
